EJERCICIO,NRO_ADJUDIC,NRO_COTI,DELEG_SOLIC,NRO_SOLIC,COD_PROV,FECH_ADJUD,TIPO_DOC_APROB,NRO_DOC_APROB,ANIO_DOC_APROB,ESTADO,FECH_ANUL,MOTIVO_ANUL,FECH_ENTREGA,OBSERVACIONES,COND_PAGO,DESC_COND_PAGO,NRO_LLAMADO,CERRADA
2026,581,584,1,614,685,2026-02-05 00:00:00,PRESU,0,2026,A,2026-02-11 00:00:00,ADMINI,,"PRESUPUESTO DEL 4/02/2026, DRAGOJEVIC SIMON",000000,,1,N
2026,561,564,1,606,1514,2026-02-04 00:00:00,SUM,564,2026,O,,,,PROV. CASA ELICEIRY GASOIL PARA MAQUINAS DE PREDIOS DISPOSICION FINAL DE RESIDUOS RUTA 11 KM 405.5,000115,,1,N
2026,562,565,1,605,1514,2026-02-04 00:00:00,SUM,563,2026,O,,,,PROV. CASA ELICEIRY GAS OIL PARA FLOTA VEHICULAR DE ESTA SECRETARIA,000115,,1,N
2026,563,567,1,590,1876,2026-02-04 00:00:00,SUM,542,2026,O,,,,MAX CONTINENTAL- PRESUPUESTO N° 0001-00158849/158994/159040,000120,,1,N
2026,569,569,1,587,3184,2026-02-04 00:00:00,SUM,534,2026,O,,,,DROGUERIA PERDOMIINICI- PRESUPUESTO N° 27/01/2026,000115,,1,N
2026,738,740,1,776,1514,2026-02-19 00:00:00,SUM,747,2026,O,,,,PROV.CASA ELICEIRY GAS OIL PARA MAQUINAS DE PREDIO DE DISPOSICION FINAL DE RESIDUOS RUTA 11 KM 405.5,000115,,1,N
2026,639,641,1,696,2674,2026-02-13 00:00:00,SUM,719,2026,O,,,,Expte 129/26 Edición de Rally pagos del Tuyo 2026.Sodor Pablo,000029,,1,N
2026,640,642,1,674,3177,2026-02-13 00:00:00,SUM,643,2026,A,2026-02-26 00:00:00,ADMINI,,GUSTAVO ADOLFO FARIAS,000010,,1,N
2026,675,677,1,745,688,2026-02-18 00:00:00,PRESU,6978,2026,O,,,,PRESUPUESTO N° 6978 - PRESUPUESTO N° 6987- BATERIAS LA PRIMERA - ACEITE QUEMADO PARA PINTAR QUEBRACHOS DEL PARQUE ANCHORENA,000000,,1,N
2026,678,680,1,746,2330,2026-02-18 00:00:00,PRESU,0,2026,O,,,,PROV. COMBUSTIBLE DEL SALADO- SEC PRODUCCION- PREVISION,000000,,1,N
2026,681,682,1,747,300,2026-02-18 00:00:00,PRESU,5928,2026,O,,,,Presupuesto N 5938 Pintureria Todo Color presupuesto N 5928 - MANTENIMIENTO GRAL DEL AREA DE DEPORTES,000000,,1,N
2026,682,684,1,723,2410,2026-02-18 00:00:00,PRESU,1183,2026,O,,,,LEANDRO RUBEN BOGADO - PRESUPUESTO N° 1-1183  VEHICULO REANULT KANGOO DOMINIO AB437WY,000000,,1,N
2026,684,686,1,728,1259,2026-02-18 00:00:00,PRESU,30100,2026,O,,,,"ELECTRO DANNUNZIO - PRESUPUESTO N° 30100 (COCINA, INTERNACION HOSPITAL)",000000,,1,N
2026,686,688,1,748,163,2026-02-18 00:00:00,PRESU,7028,2026,O,,,,PROV.ALFIO DISTEFANO PRESP.079-7028 REPARACION DE TOPADORA LUILONG EUF96,000000,,1,N
2026,689,691,1,749,879,2026-02-18 00:00:00,PRESU,1024,2026,O,,,,PROV. CASA HARISGARAT PRESUP.1024 PARA OFICINA DE DEFENASA CIVIL,000000,,1,N
2026,692,694,1,750,879,2026-02-18 00:00:00,PRESU,1040,2026,O,,,,"PROV. TATANO HARISGARAT SRL- SEC PRODUCCION- SALA DE ELABORACION,PRESUPUESTO 1040/1045",000000,,1,N
2026,696,698,1,751,3075,2026-02-18 00:00:00,PRESU,71,2026,O,,,,PRESUPUESTO 71 CORREA JUAN MARTIN,000000,,1,N
2026,698,700,1,752,2627,2026-02-18 00:00:00,PRESU,2177,2026,O,,,,PRESUPUESTO 2177 PENACCA SRL SEMANA DEL 01/02/26 AL 08/02/2026,000000,,1,N
2026,700,702,1,758,2110,2026-02-18 00:00:00,PRESU,537,2026,O,,,,"Fumega Eduardo,presuesto 537",000000,,1,N
2026,701,703,1,753,2627,2026-02-18 00:00:00,PRESU,2176,2026,O,,,,PRESUPUESTO 2176 PENACCA SRL SEMANA DEL 01/02/26 AL 08/02/2026,000000,,1,N
2026,702,704,1,754,1259,2026-02-18 00:00:00,PRESU,30129,2026,O,,,,"Suc. D´annunzio Jorge Neldo,presupuesto 00030129",000000,,1,N
2026,704,706,1,755,879,2026-02-18 00:00:00,PRESU,1028,2026,O,,,,"PRESUPUESTO N° X 0001-00001028 / 1035 / 1039 / de Tatano Harisgarat S.R.L. de ""CASA HARISGARAT"" Para arreglo en baño y tanque de agua",000000,,1,N
2026,722,724,1,760,3003,2026-02-18 00:00:00,SUM,742,2026,O,,,,EXPEDIENTE 463/26 SOLICITUD CONTRATO HEALTCHARE SOLUTIONS del 01/01/26 al 30/06/2026,000115,,1,N
2026,725,727,1,761,2209,2026-02-19 00:00:00,SUM,717,2026,O,,,,CORRESPONDE PRESUPUESTO N° 0001-00000846 - C.A.S.E.R,000115,,1,N
2026,727,729,1,762,1578,2026-02-19 00:00:00,SUM,716,2026,O,,,,Corresponde presupuesto N° 0001-00000390 FERRARO LILIANA N.,000115,,1,N
2026,729,731,1,763,2110,2026-02-19 00:00:00,SUM,713,2026,O,,,,"PROV.EDUARDO FUMEGA PRESUP.0539,0538 TRABAJOS DE PLOMERIA PARA VIVERO MUNICIPAL Y BAÑOS TERMINAL",000115,,1,N
2026,732,734,1,764,212,2026-02-19 00:00:00,SUM,732,2026,O,,,,PROV.JOSE ANGEL FERNADEZ PRESUP.0073 REPARACION DE RADIADOR  MINICARDORA MUSTANG BMV14,000115,,1,N
2026,734,736,1,765,2790,2026-02-19 00:00:00,SUM,736,2026,O,,,,PROV.I DE ARTE ARTISTICA PRESP.03/02/2026 CARTEL DE INGRESO EN PELLEGRINI,000115,,1,N
2026,736,738,1,766,1810,2026-02-19 00:00:00,SUM,733,2026,O,,,,"PRESUPUESTO 377, CATALDO ADOLFO",000115,,1,N
2026,737,739,1,767,441,2026-02-19 00:00:00,SUM,648,2025,O,,,,ALPA - PRESUPUESTO N° 2-3867 (COCINA - HOGAR HOSPITAL),000115,,1,N
2026,739,741,1,777,1514,2026-02-19 00:00:00,SUM,746,2026,O,,,,PROV. CASA ELICEIRY GASOIL PARA MAQUINAS Y VEHICULOS DE ESTA SECRETARIA,000115,,1,N
2026,740,742,1,791,3557,2026-02-20 00:00:00,SUM,730,2026,O,,,,Daniel Goñi. Alojamiento Rally. Decreto 78/26,000115,,1,N
2026,741,743,1,802,441,2026-02-20 00:00:00,SUM,735,2026,O,,,,PRESUPUESTO N° 3876 - N° 3877 PAPELERA ALPA MADARIAGA - MATERIALES A UTILIZAR DURANTE EL AÑO EN PROGRAMA NUESTROS ABUELOS,000115,,1,N
2026,742,745,1,785,169,2026-02-20 00:00:00,SUM,741,2026,O,,,,"PRESUPUESTO N° 001025 de Terranova, Lucas Hernán de ""TERRANOVAQUÍMICA"" Parra lavar toallas, repasadores, etc. en La Casita de Chocolate",000115,,1,N
2026,743,744,1,799,2209,2026-02-20 00:00:00,SUM,711,2026,O,,,,DURANTE JAVIER - PRESUPUESTO N° 1-850 (COCINA HOSPITAL),000115,,1,N
2026,744,746,1,796,2593,2026-02-20 00:00:00,SUM,744,2026,O,,,,"PRESUPUESTO 9748501, BALLETTO JUAN",000115,,1,N
2026,745,747,1,781,3169,2026-02-20 00:00:00,SUM,720,2026,O,,,,Marta Cristina Zaupa - Alquiler alojamiento Rally. DECRETO 78/26,000115,,1,N
2026,746,748,1,793,186,2026-02-20 00:00:00,SUM,727,2026,O,,,,Marcelo Pasini - Hotel London. Alojamiento Rally. decreto 78/26,000115,,1,N
2026,747,749,1,790,3331,2026-02-20 00:00:00,SUM,731,2026,O,,,,Liliana Señorans - Parroquinos departamentos. Alojamiento rally. Decreto 78/26,000115,,1,N
2026,748,750,1,787,572,2026-02-20 00:00:00,SUM,722,2026,O,,,,Leonardo Soraire - Alojamiento para rally. Decreto 78/26,000115,,1,N
2026,753,755,1,788,2846,2026-02-23 00:00:00,PRESU,0,2026,O,,,,Cueli Miguel. Alojamiento Rally. DECRETO 78/26.,000000,,1,N
2026,754,756,1,794,186,2026-02-23 00:00:00,PRESU,0,2026,O,,,,Marcelo Pasini - Hotel London. Alojamiento Rally. Decreto 78/26,000000,,1,N
2026,931,936,1,1013,1066,2026-03-09 00:00:00,SUM,641,2026,O,,,,Expte.:363/26 Sol. Compra de 450 toneladas de estabilizado,000029,,1,N
2026,849,851,1,893,3296,2026-03-03 00:00:00,SUM,875,2026,O,,,,PINTURERIA CONCEPTO,000115,,1,N
2026,851,853,1,894,866,2026-03-03 00:00:00,SUM,881,2026,O,,,,PILOÑA- PRESUPUESTO N° 1646764,000115,,1,N
2026,852,854,1,896,2408,2026-03-03 00:00:00,SUM,878,2026,O,,,,EL CENTRO DEL KINESIOLOGO- PRESUPUESTO S/N° 26/02/26,000115,,1,N
2026,853,855,1,897,57,2026-03-03 00:00:00,SUM,877,2026,O,,,,EL ARGENTINO- PRESUPUESTO N° 556,000115,,1,N
2026,805,807,1,873,3454,2026-02-26 00:00:00,SUM,843,2026,O,,,,Expte N° 441/2026 Contrato: Muscia Caldarella Gian Franco - Operador Social Servicio Local. No cumple con el Art. 45 de la Ley 14.656,000115,,1,N
2026,779,781,1,819,3287,2026-02-25 00:00:00,PRESU,1863,2026,O,,,,PRESUPUESTO N° 1863 - HISPANOGRAF - RALLY PAGOS DEL TUYU,000000,,1,N
2026,780,782,1,820,3180,2026-02-25 00:00:00,PRESU,0,2026,O,,,,CARLA MARTINEZ  PROGRAMACION INCAA,000000,,1,N
2026,781,783,1,821,163,2026-02-25 00:00:00,PRESU,7045,2026,O,,,,Alfio Distefano.Tractor Pauny presupuesto N° 079-7045.,000000,,1,N
2026,782,784,1,822,163,2026-02-25 00:00:00,PRESU,0,2026,O,,,,"Alfio Distefano Tractor Pauny,presupuesto 079-7046",000000,,1,N
2026,783,785,1,824,413,2026-02-25 00:00:00,PRESU,4051,2026,O,,,,NEUMATICOS PASO - PRESUPUESTO N° 1-4051/823  VEHICULO DOMINIO AF545GL,000000,,1,N
2026,789,791,1,830,2548,2026-02-25 00:00:00,PRESU,0,2026,O,,,,"PRESUPUESTO de Speziale, Ana María de "" CASA SAINZ"" Sr. Molina, José Arturo DNI: 4.923.674 fallecido el 31/12/2025",000000,,1,N
2026,791,793,1,833,1608,2026-02-25 00:00:00,PRESU,0,2026,O,,,,PROV.HOTEL SAN CARLOS - PRES. N°25/02/2026- SEC. PRODUCCION,000000,,1,N
2026,792,794,1,835,3398,2026-02-25 00:00:00,PRESU,414,2026,O,,,,PROV.CHAYE HNOS PRESUP.0414 REPUESTO PARA TRACTOR JONH DEERE BNA17,000000,,1,N
2026,793,795,1,836,2869,2026-02-25 00:00:00,PRESU,979,2026,O,,,,PRESUPUESTO 979 MADA POY,000000,,1,N
2026,794,796,1,837,1603,2026-02-25 00:00:00,PRESU,1342395,2026,O,,,,PANADERIA ALEM - PRESUPUESTO N° 1342395 (HOGAR Y HOSPITAL),000000,,1,N
2026,795,797,1,838,2869,2026-02-25 00:00:00,PRESU,981,2026,A,2026-02-26 00:00:00,ADMINI,,PRESUPUESTO 981 MADA POY,000000,,1,N
2026,798,800,1,844,822,2026-02-26 00:00:00,PRESU,20166,2026,O,,,,PROV.ESCANDINAVIA DEL PLATA PRESUP.20166 REPUESTO PARA CARGADORA SDLG 936 CII58,000000,,1,N
2026,800,802,1,853,21352,2026-02-26 00:00:00,PRESU,0,2026,O,,,," PRESUPUESTO 000, VILLALIBRE JOSE",000000,,1,N
2026,801,803,1,855,2869,2026-02-26 00:00:00,PRESU,981,2026,O,,,,PRESUPUESTO 981 MADA POY,000000,,1,N
2026,803,805,1,871,879,2026-02-26 00:00:00,PRESU,46079,2026,O,,,,PRESUPUESTO 0002-46079 CASA HARISGARAT - RALLY,000000,,1,N
2026,804,806,1,872,3177,2026-02-26 00:00:00,PRESU,0,2026,O,,,,GUSTAVO ADOLFO FARIAS,000000,,1,N
2026,806,808,1,842,2299,2026-02-26 00:00:00,PRESU,0,2026,O,,,,PREVISION SIN N° - LAGOS - HIDRATACION EN EVENTOS DEPORTIVOS PRIMER SEMESTRE,000000,,1,N
2026,807,809,1,840,163,2026-02-26 00:00:00,PRESU,7052,2026,O,,,,PROV. ALFIO DISTEFANO PRESUP.079-7052 REPUSTOS PARA MOTONIVELADARA NEW HOLLAND CII59,000000,,1,N
2026,809,811,1,843,3287,2026-02-26 00:00:00,PRESU,1864,2026,O,,,,PRESUPUESTO N° 1864 - HISPANOGRAF - SEÑALETICA RALLY 2026,000000,,1,N
2026,811,813,1,846,3297,2026-02-26 00:00:00,PRESU,94,2026,O,,,,"Frenos Madariaga, presupuesto 094 (AE 704 AW-LBN 155- JCH 069)",000000,,1,N
2026,812,815,1,848,3322,2026-02-26 00:00:00,PRESU,2455,2026,O,,,,PINAMAR HIGIENE INSTITUCIONAL - PRESUPUESTO N° 16-2455,000000,,1,N
2026,814,816,1,849,3075,2026-02-26 00:00:00,PRESU,73,2026,O,,,,JUAN MARTIN CORREA LORENTE - PRESUPUESTO N° 1-73,000000,,1,N
2026,815,817,1,850,1078,2026-02-26 00:00:00,PRESU,0,2026,O,,,,OPAZO DANIEL- PRESUPUESTO N° 20/02/2026 ( LABORATORIO- PLANTA DE OXIGENO- INTERNACION),000000,,1,N
2026,816,819,1,858,612,2026-02-26 00:00:00,PRESU,783,2026,O,,,,PRESUPUESTO JOSE MARZULLO SECRETARIA INTERNACION,000000,,1,N
2026,821,823,1,862,160,2026-02-26 00:00:00,PRESU,1169,2026,O,,,,AGROVETERINARIA MARZULLO- PRESUPUESTO N° 1169/1170,000000,,1,N
2026,822,824,1,868,171,2026-02-26 00:00:00,PRESU,20013,2026,O,,,,PRESUPUESTO N° 20013 - ELECTRICIDAD EL GALLEGO -  REPARACION ELECTRICIDAD EN PROGRAMA NUESTROS ABUELOS,000000,,1,N
2026,825,827,1,864,1876,2026-02-26 00:00:00,PRESU,768,2026,O,,,,MAX CONTINENTAL- PRESUPUESTO N° 20/02/26,000000,,1,N
2026,836,838,1,884,3529,2026-02-27 00:00:00,EXPED,129,2026,O,,,,"PRESUPUESTO, TISERA BRAIAN, EXPTE.129/26",000000,,1,N
2026,984,989,1,1019,300,2026-03-11 00:00:00,SUM,989,2026,A,2026-03-11 00:00:00,ERROR,,PRESUPUESTO N° 5950 - FERRETERIA TODO COLOR - MATERIALES PARA REACONDICIONAMIENTO ESPACIO PROGRAMA NUESTROS ABUELOS,000115,,1,N
2026,985,990,1,1020,300,2026-03-11 00:00:00,SUM,983,2026,O,,,,PRESUPUESTO N° 7206 - FERRETERIA TODO COLOR -MATERIALES PARA MEJORAS ANTE EVENTOS DEPORTIVOS,000115,,1,N
2026,986,991,1,1021,3332,2026-03-11 00:00:00,SUM,962,2026,O,,,,PROV. ANA PAOLA RODRIGUEZ PRESUP.0192 REPUSTOS PARA MUSTANG BMV14,000115,,1,N
2026,987,992,1,1022,300,2026-03-11 00:00:00,SUM,963,2026,O,,,,PROV. SILVIA MAISTEGUI PRESUP.5948 ARTICULSO DE FERRETERIA PARA USO EN CORRALON Y PINTURA DE CORDON ILLIA Y PELEGRINI Y BS.AS Y PELEGRINI,000115,,1,N
2026,988,993,1,1023,300,2026-03-11 00:00:00,SUM,964,2026,O,,,,PROV.SILVIA MAISTEGUI PRESUP.5943 PARA   PINTURA DE CORDONES Y PREPARATIVOS PARA EL RALLY,000115,,1,N
2026,989,994,1,1024,300,2026-03-11 00:00:00,SUM,966,2026,O,,,,PROV.SILVA MAISTEGUI  PRESUP.7204 PARA ARREGLOS  DE DEFENSA CIVIL,000115,,1,N
2026,990,995,1,1025,68,2026-03-11 00:00:00,SUM,973,2026,O,,,,PROV.ATMOSFERICO LA PRIMERA PRESUP.0246 DESTAPE DE CAÑERIA Y REGISTRO EN CORRALON MUNICIPAL,000115,,1,N
2026,992,997,1,1026,285,2026-03-11 00:00:00,SUM,969,2026,O,,,,RADIOGRAFICAOESTE - PRESUPUESTO N° 100053327,000115,,1,N
2026,884,888,1,971,120,2026-03-06 00:00:00,SUM,922,2026,O,,,, PROV. BARRAL LUIS FRANCISCO - PRESUP. N° 02/03/2026 - SEC PRODUCCION- FOTON AF591SL,000010,,1,N
2026,775,777,1,815,1962,2026-02-24 00:00:00,SUM,806,2026,O,,,,Escobar Juan Carlos,000115,,1,N
2026,776,778,1,816,1514,2026-02-24 00:00:00,SUM,774,2026,O,,,,PROV. CASA ELICEIRY PRESUP.23/02/2026 ACEITES Y LUBRICANTES PARA FLOTA VEHICULAR DE ESTA SECRETARIA,000115,,1,N
2026,777,779,1,823,2525,2026-02-24 00:00:00,SUM,811,2026,O,,,,Asociacion de Bomberos Voluntarios.Expte129-2026,000115,,1,N
2026,784,786,1,817,2869,2026-02-25 00:00:00,SUM,781,2026,O,,,,"PRESUPUESTO N° X 0001-00000980 de ""MADA POY S.A."" Taller de cocina",000115,,1,N
2026,785,787,1,818,68,2026-02-25 00:00:00,SUM,743,2026,O,,,,"PRESUPUESTO N° X 7390245  de Peyrano, Sergio de ""ATMÓSFERICO LA PRIMERA""",000115,,1,N
2026,786,788,1,826,2869,2026-02-25 00:00:00,SUM,791,2026,O,,,,MADA POY - PRESUPUESTO N° 1-966 SEMANA DEL 23/01/26 AL 30/01/2026,000115,,1,N
2026,787,789,1,827,2869,2026-02-25 00:00:00,SUM,792,2026,O,,,,MADA POY - PRESUPUESTO N° 1-978 SEMANA DEL 02/02/26 AL 09/02/26,000115,,1,N
2026,788,790,1,828,2869,2026-02-25 00:00:00,SUM,790,2026,O,,,,MADA POY - PRESUPUESTO 1-965 SEMANA DEL 16/01/26 AL 22/01/26,000115,,1,N
2026,1060,969,1,1027,3511,2026-03-17 00:00:00,ORDCO,816,2026,O,,,,PRESUPUESTO ESPINOSA MARIA SILVIA  SERVICIO AUTOMOTOR AMBULANCIA DOMINIO PAA 334,000115,,1,N
2026,921,926,1,987,3322,2026-03-09 00:00:00,SUM,929,2026,O,,,,PINAMAR HIGIENE INSTITUCIONAL SRL- PRESUPUESTO N° 0016-00002427/2428/2496/2511/2512 (COCINA-LAVADERO- OFFICE DE MUCAMAS),000115,,1,N
2026,924,929,1,978,171,2026-03-09 00:00:00,SUM,926,2026,O,,,,ELECTRICIDAD EL GALLEGO   PRESUP. N° 54883,000115,,1,N
2026,927,932,1,977,777,2026-03-09 00:00:00,SUM,930,2026,O,,,,"MP Repuestos, presupuestos 136-123-121-137 (oig911-jwg930-ae704aw)",000115,,1,N
2026,928,933,1,946,216,2026-03-09 00:00:00,SUM,859,2026,O,,,,FAE- PRESUPUESTO N° 3397710,000115,,1,N
2026,929,934,1,938,3322,2026-03-09 00:00:00,SUM,798,2026,O,,,,PINAMAR HIGIENE INSTITUCIONAL - PRESUPUESTO N° 16-2480,000115,,1,N
2026,930,935,1,940,3322,2026-03-09 00:00:00,SUM,800,2026,O,,,,PINAMAR HIGIENE INSTITUCIONAL - PRESUPUESTO N° 16-2497 (HOSPITAL),000115,,1,N
2026,932,937,1,941,866,2026-03-09 00:00:00,SUM,804,2026,O,,,,PILOÑA- PRESUPUESTO N° 5/02/2026,000115,,1,N
2026,933,938,1,943,169,2026-03-09 00:00:00,SUM,837,2026,O,,,,TERRANOVA QUIMICA - PRESUPUESTO N° 1032 (QUIROFANO HOSPITAL),000115,,1,N
2026,936,941,1,924,169,2026-03-09 00:00:00,SUM,914,2026,O,,,,PRESUPUESTO N° 1031 - TERRANOVA QUIMICA - ARTICULOS PARA TAREAS DE LIMPIEZA EN EL POLIDEPORTIVO,000115,,1,N
2026,938,943,1,926,2310,2026-03-09 00:00:00,SUM,904,2026,O,,,,PROV.CENTRO HIERRO PRESUP.7798 HIERRO PARA REPARACION DE CAMION AF987IJ,000115,,1,N
2026,830,832,1,869,3561,2026-02-26 00:00:00,SUM,787,2026,O,,,,PROV. MUNDO CARGO PRESUP.3147 REPUSTOS PARA FOTON AE969PX,000115,,1,N
2026,866,869,1,903,2869,2026-03-04 00:00:00,SUM,869,2026,O,,,,MADA POY S.A- PRESUPUESTO N° 0001-00000983 DESDE EL 24/02/26 AL 3/03/26,000115,,1,N
2026,868,871,1,899,167,2026-03-04 00:00:00,SUM,873,2026,O,,,,TODO POLLO - PRESUPUESTO N° 79 (SEMANA DEL 19/02/26 AL 26/02/26),000115,,1,N
2026,869,872,1,902,2869,2026-03-04 00:00:00,SUM,870,2026,O,,,, MADA POY - PRESUPUESTO N° 0001-00000985/986  SEMANA DEL 26/02/2026 AL 5/03/2026,000115,,1,N
2026,771,773,1,808,3287,2026-02-24 00:00:00,PRESU,1862,2026,O,,,,Avellaneda 7163 - Hispanograf.Triptico fiestas y eventos anuales. Presupuesto 1862,000000,,1,N
2026,772,774,1,809,441,2026-02-24 00:00:00,PRESU,3871,2026,O,,,,PROV.ALPÁ MADARIAGA PRESUP.3871 SELLO PARA CEMENTERIO,000000,,1,N
2026,773,775,1,810,2151,2026-02-24 00:00:00,PRESU,262,2026,O,,,,PROV. BARRACA MARIBEL PRESUP.0262  REPUESTO PARA MOTOGUADAÑA,000000,,1,N
2026,774,776,1,811,413,2026-02-24 00:00:00,PRESU,4043,2026,O,,,,Corresponde presupuesto N° 0001-00004043/000004038/00004029/00004021/00004018/00004015/00004046/00004049/00004053/00004045 PASO AGUSTIN,000000,,1,N
2026,778,780,1,825,2367,2026-02-24 00:00:00,EXPED,129,2026,O,,,,"PRESUPUESTO 000, FED REG DE AUT DEP MAR Y SIERRA",000000,,1,N
2026,1008,1013,1,1072,2259,2026-03-11 00:00:00,PRESU,0,2026,O,,,,PREVISION PARA DISTINTAS ACTIVIDADES DURANTE EL AÑO,000000,,1,N
2026,949,954,1,1002,1810,2026-03-10 00:00:00,PRESU,380,2026,O,,,,AC REFRIGERACION - CATALDO ADOLFO PRESUPUESTO N° 380 AIRE ACONDIONADO CONSULTORIO DE CLINICA,000000,,1,N
2026,950,955,1,1003,688,2026-03-10 00:00:00,PRESU,898,2026,O,,,,BATERIAS LA PRIMERA - PRESUPUESTO N° 7008 VEHICULOL FORD KA AE619QS,000000,,1,N
2026,954,959,1,1004,2450,2026-03-10 00:00:00,PRESU,0,2026,O,,,,"PRESUPUESTO de Labatut, Marcelo de ""LA FRUTERIA"" Febrero 2026",000000,,1,N
2026,970,975,1,1043,3364,2026-03-10 00:00:00,PRESU,0,2026,O,,,,MATIAS LIGARI    FINAL FOLKLORE EN LOS BARRIOS   EXPTE 224/26,000000,,1,N
2026,975,980,1,1039,3184,2026-03-10 00:00:00,PRESU,0,2026,O,,,,DROGUERIA PERDOMINICI- PRESUPUESTO N° 4/03/26,000000,,1,N
2026,977,982,1,1040,1578,2026-03-10 00:00:00,PRESU,394,2026,O,,,,PRESUPUESTO N° 0394 - COLOMBRARO - SILLAS PLASTICAS PARA SER UTILIZADAS EN DIFERENTES DISCIPLINAS DURANTE EL AÑO,000000,,1,N
2026,979,984,1,1015,167,2026-03-10 00:00:00,PRESU,80,2026,O,,,, TODO POLLO - PRESUPUESTO N° 80 ( SEMANA  DEL 26/02/26 AL  5/03/26),000000,,1,N
2026,980,985,1,1016,300,2026-03-10 00:00:00,PRESU,7201,2026,O,,,,PRESUPUESTO N° 7201 - FERRETERIA TODO COLOR - MATERIALES PARA REACONDICIONAMIENTO ESPACIO PROGRAMA ABUELOS,000000,,1,N
2026,981,986,1,1017,300,2026-03-10 00:00:00,PRESU,7202,2026,O,,,,PRESUPUESTO N° 7202 - FERRETERIA TODO COLOR - REACONDICIONAMIENTO PARA PROGRAMA ABUELOS,000000,,1,N
2026,982,987,1,1055,3529,2026-03-10 00:00:00,PRESU,0,2026,O,,,,PREUSPUESTO S/N TISERA SANITARIOS PORTATILES - ALQUILER BAÑOS CARRERA DE LA MUJER,000000,,1,N
2026,983,988,1,1056,2643,2026-03-10 00:00:00,PRESU,4,2026,O,,,,"PRESUPUESTO 0004,EMPRESA DE TRANSPORTE 12 DE OCTUBRE",000000,,1,N
2026,991,996,1,1048,300,2026-03-11 00:00:00,PRESU,5922,2026,O,,,,"PROV. SILVIA MAISTEGUI PRESUP.5922 PARA REPARAR TARIMAS,RAMPA DE RALLY,REPARACION EN VIVERO",000000,,1,N
2026,993,998,1,1049,2595,2026-03-11 00:00:00,PRESU,8131,2026,O,,,,PRESUPUESTO N° 8131 - IVANPER - REPUESTO PARA REPARACION ELECTRICA IVECO AB603TW,000000,,1,N
2026,994,999,1,1050,2209,2026-03-11 00:00:00,PRESU,852,2026,O,,,,DURANTE JAVIER- PRESUPUESTO N° 1-852 del 09/02/16 al 16/02/26,000000,,1,N
2026,996,1000,1,1051,2310,2026-03-11 00:00:00,PRESU,7802,2026,O,,,,PROV.CENTRO DE HIERRO PRESUP.11-7802- SEC PRODUCCION,000000,,1,N
2026,998,1003,1,1045,2369,2026-03-11 00:00:00,PRESU,216,2022,O,,,,"PROV.MERCEDES LA PLATA PRESUP.0216 REPUESTOS PARA XNE245,DMI232,LAN557,LED013",000000,,1,N
2026,999,1005,1,1046,2595,2026-03-11 00:00:00,PRESU,8086,2026,O,,,,"PROV. IVAN  PERICO PRESP. 8086 REPUESTOS PARA  DMI 232, FSL723, PJY978",000000,,1,N
2026,1000,1006,1,1047,2595,2026-03-11 00:00:00,PRESU,8270,2026,O,,,,PROV.IVAN PERICO PRESUP.8270 REPEUSTOS PARA LAN557 LED010,000000,,1,N
2026,1007,1012,1,1066,300,2026-03-11 00:00:00,SUM,986,2026,O,,,,PINTURERIA FERRETERIA TODO COLOR - PRESUPUESTO N° 5949  REPARACIONES EN DIFERENTES SECTORES DEL HOSPITAL,000115,,1,N
2026,1018,1024,1,1074,300,2026-03-12 00:00:00,PRESU,5950,2026,O,,,,PRESUPUESTO N° 5950 - FERRETERIA TODO COLOR - MATERIALES PARA REACONDICIONAMIENTO ESPACIO PROGRAMA NUESTROS ABUELOS,000000,,1,N
2026,1019,1025,1,1077,2675,2026-03-12 00:00:00,PRESU,687,2026,O,,,,"Repuestos LC, presupuesto 000687 (AF747PM- AE704AW)",000000,,1,N
2026,1020,1026,1,1076,2675,2026-03-12 00:00:00,PRESU,670,2026,O,,,,"Repuestos LC, presupuesto 000670 (taller del area)",000000,,1,N
2026,1021,1027,1,1080,169,2026-03-13 00:00:00,PRESU,1036,2026,O,,,,"PRESUPUESTO 1036, TERRANOVA LUCAS HERNAN",000000,,1,N
2026,1022,1028,1,1081,3075,2026-03-13 00:00:00,PRESU,83,2026,O,,,,"PRESUPUESTO 83, CORREA LORENTE JUAN MARTIN",000000,,1,N
2026,1023,1029,1,1102,3516,2026-03-13 00:00:00,EXPED,709,2026,O,,,,"Expte N° 709/2026 Renovación de contrato . Sr. Lopéz, Luis Miguel - Barbero - Programa Envión",000000,,1,N
2026,1024,1031,1,1103,3454,2026-03-13 00:00:00,EXPED,441,2026,O,,,,"Expte N° 441/2026 Renovación de contrato. Sr. Muscia Caldarella, Gian Franco - Operador Social Servicio Local -  No cumple con el Art. 45 de la Ley 14.656",000000,,1,N
2026,1028,1034,1,1082,17,2026-03-13 00:00:00,PRESU,64,2026,O,,,,PROV. LUIS LOMBARDIA PRESUP.0064 INSUMOS Y REPUESTOS PARA MAQUINAS CORTA PASTO MOTOGUADAÑA,000000,,1,N
2026,1030,1036,1,1083,17,2026-03-13 00:00:00,PRESU,66,2026,O,,,,PROV. LUIS LOMBARDIA PRESP.0066 REPUSTOS PARA MOTOGUADAÑAS Y MOTOSIERRA,000000,,1,N
2026,1031,1037,1,1085,604,2026-03-13 00:00:00,PRESU,1623,2026,O,,,,PROV.PROCAM ITURRARTE GUSTAVO PRESUP.1623 PARA FORD 14000 AWK675,000000,,1,N
2026,1033,1039,1,1109,2988,2026-03-13 00:00:00,PRESU,0,2026,O,,,,PRESUPUESTO S/N°   COTTINI MARTIN -  ORGANIZACION CARRERA DE LA MUJER,000000,,1,N
2026,1035,1041,1,1087,441,2026-03-13 00:00:00,PRESU,3888,2026,O,,,,PRESUPUESTO N° 03888 - ALPA MADARIAGA- MATERIAL A UTILIZAR EN LA CONFECCION DE JUEGOS PROGRAMA NUESTROS ABUELOS,000000,,1,N
2026,1036,1042,1,1090,1879,2026-03-13 00:00:00,PRESU,3033,2026,O,,,,"Rodamientos Tuyu, presupuesto 3033 ( OIG911-AE331IY-AB038FH)",000000,,1,N
2026,1037,1044,1,1091,1879,2026-03-13 00:00:00,PRESU,3037,2026,O,,,,"Rodamientos Tuyu, presupuesto 3037(AB038FH-NUF386-OIG911-AE331IY  )",000000,,1,N
2026,1039,1045,1,1092,300,2026-03-13 00:00:00,PRESU,5946,2026,O,,,,"Pintureria Todo Color, presupuesto 5946 ( matenimiento )",000000,,1,N
2026,1041,1047,1,996,1440,2026-03-16 00:00:00,PRESU,93,2026,O,,,,QUALIMED- PRESUPUESTO N° 93,000000,,1,N
2026,1042,1049,1,1095,866,2026-03-16 00:00:00,PRESU,0,2026,O,,,,PILOÑA- PRESUPUESTO N° 9/03/2026,000000,,1,N
2026,1043,1050,1,1096,2595,2026-03-16 00:00:00,PRESU,8105,2026,O,,,,Copia de 2026/1019 IVANPER REPUESTOS - PRESUPUESTO N° 8105 DOMINIO AG180HE - LAMAPRA AMBULANCIA DOMINIO AA775QWDOMINIO,000000,,1,N
2026,1045,1051,1,1093,3322,2026-03-16 00:00:00,PRESU,2514,2026,O,,,,PINAMAR HIGIENE INSTITUCIONAL - PRESUPUESTO N° 16-2514,000000,,1,N
2026,1046,1052,1,1097,2450,2026-03-16 00:00:00,PRESU,0,2026,O,,,,LA FRUTERIA - PRESUPUESTO S/N FECHA 26/2/26 HOSPITAL - HOGAR DE ANCIANOS,000000,,1,N
2026,1048,1054,1,1098,57,2026-03-16 00:00:00,PRESU,1012,2026,O,,,,IMPRENTA EL ARGENTINO - PRESUPUESTO N° 557 (INTERNACION CIRUGIA HOSPITAL),000000,,1,N
2026,1049,1055,1,1107,2595,2026-03-16 00:00:00,PRESU,8310,2026,O,,,,IVANPER REPUESTOS - PRESUPUESTO N°8310 VEHICULO DOMINIO AB437WY,000000,,1,N
2026,1051,1057,1,1116,1206,2026-03-16 00:00:00,PRESU,239915,2026,O,,,,"Grupo Nucleo, presupuesto 239915 (inspeccion)",000000,,1,N
2026,1052,1058,1,1108,3552,2026-03-16 00:00:00,PRESU,9308,2026,O,,,,MATAFUEGOS RUTA 11 - PRESUPUESTO N°9308  REVISION Y CARGAS MATAFUEGOS,000000,,1,N
2026,1056,1062,1,1114,688,2026-03-16 00:00:00,PRESU,7003,2026,O,,,,Corresponde presupuesto N° 0000007003- RAMOS E ISIDRO,000000,,1,N
2026,1057,1063,1,1115,2627,2026-03-16 00:00:00,PRESU,2190,2026,O,,,,SANTA PAULA- PRESUPUESTO N° 0001-00002190/2191 (DESDE 3/03 HASTA EL 10/03/26),000000,,1,N
2026,1058,1064,1,1118,3430,2026-03-16 00:00:00,PRESU,167212,2026,O,,,,PRESUPUESTO 167212 GLOBAL TONER PARA OFICINA FACTURACION - OFICINA ESTADISTICA - DIRECCION MEDICA - DIRECION ADMINISTRATIVA - INTERNACION - GUARDIA ADULTO - GUARDIA PEDIATRICA - OFICINA DE PERSONAL - CONSULTORIOS EXTERNOS - CAPS BELGRANO - CAPS SAN MARTIN  - CAPS NORTE - CAPS QUINTANILLA,000000,,1,N
2026,873,876,1,918,1468,2026-03-05 00:00:00,SUM,801,2026,O,,,,NOVAFARMA- PRESUPUESTO N° 23/02/2026,000115,,1,N
2026,874,877,1,913,3180,2026-03-05 00:00:00,SUM,890,2026,O,,,,CARLA MARTINEZ        PROGRAMACION INCAA,000115,,1,N
2026,875,878,1,895,517,2026-03-05 00:00:00,SUM,879,2026,O,,,,PRESUPUESTO 260226 LALOSECVICH  INSUMOS PARA INTERNACION - CAPS NORTE,000115,,1,N
2026,876,879,1,910,300,2026-03-05 00:00:00,SUM,752,2026,O,,,,Pintureria - ferreteria TODO COLOR - presupuesto 5506 - invernada,000115,,1,N
2026,877,880,1,901,2627,2026-03-05 00:00:00,SUM,871,2026,O,,,,SANTA PAULA- PRESUPUESTO N° 0001-00002184 (SEMANA DEL 26/02/26 AL 23/02/26),000115,,1,N
2026,878,881,1,911,688,2026-03-05 00:00:00,SUM,865,2026,O,,,,"PRESUPUESTO 7018, RAMOS-ISIDRO",000115,,1,N
2026,879,882,1,900,2627,2026-03-05 00:00:00,SUM,872,2026,O,,,,SANTA PAULA- PRESUPUESTO N° 0001-00002188 (SEMANA  DEL 23/02/26 AL 2/03/26),000115,,1,N
2026,880,883,1,967,3492,2026-03-05 00:00:00,SUM,919,2026,O,,,,"EXpte N° 632/2026 Contrato: Sra. Baigorria, Daniela Operadora Grupal -  Equipo Envión. No cumple con el Art. 45 de la Ley 14.656",000115,,1,N
2026,881,884,1,968,3218,2026-03-05 00:00:00,ORDCO,936,2026,A,2026-03-11 00:00:00,ADMINI,,"PRESUPUESTO 000, USS SERVICIO DE SEGURIDAD DIFERENCIA OC 574",000115,,1,N
2026,882,885,1,966,3540,2026-03-05 00:00:00,SUM,918,2026,O,,,,"Exp.:507/26 Sol. Reparacion de Cubierta de EP Nº17 ""9 de Julio de 1986"" del Paraje Medaland - Prov.:Baigorria Gonzalo Ezequiel (3540) - Presup.:Contrato",000115,,1,N
2026,799,801,1,854,3481,2026-02-26 00:00:00,SUM,840,2026,O,,,,"PRESUPUESTO 000, CASTRO PATRICIO DANIEL",000029,,1,N
2026,802,804,1,857,2216,2026-02-26 00:00:00,SUM,816,2026,A,2026-03-02 00:00:00,ADMINI,,PRESUPUESTO 30777 RAFAEL CIOFFI SERVICIO AUTOMOTOR AMBULANCIA DOMINIO PAA 334,000029,,1,N
2026,1029,1035,1,1079,68,2026-03-13 00:00:00,SUM,1010,2025,O,,,,"PRESUPUESTO N° X 7390248 de Peyrano, Sergio de ""ATMOSFERICO LA PRIMERA""",000115,,1,N
2026,1032,1038,1,1084,17,2026-03-13 00:00:00,SUM,1018,2026,O,,,,PROV.LUIS LOMBARDIA PRESP.0063 INSUMOS PARA MAQUINAS CORTA PASTO,000115,,1,N
2026,1034,1040,1,1086,17,2026-03-13 00:00:00,SUM,1030,2026,O,,,,PROV. LUIS LOMBARDIA PRESUP.0061 REPEUSTOS E ISUMOS PARA MAQUINAS CORTA PASTO,000115,,1,N
2026,1038,1043,1,1089,1879,2026-03-13 00:00:00,SUM,1034,2026,O,,,,"Rodamientos Tuyu, presupuesto 3044 ( AE704AW-LBN 155)",000115,,1,N
2026,1040,1046,1,1094,2261,2026-03-13 00:00:00,SUM,1024,2026,O,,,,MATAFUEGOS AVELLANEDA - PRESUPUESTO N° 1-7271 MATAFUEGOS NUEVOS POR VENCIMIENTO DE LOS  CILINDRO,000115,,1,N
2026,1044,1048,1,1104,167,2026-03-16 00:00:00,SUM,1013,2026,O,,,,TODO POLLO - PRESUPUESTO N° 83 SEMANA DEL 02/03/26 AL 08/03/2026,000115,,1,N
2026,1047,1053,1,1105,167,2026-03-16 00:00:00,SUM,1015,2026,O,,,,TODO POLLO - PRESUPUESTO N° 84 SEMANA DEL 02/03/2026 AL 09/03/2026,000115,,1,N
2026,1050,1056,1,1106,2595,2026-03-16 00:00:00,SUM,1016,2026,O,,,,IVANPER REPUESTOS - PRESUPUESTO N°8243  PARA AMBULANCIA DOMINIO PAA334 - PARA COMPRESOR DE PLANTA OXIGENO - PARA MINIBUS AF591SU,000115,,1,N
2026,1053,1059,1,1110,2595,2026-03-16 00:00:00,SUM,1057,2026,O,,,,"Ivanper, presupuesto 8087 ( kyv 375- ae704aw)",000115,,1,N
2026,1054,1060,1,1113,2595,2026-03-16 00:00:00,SUM,1056,2026,O,,,,Corresponde presupuesto N° 00008078 -00008242 IVAN PER,000115,,1,N
2026,1055,1061,1,1112,879,2026-03-16 00:00:00,SUM,1036,2026,O,,,,PRESUPUESTO N° 1072 - CASA HARISGARAT - ARENA PARA RELLENADO DE CANCHA DE TEJO PROGRAMA NUESTROS ABUELOS,000115,,1,N
2026,848,850,1,892,3534,2026-03-03 00:00:00,SUM,889,2026,O,,,," Corresponde Cto. Melisa Pinto Expte n° 329/2026, ADENDAS POR PARITARIAS DURANTE EL AÑO",000115,,1,N
2026,833,835,1,874,2708,2026-02-27 00:00:00,SUM,817,2026,O,,,,PRESUPUESTO 74562 INSTITUTO RADIOLOGICO S.R.L PACIENTE BIGORITO  MILAGROS CATALINA,000115,,1,N
2026,834,836,1,875,441,2026-02-27 00:00:00,SUM,807,2026,O,,,,ALPA- PRESUPUESTO N° 0002-00003869,000115,,1,N
2026,835,837,1,876,3220,2026-02-27 00:00:00,SUM,827,2026,O,,,,"Ricciuto, presupuesto 023 (AE331 IY)",000115,,1,N
2026,837,839,1,877,441,2026-02-27 00:00:00,SUM,821,2026,O,,,,"Papelera Alpa, presupuesto 3874 (inspeccion)",000115,,1,N
2026,838,840,1,878,3220,2026-02-27 00:00:00,SUM,822,2026,O,,,,"Ricciuto, presupuesto 0022 (AB038FH)",000115,,1,N
2026,839,841,1,879,2330,2026-02-27 00:00:00,SUM,820,2026,O,,,,PROV.COMBUSTIBLE DEL SALADO- SEC PRODUCCION- PREVISION,000115,,1,N
2026,840,842,1,880,360,2026-02-27 00:00:00,SUM,825,2026,O,,,,"PRESUPUESTO 046, LOMBERA CARLOS",000115,,1,N
2026,841,843,1,881,2209,2026-02-27 00:00:00,SUM,824,2026,O,,,,"Durante Javier ,presupuesto 0001-00000853",000115,,1,N
2026,899,903,1,944,3322,2026-03-09 00:00:00,SUM,835,2026,O,,,,PINAMAR HIGIENE INSTITUCIONAL - PRESUPUESTO N° 16-2479 (HOSPITAL),000115,,1,N
2026,901,905,1,945,850,2026-03-09 00:00:00,SUM,860,2026,O,,,,UNO ELECTROMEDICINA- PRESUPUESTO N° 00003-00015129 (LABORATORIO DE ANALISIS),000115,,1,N
2026,902,906,1,952,866,2026-03-09 00:00:00,SUM,718,2026,O,,,,PRESUPUESTO 13/02/26 ´PILOÑA,000115,,1,N
2026,904,909,1,951,2883,2026-03-09 00:00:00,SUM,848,2026,O,,,,INSUMOS GENERALES 3 F- PRESUPUESTO N° 25/02/2026,000115,,1,N
2026,905,910,1,953,441,2026-03-09 00:00:00,ORDCO,823,2026,O,,,,ALPA- PRESUPUESTO N° 0002-00003880/3881 (DIRECCION- LABORATORIO),000115,,1,N
2026,906,911,1,954,171,2026-03-09 00:00:00,SUM,828,2026,O,,,,ELECTRICIDAD EL GALLEGO- PRESUPUESTO N° 54899/54810,000115,,1,N
2026,907,912,1,957,160,2026-03-09 00:00:00,SUM,830,2026,O,,,,AGROVETERINARIA MARZULLO- PRESUPUESTO N° 0001-00001172/1173,000115,,1,N
2026,908,913,1,947,2869,2026-03-09 00:00:00,SUM,858,2026,O,,,,MADA POY S.A- PRESUPUESTO N° 0001-00000982 (DESDE EL 19/02/2026 AL 26/02/2026),000115,,1,N
2026,909,914,1,955,612,2026-03-09 00:00:00,SUM,829,2026,O,,,,MARZULLO COMPUTACION- PRESUPUESTO N° 001-00001296 (ENFERMERIA),000115,,1,N
2026,910,915,1,956,527,2026-03-09 00:00:00,SUM,826,2026,O,,,,SERVIMED- PRESUPUESTO N° 7269/26 R,000115,,1,N
2026,911,916,1,958,441,2026-03-09 00:00:00,SUM,854,2026,O,,,,"Matienzo Paola ,presupuesto 00003882",000115,,1,N
2026,913,918,1,959,717,2026-03-09 00:00:00,SUM,846,2026,O,,,,"PRESUPUESTO N° X  021422 de Marina Irene Pinilla de ""PROVEDURIA LA ILUSION"" Para la oficina del Equipo de Violencias",000115,,1,N
2026,914,919,1,982,1141,2026-03-09 00:00:00,SUM,921,2026,O,,,,PROV. RUBEN BASTONS PRESUP.0146 LONA PARA CAMION VW 17260 AF497IJ,000115,,1,N
2026,919,924,1,983,826,2026-03-09 00:00:00,SUM,912,2026,O,,,,PROV.DUENDE AZUL PRESUP.2644 COMISION A LA PLATA POR REPUESTOS,000115,,1,N
2026,923,928,1,985,2209,2026-03-09 00:00:00,SUM,896,2026,O,,,,DURANTE JAVIER- PRESUPUESTO N° 0001-0000847 ( DESDE EL 9/02/26 HASTA EL 9/03/26),000115,,1,N
2026,925,930,1,984,777,2026-03-09 00:00:00,SUM,911,2026,O,,,,"PROV. MP REPUESTOS PRESUP.131,0120 REPUESTOS PARA INI856,CAR748",000115,,1,N
2026,926,931,1,986,3287,2026-03-09 00:00:00,SUM,923,2026,O,,,, PROV. HISPANOGRAF- SEC PRODUCCION-TALLER TEXTIL,000115,,1,N
2026,941,946,1,998,3322,2026-03-10 00:00:00,SUM,903,2026,O,,,,PINAMAR HIGIENE INSTITUCIONAL - PRESUPUESTO N° 16-2500,000115,,1,N
2026,942,947,1,1006,1603,2026-03-10 00:00:00,SUM,942,2026,O,,,,"PRESUPUESTO N° X 6939051 de Garcia, Gladys de ""PANADERIA ALEM""",000115,,1,N
2026,943,948,1,1009,2330,2026-03-10 00:00:00,SUM,956,2026,O,,,,CORRESPONDE PREVISION COMBUSTIBLES DEL SALADO - SEC GOBIERNO,000115,,1,N
2026,944,950,1,1008,1206,2026-03-10 00:00:00,SUM,955,2026,O,,,,Presupuesto N°1-459157 nUCLEO MDP GRUPO NUCLEO-para Area de Prestaciones,000115,,1,N
2026,946,951,1,991,2770,2026-03-10 00:00:00,SUM,938,2026,O,,,,"PRESUPUESTO de ""FERNANDO, MARTIN"" Para computadora de la oficina de género",000115,,1,N
2026,948,953,1,1010,688,2026-03-10 00:00:00,SUM,934,2026,O,,,,"Baterias La Primera, presupuesto 7001-7020-7000 ( jch069,lbn155,ae331iy)",000115,,1,N
2026,951,956,1,989,216,2026-03-10 00:00:00,SUM,953,2026,O,,,,"PROV. F.A.E.  PRESUP.1549,7711 BOLSA DE RESIDUOS PARA VIVERO MUNICIPAL Y MEDIO AMBIENTE",000115,,1,N
2026,953,957,1,988,1259,2026-03-10 00:00:00,SUM,939,2026,O,,,,"PRESUPUESTOS N° 00030270/30304 de Sucesión de D annunzio Jorge Neldo de ""ELECTRO D ANNUNZIO"" Para la oficina de Desarrollo Social (afuera)",000115,,1,N
2026,962,967,1,1014,2001,2026-03-10 00:00:00,SUM,970,2026,O,,,,FARMACIA TONANI- PRESUPUESTO S/N° MEDICAMENTOS DISPENSADOS DESDE EL 3/12/25 AL 21/02/26,000115,,1,N
2026,963,968,1,1041,2310,2026-03-10 00:00:00,SUM,880,2026,O,,,,CENTRO HIERRO- PRESUPUESTO N° 11-7791,000115,,1,N
2026,964,969,1,1027,2216,2026-03-10 00:00:00,ORDCO,816,2026,A,2026-03-17 00:00:00,ERROR,,PRESUPUESTO 30777 RAFAEL CIOFFI SERVICIO AUTOMOTOR AMBULANCIA DOMINIO PAA 334,000115,,1,N
2026,965,970,1,1028,3322,2026-03-10 00:00:00,SUM,971,2026,O,,,,PRESUPUESTO 2095  REMITO 975 03/01/26 - PRESUPUESTO 2096 - REMITO 968 10/01/2026 PRESUPUESTO 2093 REMITO 967 17/01/2026,000115,,1,N
2026,966,971,1,1030,2209,2026-03-10 00:00:00,SUM,902,2026,O,,,,DURANTE JAVIER - PRESUPUESTO N° 1-857  SEMANA DEL 16/02/26 AL 24/02/26,000115,,1,N
2026,967,972,1,1031,2209,2026-03-10 00:00:00,SUM,901,2026,O,,,,DURANTE JAVIER- PRESUPUESTO N° 1-858 DEL 18/02/26 AL 25/02/26,000115,,1,N
2026,968,973,1,1032,3322,2026-03-10 00:00:00,SUM,948,2026,O,,,,PINAMAR HIGIENE INSTITUCIONAL - PRESUPUESTO N° 16-240 SEMANA 20/01/26 AL 26/01/2026,000115,,1,N
2026,969,974,1,1034,441,2026-03-10 00:00:00,SUM,968,2026,O,,,,ALPA- PRESUPUESTO N° 0002-00003886/3887 (FACTURACION- INTERNACION- COCINA),000115,,1,N
2026,971,976,1,1033,3322,2026-03-10 00:00:00,SUM,951,2026,O,,,,PINAMAR HIGIENE INSTITUCIONAL - PRESUPUESTO N° 16-237 SEMANA DEL 12/03/26 AL 19/03/26,000115,,1,N
2026,972,977,1,1038,441,2026-03-10 00:00:00,ORDCO,957,2026,O,,,,ALPA- PRESUPUESTO N° 0002-00003885,000115,,1,N
2026,973,978,1,1037,1259,2026-03-10 00:00:00,SUM,960,2026,O,,,,ELECTRO D ANNUNZIO- PRESUPUESTO N° 23/02/26,000115,,1,N
2026,974,979,1,1029,2330,2026-03-10 00:00:00,SUM,972,2026,O,,,,"COMBUSTIBLES DEL SALADO. PREVISION DEL 01/03/26 AL 15/03/26.VEHICULOS HOSPITAL MUNICIPAL.DOMINIOS: EQM 605, FJX 453, KYV 365, JQS 879, AA 775 QW, PAA 334, AB 039 OI, AF 591 SU, AF 545 GL. AF 548 KJ.",000115,,1,N
2026,976,981,1,1036,1810,2026-03-10 00:00:00,ORDCO,961,2026,O,,,,AC REFRIGERACION DE ADOLFO CATALDO E HIJOS - PRESUPUESTO N° 379,000115,,1,N
2026,978,983,1,1035,2627,2026-03-10 00:00:00,SUM,965,2026,A,2026-03-13 00:00:00,ERROR,,SANTA PAULA- PRESUPUESTO N° 0001-00002190/2191 (DESDE 3/03 HASTA EL 10/03/26),000115,,1,N
2026,850,852,1,898,3482,2026-03-03 00:00:00,PRESU,0,2026,O,,,, PROV. MARC ALICIA BEATRIZ - PRESUP. 03/03/2026- SEC PRODUCCION-,000000,,1,N
2026,854,856,1,916,2843,2026-03-04 00:00:00,PRESU,6926954,2026,O,,,,"PRESUPUESTO N º X 6926954 de Rost, Tamara de ""FRUTERIA NEGRIN"" Plan Alimentario 2026",000000,,1,N
2026,855,857,1,914,313,2026-03-04 00:00:00,PRESU,0,2026,O,,,,PROV. ATREUCO PUEL COMBUSTIBLE PARA MAQUINAS Y VEHICULOS DE ESTA SECRETARIA,000000,,1,N
2026,856,858,1,915,3296,2026-03-04 00:00:00,PRESU,3595,2026,O,,,,"PRESUPUESTO N° 0003-00003595 de ""PINTURERIA CONCEPTO S. CAP I"" Para pintar frente de la Casa del Adolescente",000000,,1,N
2026,857,859,1,912,71,2026-03-04 00:00:00,PRESU,15272,2026,O,,,,Campo y ciudad. presupuesto 15272.,000000,,1,N
2026,858,860,1,904,441,2026-03-04 00:00:00,PRESU,3884,2026,O,,,,Presupuesto N° 0002-00003884   Proveedor Matienzo Paola,000000,,1,N
2026,859,861,1,905,1259,2026-03-04 00:00:00,PRESU,30288,2026,O,,,,"PRESUPUESTO 30288, SUC DANNUNZIO JORGE",000000,,1,N
2026,860,862,1,906,2958,2026-03-04 00:00:00,PRESU,30048,2026,O,,,,PRESUPUESTO AVICOLA DEL TUYU ANDERS VICTOR REMITOS 30048 - 30063 - 31125 - 31134,000000,,1,N
2026,861,864,1,907,90,2026-03-04 00:00:00,PRESU,40,2026,O,,,,"PRESUPUESTO N° X 00000040 de Lo coco, Marcelo Alejandro de ""TODO COLOR""",000000,,1,N
2026,862,865,1,908,688,2026-03-04 00:00:00,PRESU,7025,2026,O,,,,"PRESUPUESTO 7025/7010/7007, RAMOS-ISIDRO",000000,,1,N
2026,863,866,1,909,130,2026-03-04 00:00:00,PRESU,133,2026,O,,,,Mecanica Integral PEREYRA - presupuesto 133 invernada,000000,,1,N
2026,864,867,1,917,2302,2026-03-04 00:00:00,PRESU,11376,2026,O,,,,"PRESUPUESTO 11376, DGM DE MARTIN SRL",000000,,1,N
2026,865,868,1,919,3072,2026-03-04 00:00:00,PRESU,0,2026,O,,,,Copia de 2026/40 Correo Oficial de la República Argentina,000000,,1,N
2026,867,870,1,922,2330,2026-03-04 00:00:00,PRESU,0,2026,O,,,,"PREVISION PARA DISTINTAS AREAS,COMBUSTIBLE DEL SALADO",000000,,1,N
2026,870,873,1,920,313,2026-03-05 00:00:00,PRESU,0,2026,O,,,,PREVISION SIN N°  - ATREUCO PUEL S.A -  ABASTECIMIENTO ANUAL DE COMBIS SECRETARIA DE DEPORTES,000000,,1,N
2026,871,874,1,921,2770,2026-03-05 00:00:00,PRESU,0,2026,O,,,,"PRESUPUESTO 000, MARTIN FERNANDO HIJO",000000,,1,N
2026,872,875,1,935,3337,2026-03-05 00:00:00,PRESU,595,2026,O,,,,"PRESUPUESTO 595, GARCIA FEDERICO",000000,,1,N
2026,883,887,1,969,3563,2026-03-06 00:00:00,PRESU,0,2026,O,,,,SONIDO CD  CLAUDIO OSCAR DIAZ  FINAL FOLKLORE EN LOS BARRIOS  EXPTE 224/26,000000,,1,N
2026,887,891,1,973,33,2026-03-06 00:00:00,PRESU,0,2026,O,,,,"PRESUPUESTO 000, PCIA BS AS",000000,,1,N
2026,888,892,1,975,3529,2026-03-09 00:00:00,PRESU,0,2026,O,,,,PRESUPUESTO TISERA SANITARIOS PORTATILES,000000,,1,N
2026,889,893,1,925,3364,2026-03-09 00:00:00,PRESU,0,2026,A,2026-03-10 00:00:00,ADMINI,,MATIAS LIGARI    FINAL FOLKLORE EN LOS BARRIOS   EXPTE 224/26,000000,,1,N
2026,890,894,1,939,2330,2026-03-09 00:00:00,PRESU,0,2026,O,,,,"COMBUSTIBLES DEL SALADO. PREVISION DEL 16/02/26 AL 28/02/2026.VEHICULOS HOSPITAL MUNICIPAL.DOMINIOS EQM 605, FJX 453, KYV 365, JQS 879, AA 775 QW, PAA 334, AB 039 OI, AF 591 SU, AF 545 VGL, AF 548 KJ.",000000,,1,N
2026,891,895,1,936,1259,2026-03-09 00:00:00,PRESU,30086,2026,O,,,,"PRESUPUESTO 30086, SUC DANNUNZIO JORGE",000000,,1,N
2026,892,896,1,933,2627,2026-03-09 00:00:00,PRESU,2180,2026,O,,,,SANTA PAULA- PRESUPUESTO N° 0001-00002180 (SEMANA DEL 11/02 HASTA EL 18/02/26),000000,,1,N
2026,893,897,1,932,850,2026-03-09 00:00:00,PRESU,15176,2026,O,,,,UNO ELECTROMEDICINA- PRESUPUESTO N° 00003-00015176 (LABORATORIO DE ANALISIS),000000,,1,N
2026,894,898,1,931,3165,2026-03-09 00:00:00,PRESU,10771,2026,O,,,,VELIBO SUPPLIES S.A.S- PREUPUESTO N° 0001-00010771,000000,,1,N
2026,895,899,1,930,1603,2026-03-09 00:00:00,PRESU,693953,2026,O,,,,PANADERIA ALEM DE GARCIA GLADYS- PRESUPUESTO N° 6939053 HOSPITAL Y HOGAR DE ANCIANOS (DESDE EL 28/02 HASTA EL 14/03/2026),000000,,1,N
2026,896,900,1,937,3322,2026-03-09 00:00:00,PRESU,2451,2026,O,,,,PINAMAR HIGIENE INSTITUCIONAL - PRESUPUESTO N° 16-2451,000000,,1,N
2026,897,901,1,962,2109,2026-03-09 00:00:00,PRESU,0,2026,O,,,,Gomez Alberto Daniel,000000,,1,N
2026,898,902,1,963,3322,2026-03-09 00:00:00,PRESU,2481,2026,O,,,,PINAMAR HIGIENE INSTITUCIONAL - PRESUPUESTO N° 16-2481,000000,,1,N
2026,900,904,1,964,1440,2026-03-09 00:00:00,PRESU,91,2026,O,,,,QUALIMED- PRESUPUESTO N° 91,000000,,1,N
2026,903,908,1,934,2627,2026-03-09 00:00:00,PRESU,2178,2026,O,,,,SANTA PAULA- PRESUPUESTO N° 0001-00002178 (DIARIO),000000,,1,N
2026,912,917,1,1005,1514,2026-03-09 00:00:00,PRESU,0,2026,O,,,,"PRESUPUESTO 000, CASA ELICEIRY, 9/03/2026",000000,,1,N
2026,915,920,1,976,777,2026-03-09 00:00:00,PRESU,122,2026,O,,,,"MP repuestos, presupuestos 122-135-134-129 ( AB038FG-AE704AW-AB038FH)",000000,,1,N
2026,916,921,1,979,777,2026-03-09 00:00:00,PRESU,126,2026,O,,,,"MP Repuestos, presupuestos 126-127 (jwg 930-ae704ax)",000000,,1,N
2026,917,922,1,980,1259,2026-03-09 00:00:00,PRESU,30268,2026,O,,,,"Electro Dannunzio, prespuesto 30268-30315 (COM)",000000,,1,N
2026,918,923,1,981,717,2026-03-09 00:00:00,PRESU,21424,2026,O,,,,PROVEEDURIA LA ILUSION- PRESPUESTO N° 21424,000000,,1,N
2026,920,925,1,1011,1514,2026-03-09 00:00:00,PRESU,0,2026,O,,,,PROV. CASA ELICEIY GAS OIL PARA FLOTA VEHICULAR DE ESTA SECRETARIA,000000,,1,N
2026,922,927,1,1012,1514,2026-03-09 00:00:00,PRESU,0,2026,O,,,,"PROV. CASA ELICEIRY GAS OIL PARA MAQUINAS DE PREDIO,DISPOSICION FINAL DE RESIDUOS RUTA 11 KM 405.5, 9/03/2026",000000,,1,N
2026,934,939,1,997,395,2026-03-09 00:00:00,PRESU,0,2026,O,,,,LABORATORIO BIOQUIMICO MAR DEL PLATA S.A- PRESUPUESTO S/N° PRACTICAS REALIZADAS EN EL MES DE FEBRERO,000000,,1,N
2026,935,940,1,1001,2209,2026-03-09 00:00:00,PRESU,855,2026,O,,,,DURANTE JAVIER - PRESUPUESTO N° 1-855 DEL 01/02/2026 AL 28/02/2026,000000,,1,N
2026,937,942,1,927,3395,2026-03-09 00:00:00,PRESU,5087,2026,O,,,,"PROV. YANINA PECORARI PRESUP.5087,5086 BATERIA PARA CAMION ASZ490 Y EQM607",000000,,1,N
2026,1025,1030,1,1099,441,2026-03-13 00:00:00,SUM,1032,2026,O,,,,PRESPUESTO N° 20042 - PAPELERA ALPA MADARIAGA - VASOS PARA HIDRATACION CARRERA DE LA MUJER,000115,,1,N
2026,1026,1032,1,1100,2991,2026-03-13 00:00:00,SUM,1031,2026,O,,,,PRESUPUESTO N° 3101 - SIP EVENTOS - SONIDO PARA LOCUCION Y MUSICALIZACION EN LA  XI EDICON DE LA CARRERA DE LA MUJER,000115,,1,N
2026,1027,1033,1,1101,2450,2026-03-13 00:00:00,SUM,1041,2026,O,,,,PREVISION S/N MARCELO LABATUT - FRUTAS PARA ENTRAGAR A CORRERDORES EN CARRERA DE LA MUJER,000115,,1,N
2026,846,848,1,889,492,2026-03-02 00:00:00,SUM,876,2026,O,,,,MAXIMO PINASCO S.A PRESUPUESTO 1000354096 SERVICE MINIBUS AF591SU,000029,,1,N
2026,796,798,1,831,2110,2026-02-26 00:00:00,SUM,763,2026,O,,,,"Eduardo Fumega, presupuesto 540 ( comisaria de la mujer)",000115,,1,N
2026,797,799,1,832,1259,2026-02-26 00:00:00,SUM,764,2026,O,,,,"Electri Dannunzio, presupuesto 30183 (COM-tecnica)",000115,,1,N
2026,808,810,1,841,2110,2026-02-26 00:00:00,SUM,818,2026,O,,,,EDUARDO FUMEGA  PRESUPUESTO N° 545,000115,,1,N
2026,810,812,1,845,3529,2026-02-26 00:00:00,SUM,812,2026,A,2026-03-09 00:00:00,ADMINI,,PRESUPUESTO TISERA SANITARIOS PORTATILES,000115,,1,N
2026,813,814,1,847,3184,2026-02-26 00:00:00,SUM,772,2026,O,,,,DROGUERIA PERDOMINICI- PRESUPUESTO N° 12/02/2026,000115,,1,N
2026,817,818,1,851,850,2026-02-26 00:00:00,SUM,794,2026,O,,,,UNO ELECTROMEDICINA- PRESUPUESTO N° 00003-00015081/15094 (LABORATORIO DE IMAGENES),000115,,1,N
2026,818,820,1,859,2306,2026-02-26 00:00:00,SUM,782,2026,O,,,,PRESUPUESTO  OXI - REF  SANTIAGO PEREZ,000115,,1,N
2026,819,821,1,860,345,2026-02-26 00:00:00,SUM,776,2026,O,,,,DROGUERIA AZCUENAGA - PRESUPUESTO N° 200056152,000115,,1,N
2026,820,822,1,861,1573,2026-02-26 00:00:00,SUM,775,2026,O,,,,DROGUERIA ALBERDI S.A- PRESUPUESTO N° 26/01/2026,000115,,1,N
2026,823,825,1,882,2209,2026-02-26 00:00:00,SUM,850,2026,O,,,,Expte 129/26 Rally 2026.Durante Javier,000115,,1,N
2026,824,826,1,863,285,2026-02-26 00:00:00,SUM,769,2026,O,,,,RADIOGRAFICAOESTE- PRESUPUESTO N° 100053111 (LABORATORIO DE ANALISIS),000115,,1,N
2026,826,828,1,865,1810,2026-02-26 00:00:00,SUM,780,2026,O,,,,CATALDO ADOLFO E HIJOS PRESUPUESTO 000373,000115,,1,N
2026,827,829,1,866,866,2026-02-26 00:00:00,SUM,766,2026,O,,,,PILOÑA- PRESUPUESTO N° 5/02/26,000115,,1,N
2026,828,830,1,883,1658,2026-02-26 00:00:00,SUM,849,2026,O,,,,PREVISION SIN N° - YELITO AGUA - HIDRATACION EN EVENTOS DEPORTIVOS PRIMER SEMESTRE DEL AÑO,000115,,1,N
2026,829,831,1,867,1876,2026-02-26 00:00:00,SUM,767,2026,O,,,,MAX CONTINENTAL- PRESUPUESTO N° 20/02/2026,000115,,1,N
2026,831,833,1,856,1063,2026-02-27 00:00:00,SUM,805,2026,O,,,,PRESUPUESTO LOPEZ MIGUEN ANGEL TELEFONO FIJO PARA CENTRAL TELEFONICA,000115,,1,N
2026,832,834,1,839,1267,2026-02-27 00:00:00,SUM,786,2026,O,,,,"PROV.SILVIA SORAGNI PRESUP.0607  REPARACION Y REPUESTOS PARA PALA CARGADORA CII58,",000115,,1,N
2026,842,844,1,885,2869,2026-02-27 00:00:00,SUM,862,2026,O,,,,Mada-Poy.Expte 129/26 Rally 2026,000115,,1,N
2026,843,845,1,886,3198,2026-02-27 00:00:00,SUM,863,2026,O,,,,Cirucci Silvia (Trofeos).Expte 129/2026,000115,,1,N
2026,844,846,1,887,71,2026-02-27 00:00:00,SUM,750,2026,O,,,,Campo y ciudad. presupuesto 15276.,000115,,1,N
2026,845,847,1,888,3287,2026-02-27 00:00:00,SUM,867,2026,O,,,,Prevision Avellaneda 7163,000115,,1,N
2026,847,849,1,891,3514,2026-03-03 00:00:00,SUM,882,2026,O,,,,"Expte N° 604/2026 Contrato: Sra. Suaréz Acevedo, Sheila,  Psicóloga Servicio Local - No cumple con el Art. 45 de la Ley 14.656",000029,,1,N
2026,995,1001,1,1052,2595,2026-03-11 00:00:00,SUM,981,2026,O,,,,"PROV.IVAN PERICO PRESUP.8088,8237,8241 REPEUSTOS PARA KYV355 LED010, SVN719",000115,,1,N
2026,997,1002,1,1053,3336,2026-03-11 00:00:00,SUM,988,2026,O,,,,PROV.ROCIO MORALES PRESUP.09.03 REPARACION PARA LED013N ASZ490,000115,,1,N
2026,1001,1004,1,1054,3395,2026-03-11 00:00:00,SUM,992,2026,O,,,,PROV. YANINA PECORARI PRESUP.5090 BARETIA PARA LED013,000115,,1,N
2026,1002,1007,1,1057,2450,2026-03-11 00:00:00,ORDCO,991,2026,O,,,,LA FRUTERIA - PRESUPUESTO S/N FECHA 26/2/26   HOSPITAL - HOGAR DE ANCIANOS,000115,,1,N
2026,1003,1008,1,1058,3564,2026-03-11 00:00:00,SUM,994,2026,O,,,,PROV MADRID MIGUEL ANGEL- PRESUP 12/02/26-SEC PRODUCCION-,000115,,1,N
2026,1004,1009,1,1059,1440,2026-03-11 00:00:00,SUM,1005,2026,O,,,,QUALIMED S.A- PRESUPUESTO N° 92,000115,,1,N
2026,1005,1010,1,1060,2627,2026-03-11 00:00:00,SUM,999,2026,O,,,,SANTA PAULA- PRESUPUESTO N° 0001-00002194 (SEMANA DEL 9/03 AL 16/03/26),000115,,1,N
2026,1006,1011,1,1061,850,2026-03-11 00:00:00,SUM,974,2026,O,,,,UNO ELECTROMEDICINA- PRESUPUESTO N° 00003-00015228 (LABORATORIO DE ANALISIS),000115,,1,N
2026,1009,1014,1,1062,3165,2026-03-11 00:00:00,SUM,1004,2026,O,,,,VELIBO SUPPLIES S.A.S- PRESUPUESTO N° 0001-00011228,000115,,1,N
2026,1010,1015,1,1070,2416,2026-03-11 00:00:00,SUM,943,2026,O,,,,"Cesviauto, presupuesto (para colocar en el vehiculo ford ka que pertenecia a salud AC 548KJ)",000115,,1,N
2026,1011,1016,1,1071,2801,2026-03-11 00:00:00,SUM,1007,2026,O,,,,Pasini refrigeracion - presupuestocon fecha10/03/26,000115,,1,N
2026,1012,1017,1,1065,2627,2026-03-11 00:00:00,SUM,987,2026,O,,,,SANTA PAULA - PRESUPUESTO N° 1-2192,000115,,1,N
2026,1013,1018,1,1069,1879,2026-03-11 00:00:00,SUM,998,2026,O,,,,"Rodamientos Tuyu, presupuesto 3048 (OIG 911-AE704AW-AE331IY-AB038FH)",000115,,1,N
2026,1014,1019,1,1068,1879,2026-03-11 00:00:00,SUM,1003,2026,O,,,,"Rodamientos Tuyu, presupuesto 3901 (AE704AW)",000115,,1,N
2026,1015,1020,1,1063,285,2026-03-11 00:00:00,ORDCO,1002,2026,O,,,,RADIOGRAFICAOESTE - PRESUPUESTO N° 100053328,000115,,1,N
2026,1016,1021,1,1067,2595,2026-03-11 00:00:00,SUM,1000,2026,O,,,,"Ivanper, presupuesto 8244 (ag7143zv-af747pm-oig911)",000115,,1,N
2026,1017,1022,1,1064,1810,2026-03-11 00:00:00,SUM,1006,2026,O,,,,PRESUPUESTO 000378  CATALDO ADOLFO SERVICE + LIMPIEZA AIRE ACONDICIONADO SALA TOMOGRAFO,000115,,1,N
2026,885,889,1,970,1119,2026-03-06 00:00:00,SUM,954,2026,O,,,, EXPEDIENTE 5/2025 CONTRATO SOMA S.A DEL 01/01/26 AL 30/06/2026 RECOLECCIÓN SERVICIOS RESIDUOS  PATOGENICOS - DIF ORDEN DE COMPRA N° 127,000115,,1,N
2026,886,890,1,972,3430,2026-03-06 00:00:00,SUM,931,2026,A,2026-03-16 00:00:00,ERROR,,PRESUPUESTO 167212 GLOBAL TONER PARA OFICINA FACTURACION - OFICINA ESTADISTICA - DIRECCION MEDICA - DIRECION ADMINISTRATIVA - INTERNACION - GUARDIA ADULTO - GUARDIA PEDIATRICA - OFICINA DE PERSONAL - CONSULTORIOS EXTERNOS - CAPS BELGRANO - CAPS SAN MARTIN  - CAPS NORTE - CAPS QUINTANILLA,000115,,1,N
2026,1059,1065,1,1111,1527,2026-03-17 00:00:00,SUM,1058,2026,O,,,,"Gomeria La Diagonal, presupuesto 0572",000115,,1,N
2026,939,944,1,928,803,2026-03-10 00:00:00,SUM,907,2026,O,,,,"PROV. BLUECAR PRESUP.0545 FILTROS PARA VEHICULOS SVN719,SOG742,AWK675,XNE245,XNE244,UQV264,UQV265,DMI232,FSL723,HKO983,INI856,BMV14,LED10,LED013,CII59,CII58,OOI617,AF947IJ,AF947IN",000115,,1,N
2026,940,945,1,961,169,2026-03-10 00:00:00,SUM,847,2026,O,,,,"PRESUPUESTO N° 001033 de Terranova Lucas Hernán de ""TERRANOVAQUIMICA"" Para uso de la granja de contención",000115,,1,N
2026,945,949,1,960,2110,2026-03-10 00:00:00,SUM,839,2026,O,,,,Prov.:Eduardo Fumega - Presup.:543,000115,,1,N
2026,947,952,1,948,2627,2026-03-10 00:00:00,SUM,857,2026,O,,,,SANTA PAULA- PRESUPUESTO N° 0001-00002174 (DESDE EL 28/01/26 AL 4/02/2026),000115,,1,N
2026,952,958,1,949,2627,2026-03-10 00:00:00,SUM,856,2026,O,,,,SANTA PAULA- PRESUPUESTO N° 0001-00002173 DESDE EL 27/01/26 AL 3/02/26,000115,,1,N
2026,955,960,1,950,1573,2026-03-10 00:00:00,SUM,853,2026,O,,,,DROGUERIA ALBERDI- PRESUPUESTO N° 25/02/2026,000115,,1,N
2026,956,961,1,993,167,2026-03-10 00:00:00,SUM,897,2026,O,,,,TODO POLLO - PRESUPUESTO N° 81 ( SEMANA  DEL 26/02/26 AL  5/03/26),000115,,1,N
2026,957,962,1,995,717,2026-03-10 00:00:00,SUM,925,2026,O,,,,PROVEEDURIA LA ILUSION- PRESUPUESTO N° 21425,000115,,1,N
2026,958,963,1,994,167,2026-03-10 00:00:00,SUM,927,2026,O,,,,TODO POLLO- PRESUPUESTO N° 82 ( SEMANA DEL 26/02 HASTA EL 5/03/26),000115,,1,N
2026,959,964,1,992,3287,2026-03-10 00:00:00,SUM,937,2026,O,,,,"PRESUPUESTO N° 1866 de ""HISPANOGRAF"" Certificados del curso de barbería",000115,,1,N
2026,960,965,1,990,3296,2026-03-10 00:00:00,SUM,940,2026,O,,,,"PRESUPUESTO N° 0003-00003620 de ""PINTURERIA CONCEPTO S. CAP 1"" Para pintar mástil en la granja de contención",000115,,1,N
2026,961,966,1,1007,1603,2026-03-10 00:00:00,SUM,944,2026,O,,,,"PRESUPUESTO N° X 6939054 de Garcia Gladys de ""PANADERIA ALEM"" Esfuerzo Solidario 2026",000115,,1,N
2026,790,792,1,829,2110,2026-02-25 00:00:00,SUM,803,2026,O,,,,"Expte N° 550/2026 PRESUPUESTOS N° 534/544 de ""FUMEGA EDUARDO""",000115,,1,N
2026,571,574,1,593,395,2026-02-04 00:00:00,SUM,556,2026,O,,,,PRESUPUESTO LABORATORIO BIOQUIMICO PRACTICAS MES DE ENERO,000115,,1,N
2026,572,575,1,584,3322,2026-02-04 00:00:00,SUM,535,2026,O,,,,PINAMAR HIGIENE INSTITUCIONAL SRL- PRESUPUESTO N° 0016-00002341/2342/2365 (COCINA- OFFICE MUCAMAS),000115,,1,N
2026,573,576,1,581,167,2026-02-04 00:00:00,SUM,539,2026,O,,,,""" TODO POLLÑO"" Gonzalo A. Bustamasnte. PRESUPUESTO Nº 72.COCINA HOSPITAL.SEMAN DEL 19/01/26 AL 26/01/26",000115,,1,N
2026,574,577,1,608,3218,2026-02-04 00:00:00,PRESU,0,2026,O,,,,"PRESUPUESTO 000, USS SERVICIO DE SEGURIDAD",000000,,1,N
2026,575,578,1,609,141,2026-02-04 00:00:00,PRESU,9689,2026,O,,,,PRESUPUESTO 9689 SAGITARIO,000000,,1,N
2026,576,579,1,615,2988,2026-02-05 00:00:00,SUM,574,2026,O,,,,PRESUPUESTO COTTINI CARLOS MARTIN - 5 MILLAS NOCTURNAS,000115,,1,N
2026,577,580,1,610,313,2026-02-05 00:00:00,SUM,565,2026,O,,,,PROV. ATREUCO PUEL COMBUSTIBLES PARA MAQUINAS CORTA PASTO Y CAMION VW 17260 AF947IJ,000115,,1,N
2026,578,581,1,611,436,2026-02-05 00:00:00,SUM,559,2026,O,,,,"PROV. BAIGORRIA LORENZO PRESUP.03/02/2026 PARCHES Y REPARACIONES  DE CUBIERTAS PARA: EPK06,CII58,CII59,LED013,LED010,XNE245,UYW682,BNA17,ASZ490,BMV14,BGZ45.",000115,,1,N
2026,579,582,1,612,300,2026-02-05 00:00:00,SUM,561,2026,O,,,,"PROV.SILVIA MAISTEGUI PRESUP.5929 ARTICULOS DE FERRETERIA PARA CAMION OOI617,Y ARREGLOS EN CORRALON",000115,,1,N
2026,580,583,1,613,826,2026-02-05 00:00:00,SUM,566,2026,O,,,,PROV. DUENDE AZUL PRESUP.2641 COMISION A LA PLATA POR REPUESTOS,000115,,1,N
2026,632,634,1,661,826,2026-02-13 00:00:00,PRESU,2642,2026,O,,,,PROV.DUENDE AZUL PRESUP.2642 COMISION A LA PLATA REPUSTOS PARA VEHICULOS,000000,,1,N
2026,582,585,1,616,1266,2026-02-05 00:00:00,SUM,585,2026,O,,,,"RENOVACION DE ABONO DE ALARMAS,1° CUATRIMESTRE, EXPTE. 20/2025 Abono 6149 Galpones de Planta de Resiclado.",000115,,1,N
2026,583,586,1,369,400,2026-02-06 00:00:00,SUM,357,2026,O,,,,Corresponde Expte n ° 26/2026 - Servicio de Publicidad- Silvia Tolosa,000115,,1,N
2026,584,587,1,617,2450,2026-02-06 00:00:00,PRESU,0,2026,O,,,,PREVICION  MARCELO LABATUT,000000,,1,N
2026,585,588,1,618,879,2026-02-06 00:00:00,PRESU,1038,2026,O,,,,"Tatano Harisgarat, presupuesto 0001-00001038",000000,,1,N
2026,586,589,1,625,2109,2026-02-09 00:00:00,SUM,598,2026,O,,,,Gomez Alberto Daniel,000115,,1,N
2026,587,590,1,626,3558,2026-02-09 00:00:00,SUM,605,2026,O,,,,Corresponde cto. Villafañe Elvira A. Expte N° 436,000115,,1,N
2026,588,591,1,627,2692,2026-02-09 00:00:00,SUM,611,2026,O,,,,Corresponde presupuesto PAIS HERNAN HORACIO-,000115,,1,N
2026,589,592,1,629,635,2026-02-09 00:00:00,SUM,612,2026,O,,,,Escudero Sergio Fabián,000115,,1,N
2026,590,593,1,628,635,2026-02-09 00:00:00,SUM,613,2026,O,,,,Escudero Sergio Fabián,000115,,1,N
2026,592,595,1,622,441,2026-02-09 00:00:00,SUM,572,2026,O,,,,CORRESPONDE PRESUPUESTO N° 0002-00003858/0002-00003859/0002-00003863/00003868/0002-00003865 - MATIENZO PAOLA A.,000115,,1,N
2026,594,597,1,620,2770,2026-02-09 00:00:00,SUM,570,2026,O,,,,PRESUPUESTO 803 MARTIN FERNANDO,000115,,1,N
2026,595,598,1,624,2110,2026-02-09 00:00:00,SUM,586,2026,O,,,,PROV. FUMEGA EDUARDO- PRESUP. N°5201 - SEC PRODUCCION- SALA DE ELABORACION,000115,,1,N
2026,596,599,1,621,1259,2026-02-09 00:00:00,SUM,573,2026,O,,,,CORRESPONDE PRESUPUESTO N ° 00030122 - SUC DANNUNZIO,000115,,1,N
2026,597,265,1,269,90,2026-02-10 00:00:00,EXPED,77,2026,O,,,,Licitación Privada enero 2026,000300,,1,N
2026,600,602,1,632,5,2026-02-11 00:00:00,SUM,615,2026,O,,,,CORRESPONDE PREVISION PONSA S.A  CARNAVAL,000115,,1,N
2026,601,603,1,633,2365,2026-02-11 00:00:00,SUM,614,2026,O,,,,CORRESPONDE PREVISION GONZALEZ FARIAS J. CARNAVAL,000115,,1,N
2026,609,611,1,651,2330,2026-02-11 00:00:00,SUM,583,2026,O,,,,Corresponde a Previsón de Combustible del Salado. Desarrollo Social,000115,,1,N
2026,610,612,1,649,2810,2026-02-11 00:00:00,SUM,579,2026,O,,,,"PRESUPUESTO N° X 0001-00000768 / 771 / 795 / 851  de Arriola, María Teresa de ""MERCERIA EL DEDAL"" Para la realización de adornos para celebración aniversario de la Casita",000115,,1,N
2026,611,613,1,634,441,2026-02-11 00:00:00,SUM,603,2026,O,,,,Corresponde presupuesto N° 0002-00003870 - MATIENZO PAOLA,000115,,1,N
2026,612,614,1,635,19,2026-02-11 00:00:00,SUM,600,2026,O,,,,"PRESUPUESTO N° X 0002-00002957/2959 de Inocencio Cimos de ""FERRETERIA CIMOS"" Para el taller de carpintería y arreglos en la Casa del Adolescente",000115,,1,N
2026,613,615,1,636,1603,2026-02-11 00:00:00,SUM,601,2026,O,,,,"PRESUPUESTO N° X 1342396 de Garcia Mabel de ""PANADERIA ALEM""",000115,,1,N
2026,614,616,1,650,2810,2026-02-11 00:00:00,SUM,581,2026,O,,,,"PRESUPUESTO N° X 0001- 00000785 / 00000787 / 00000796 de Arriola, María Teresa de ""MERCERIA EL DEDAL"" Para el taller de costura del Programa Envión",000115,,1,N
2026,615,617,1,648,300,2026-02-11 00:00:00,SUM,576,2026,O,,,,"PRESUPUESTO N° 00005935  de Silvia Beatriz Maistegui de ""PINTURERIA - FERRETERIA TODO COLOR"" Para el taller de carpintería del Programa Envión",000115,,1,N
2026,616,618,1,637,1603,2026-02-11 00:00:00,SUM,602,2026,O,,,,"PRESUPUESTO N° X 1342398 de Gracia Gladys ""PANADERIA ALEM"" Esfuerzo Solidario 2026",000115,,1,N
2026,617,619,1,638,3296,2026-02-11 00:00:00,SUM,608,2026,O,,,,"PRESUPUESTO N° 0003-00003519 de ""PINTURERIA CONCEPTO S.CAP I""Para Proyecto de Diseño",000115,,1,N
2026,618,620,1,639,2410,2026-02-11 00:00:00,SUM,610,2026,O,,,,"PRESUPUESTO N° X 0001-00001167 de Leandro Ruben Bogado de ""L.R.B"" Camioneta Ford Ranger JYN 229",000115,,1,N
2026,619,621,1,640,2593,2026-02-11 00:00:00,SUM,621,2026,O,,,,"PRESUPUESTO 11247298, BALLETTO URRUTIA JUAN",000115,,1,N
2026,621,623,1,665,3481,2026-02-12 00:00:00,SUM,681,2026,O,,,,PATRICIO DANIEL CASTRO   PROVEEDOR 3481  CARNAVAL 2026  EXPTE 224/26,000115,,1,N
2026,622,624,1,666,2991,2026-02-12 00:00:00,SUM,679,2026,O,,,,SIP EVENTOS CARNAVAL 2026  PRESUPUESTO N° 3097    EX´PTE 224/26,000115,,1,N
2026,624,626,1,671,1477,2026-02-12 00:00:00,SUM,701,2026,O,,,,Exp.:699/25 Sol. Reparaciones p/ Oficina de Medio Ambiente - Prov.:Solari Federico - Presup.:Contrato,000115,,1,N
2026,625,627,1,672,3560,2026-02-12 00:00:00,SUM,700,2026,O,,,,JUAN MARCELO GUTIERREZ  PROVEEDOR 3560   BARRA LIBRE CUMBIA  CARNAVAL 2026  EXPTE 224/26,000115,,1,N
2026,630,632,1,657,3287,2026-02-13 00:00:00,SUM,599,2026,O,,,,PROV. HISPANOGRAF PRESUP.1859 CARTELES PARA BADEN DE CALLE,000115,,1,N
2026,755,757,1,806,3562,2026-02-23 00:00:00,SUM,761,2026,O,,,,desarrollo de software portal de proveedores,000029,,1,N
2026,633,635,1,662,441,2026-02-13 00:00:00,PRESU,3862,2026,O,,,,PROV.ALPA PRESUP.3862 PARA CEMENTERIO,000000,,1,N
2026,635,637,1,669,2751,2026-02-13 00:00:00,PRESU,0,2026,O,,,,  PROV. AGRONOMIA HORTICOLA SRL- PRES. N°27/01/26- SEC PRODUCCION,000000,,1,N
2026,644,646,1,727,1977,2026-02-13 00:00:00,PRESU,7390,2026,O,,,,"PRESUPUESTO 0001-00007390, ZMG ARGENTINA",000000,,1,N
2026,653,655,1,693,167,2026-02-13 00:00:00,PRESU,77,2026,O,,,,"""TODO POLLO"" GONZALO A BUSTAMANTE. PRESUPUESTO Nº 77.COCINA HOSPITAL. SEMANA DEL 2 DE FEBRERO AL 8 DE FEBRERO.",000000,,1,N
2026,659,661,1,690,441,2026-02-18 00:00:00,SUM,649,2026,O,,,,ALPA - PRESUPUESTO N° 2-3873 (ADMINISTRACION HOSPITAL),000115,,1,N
2026,661,663,1,686,2410,2026-02-18 00:00:00,SUM,674,2026,O,,,,L.R.B Bogado presupuesto 1180 (AF345SU),000115,,1,N
2026,662,664,1,683,2410,2026-02-18 00:00:00,SUM,671,2026,O,,,,"L.R.B bogado , presupuesto 01182 (AE704AW)",000115,,1,N
2026,663,665,1,680,3220,2026-02-18 00:00:00,SUM,659,2026,O,,,,"Ricciuto, presupouesto 020 (jch 069)",000115,,1,N
2026,664,666,1,677,879,2026-02-18 00:00:00,SUM,683,2026,O,,,,"PROV.CASA HARISGARAT PRESUP.1025,1031,1022,1034,1036 PARA ARREGLOS EN CEMENTERIO, CORRALON MUNICIPAL Y CORDON DE CALLES ALEM Y VENEZUELA",000115,,1,N
2026,665,667,1,708,360,2026-02-18 00:00:00,SUM,704,2026,O,,,,CARLOS ARGENTINO LOMBERA PROVEEDOR N° 360,000115,,1,N
2026,666,668,1,710,164,2026-02-18 00:00:00,SUM,699,2026,O,,,,PROV.JOSE CORREA PRESUP.0209 REPARACION DE INSTALACION ELECTRICA EN CORRALON MUNICIPAL,000115,,1,N
2026,667,669,1,712,2110,2026-02-18 00:00:00,SUM,712,2026,A,2026-02-18 00:00:00,ADMINI,,"Fumega Eduardo,presuesto 537",000115,,1,N
2026,668,670,1,713,2110,2026-02-18 00:00:00,SUM,714,2026,O,,,,"Fumega Eduardo,presupuesto 535",000115,,1,N
2026,669,671,1,715,2110,2026-02-18 00:00:00,SUM,715,2026,O,,,,"Fumega Eduardo,presupuesto 536",000115,,1,N
2026,670,672,1,699,879,2026-02-18 00:00:00,SUM,657,2026,O,,,,CASA HARISGARAT - PRESUPUESTO N° 1-1042 (PLANTA OXIGENO HOSPITAL),000115,,1,N
2026,671,673,1,700,879,2026-02-18 00:00:00,SUM,658,2026,O,,,,CASA HARISGARAT - PRESUPUESTO N° 1-1041 (INTERNACION HOSPITAL),000115,,1,N
2026,672,674,1,701,300,2026-02-18 00:00:00,SUM,660,2026,O,,,,PINTURERIA FERRETERIA TODO COLOR - PRESUPUESTO N° 5941 (ENFERMERIA HOSPITAL),000115,,1,N
2026,676,678,1,702,300,2026-02-18 00:00:00,SUM,662,2026,O,,,,"PINTURERIA FERRETERIA TODO COLOR - PRESUPUESTO N° 5930 (DIRECCION, TERAPIA, INTERNACION, LABORATORIO)",000115,,1,N
2026,680,681,1,703,300,2026-02-18 00:00:00,SUM,663,2026,O,,,,PINTURERIA FERRETERIA TODO COLOR - PRESUPUESTO N° 5939 (INTERNACION HOSPITAL),000115,,1,N
2026,688,689,1,704,2627,2026-02-18 00:00:00,SUM,668,2026,O,,,,PENACCA SRL PRESUPUESTO 2164,000115,,1,N
2026,690,692,1,705,2330,2026-02-18 00:00:00,SUM,634,2026,O,,,,"COMBUSTIBLES DEL SALADO. PREVISION DEL 01/02/26 AL 15/02/26.VEHICULOS HOSPITAL MUNICIPAL.. DOMINIOS EQM 605, FJX 453, KYV 365, JQS 879,AA 775 QW, PAA 334, AB 039 OI, AF 591 SU, AF 545 GL, AF 548 KJ.",000115,,1,N
2026,693,695,1,706,850,2026-02-18 00:00:00,SUM,698,2026,O,,,,UNO ELECTROMEDICINA - PRESUPUESTO N° 3-15020,000115,,1,N
2026,705,707,1,707,285,2026-02-18 00:00:00,SUM,697,2026,O,,,,RADIOGRAFICAOESTE - PRESUPUESTO N° 100052677,000115,,1,N
2026,709,711,1,709,2450,2026-02-18 00:00:00,SUM,693,2026,O,,,,LA FRUTERIA - PRESUPUESTO  del 01/01/26 al 31/01/26,000115,,1,N
2026,711,713,1,711,2450,2026-02-18 00:00:00,SUM,695,2026,O,,,,LA FRUTERIA - PRESUPUESTO DEL 01/01/2026 AL 31/01/2026,000115,,1,N
2026,712,714,1,714,3556,2026-02-18 00:00:00,SUM,696,2026,O,,,,"LAS MARIAS GRANJA AVICOLA - PRESUPUESTOS N° 27962, 27967, 27971, 27974, 27963 Y 27975 (COCINA Y HOGAR HOSPITAL)",000115,,1,N
2026,713,715,1,716,2627,2026-02-18 00:00:00,SUM,678,2026,O,,,,SANTA PAULA - PRESUPUESTO N° 1-2180,000115,,1,N
2026,714,716,1,717,2883,2026-02-18 00:00:00,SUM,676,2026,O,,,,INSUMOS GENERALES - PRESUPUESTO S/N FECHA 2/2/2026,000115,,1,N
2026,715,717,1,718,1943,2026-02-18 00:00:00,SUM,664,2026,O,,,,B-GATE INGENIERIA EN GASES - PRESUPUESTO 7482,000115,,1,N
2026,716,718,1,720,1259,2026-02-18 00:00:00,SUM,665,2026,O,,,,ELECTRO DANNUNZIO - PRESUPUESTO N° 30162,000115,,1,N
2026,717,719,1,730,300,2026-02-18 00:00:00,SUM,646,2026,O,,,,PINTURERIA FERRETERIA TODO COLOR - PRESUPUESTO N° 5945 MATERIAL UTILIZADO EN INTERNACION  Y OTRAS DEPENDENCIAS,000115,,1,N
2026,718,720,1,731,57,2026-02-18 00:00:00,SUM,644,2026,O,,,,IMPRENTA EL ARGENTINO - PRESUPUESTO N° 554 (MATERNIDAD - HOSPITAL),000115,,1,N
2026,719,721,1,732,879,2026-02-18 00:00:00,SUM,685,2026,O,,,,"Casa Harisgarat, presupuesto 1026 (comisaria de la mujer)",000115,,1,N
2026,720,722,1,733,21,2026-02-18 00:00:00,SUM,684,2026,O,,,,"Fabrimar, presupuesto 0296 (AB038FH)",000115,,1,N
2026,721,723,1,734,300,2026-02-18 00:00:00,SUM,686,2026,O,,,,"Ferreteria Todo Color, presupuesto 5937 (mantenimiento en general del area)",000115,,1,N
2026,749,751,1,801,2593,2026-02-23 00:00:00,SUM,734,2026,O,,,,JUAN AGUSTIN BALLETTO,000115,,1,N
2026,750,752,1,797,441,2026-02-23 00:00:00,SUM,745,2026,O,,,,"Matienzo Paola ,presupuesto 0002-00003875",000115,,1,N
2026,751,753,1,798,2627,2026-02-23 00:00:00,SUM,709,2026,O,,,,SANTA PAULA - PRESUPUESTO N° 1-2182 (HOSPITAL),000115,,1,N
2026,752,754,1,795,186,2026-02-23 00:00:00,SUM,729,2026,O,,,,Marcelo Pasini - Hotel London. Alojamiento rally. Decreto 78/26,000115,,1,N
2026,756,759,1,800,3322,2026-02-23 00:00:00,PRESU,2452,2026,O,,,,PINAMAR HIGIENE INSTITUCIONAL - PRESUPUESTO N° 16-2452 (COCINA HOSPITAL),000000,,1,N
2026,757,760,1,782,1259,2026-02-23 00:00:00,PRESU,30134,2026,O,,,,"PRESUPUESTOS N° 00030134/30174/30182/30193/ de Sucesión de D annunzio Jorge Neldo de ELECTRO D ANNUNZIO"" Para oficinas de sede, prestaciones, género, casita de chocolate",000000,,1,N
2026,759,761,1,789,2846,2026-02-23 00:00:00,SUM,723,2026,O,,,,Miguel Cueli. Alojamiento Rally. DECRETO 78/26,000115,,1,N
2026,758,758,1,792,186,2026-02-23 00:00:00,SUM,726,2026,O,,,,Marcelo Pasini - Hotel London - Alojamiento Rally. decreto 78/26,000115,,1,N
2026,760,762,1,786,1169,2026-02-23 00:00:00,SUM,748,2026,A,2026-02-23 00:00:00,ERROR,,Aldaz Oscar Alfredo y Garmendia Mirta condominio. Alojamiento rally. DECRETO 78/26,000115,,1,N
2026,761,763,1,783,3552,2026-02-23 00:00:00,SUM,739,2026,O,,,,"PRESUPUESTO N° X 9178 de ""MATAFUEGOS RUTA 11"" Para el aréa de prestaciones",000115,,1,N
2026,762,764,1,784,2110,2026-02-23 00:00:00,SUM,740,2026,O,,,,"PRESUPUESTO N° 542 de ""EDUARDO FUMEGA"" Arreglos en Casa del Adolescente",000115,,1,N
2026,763,765,1,780,160,2026-02-23 00:00:00,SUM,737,2026,O,,,,PROV. AGROVETERINARIA MARZULLO PRESUP.1168 INSECTISIDA PARA  ESPACIOS PÚBLICOS,000115,,1,N
2026,764,766,1,779,3398,2026-02-23 00:00:00,SUM,751,2026,A,2026-02-25 00:00:00,ADMINI,,PROV.CHAYE HNOS PRESUP.0414 REPUESTO PARA TRACTOR JONH DEERE BNA17,000115,,1,N
2026,765,767,1,786,3330,2026-02-23 00:00:00,SUM,748,2026,O,,,,Aldaz Oscar Alfredo y Garmendia Mirta condominio. Alojamiento rally. DECRETO 78/26,000115,,1,N
2026,766,768,1,813,3075,2026-02-23 00:00:00,SUM,778,2026,O,,,,"Correa Lorente Juan Martín,presupuesto 0001-00000072",000115,,1,N
2026,767,769,1,812,169,2026-02-23 00:00:00,SUM,777,2026,O,,,,"Terranova , presupesto 001030",000115,,1,N
2026,768,770,1,814,1063,2026-02-23 00:00:00,PRESU,0,2026,O,,,,"Miguel Lopez, presupuesto (COM)",000000,,1,N
2026,769,771,1,805,3169,2026-02-24 00:00:00,PRESU,0,2026,O,,,,Casa Yoseli de Marta Zaupa. Alojamiento rally. DECRETO 78/26,000000,,1,N
2026,770,772,1,807,2593,2026-02-24 00:00:00,PRESU,0,2026,O,,,,"Balletto Urrutia ,Juan Ignacio",000000,,1,N
2026,564,566,1,603,1943,2026-02-04 00:00:00,PRESU,7341,2026,A,2026-02-13 00:00:00,ERROR,,B GATE - PRESUPUESTO N° 0005-00007341,000000,,1,N
2026,565,568,1,604,1658,2026-02-04 00:00:00,PRESU,0,2026,O,,,,"PREVISION, YELITO",000000,,1,N
2026,566,570,1,599,2369,2026-02-04 00:00:00,PRESU,188113,2026,O,,,,"PROV.MERCEDES LA PLATA PRESUP.188113 REPUESTOS PARA MERCEDES XNE245,DMI 232,PJY978,OOI617,",000000,,1,N
2026,567,571,1,600,1879,2026-02-04 00:00:00,PRESU,3041,2026,O,,,,"Corresponde presupuesto N° 00003041- ZUBIARRAIN DANIEL ""RODAMIENTOS DEL TUYU""",000000,,1,N
2026,568,572,1,601,2208,2026-02-04 00:00:00,PRESU,394,2026,O,,,,Corresponde presupuesto N° 394 - Lombardi Martin,000000,,1,N
2026,570,573,1,602,90,2026-02-04 00:00:00,PRESU,39,2026,O,,,,"PRESUPUESTO NX 00000039 de Lo coco, Marcelo Alejandro de ""TODO COLOR""",000000,,1,N
2026,591,594,1,623,2593,2026-02-09 00:00:00,PRESU,1124729,2026,O,,,,"PRESUPUESTO 11247296, BALLETTO URRUTIA JUAN",000000,,1,N
2026,593,596,1,619,2627,2026-02-09 00:00:00,PRESU,2170,2026,O,,,,SANTA PAULA- PRESUPUESTO N° 0001-00002170 - DESDE EL 19/01/26 AL 26/01/26,000000,,1,N
2026,598,600,1,631,3324,2026-02-10 00:00:00,PRESU,0,2026,O,,,,"PRESUPUESTO 000, PROST EMILIANO AGUSTIN",000000,,1,N
2026,599,601,1,642,5,2026-02-11 00:00:00,PRESU,0,2026,O,,,,"PREVISION, ANDRES PONSA S.A",000000,,1,N
2026,602,604,1,643,3075,2026-02-11 00:00:00,PRESU,70,2026,O,,,,"PRESUPUESTO 0001-000000070, JUAN MARTIN CORREA LORENTE",000000,,1,N
2026,603,605,1,645,169,2026-02-11 00:00:00,PRESU,1026,2026,O,,,,PRESUPUESTO TERRANOVA QUIMICA N 1026,000000,,1,N
2026,604,606,1,644,441,2026-02-11 00:00:00,PRESU,3872,2026,O,,,,"Matienzo Paola ,presupuesto 00003872",000000,,1,N
2026,605,607,1,646,171,2026-02-11 00:00:00,PRESU,4481,2026,O,,,,Presupuesto N 4481 Electricidad El Gallego,000000,,1,N
2026,606,608,1,647,3287,2026-02-11 00:00:00,PRESU,1856,2026,O,,,,"PRESUPUESTO N° 1856 de ""Hispanograf"" Bonos de pan para los programas de alimentos",000000,,1,N
2026,607,609,1,653,41,2026-02-11 00:00:00,PRESU,0,2026,O,,,,SAMUEL CALANDRON        CARNAVAL 2026,000000,,1,N
2026,608,610,1,652,3364,2026-02-11 00:00:00,PRESU,0,2026,O,,,,MATIAS LIGARI     CARNAVAL 2026,000000,,1,N
2026,620,622,1,664,685,2026-02-11 00:00:00,PRESU,0,2026,O,,,,"PRESUPUESTO DEL 4/02/2026, DRAGOJEVIC SIMON",000000,,1,N
2026,623,625,1,670,3441,2026-02-12 00:00:00,PRESU,0,2026,O,,,,"PREVISION, FURNO VANESA SOLEDAD",000000,,1,N
2026,626,628,1,673,2917,2026-02-13 00:00:00,PRESU,5609,2026,O,,,,PROV. AMERICAN VIAL PRESUP.5609  FILTROS PARA WECAM X650  EPK06,000000,,1,N
2026,627,629,1,668,2410,2026-02-13 00:00:00,PRESU,1166,2026,O,,,,PROV. BOGADO LEANDRO RUBEN - PRESUP. N°1166 - SEC PRODUCCION- FOTON AF591SL,000000,,1,N
2026,628,630,1,654,441,2026-02-13 00:00:00,PRESU,3866,2026,O,,,,Presupuesto N  00003866 ALPA,000000,,1,N
2026,629,631,1,655,2410,2026-02-13 00:00:00,PRESU,1179,2026,O,,,,"PRESUPUESTO 1179/1184/1186/1173, BOGADO LEANDRO RUBEN",000000,,1,N
2026,631,633,1,656,300,2026-02-13 00:00:00,PRESU,5933,2026,O,,,,PROV.SILVIA MAISTEGUI PRESUP.5933 ARTICULOS DE FERRETERIA PARA  ARREGLO DE FAROLAS CALLE 33 REMPLAZO DE COLUMNAS,000000,,1,N
2026,634,636,1,658,300,2026-02-13 00:00:00,SUM,597,2026,O,,,,"PROV.SILVIA MAISTEGUI PRESUP.5936 ARTICULOS DE FERRETERIA PARA BANCOS DE PLAZA,FUENTE DEL BICENTENARIO REPARACION DE COLUMNAS DE ALUMBRADO MOTOR PARA BOMBEADOR DE ESTADIO MUNICIPAL",000115,,1,N
2026,636,638,1,659,1879,2026-02-13 00:00:00,SUM,596,2026,O,,,,"PROV.DANIEL ZUBIARRAIN PRESUP.3043 REPUESTOS PARA OOI617,PPU739",000115,,1,N
2026,637,639,1,660,300,2026-02-13 00:00:00,SUM,595,2026,O,,,,PROV.MAISTEGUI SILVIA 5923 ARTICULOS DE FERRETERIA PARA REPARACIONS EN CORRALON MUNICIPAL CAMION OOI617 LAN 557,000115,,1,N
2026,638,640,1,641,2330,2026-02-13 00:00:00,SUM,584,2026,O,,,,CORRESPONDE PREVISION COMBUSTIBLES DEL SALADO - SEC GOBIERNO,000115,,1,N
2026,641,643,1,676,879,2026-02-13 00:00:00,SUM,650,2026,O,,,,PRESUPUESTO N° 1027 - CASA HARISGARAT - REPARACIONES ESTADIO MUNICIPAL,000115,,1,N
2026,642,644,1,695,879,2026-02-13 00:00:00,SUM,654,2026,O,,,,CASA HARISGARAT - PRESUPUESTO N° 1-1033 (INTERNACION HOSPITAL),000115,,1,N
2026,643,645,1,692,167,2026-02-13 00:00:00,SUM,653,2026,O,,,,TODO POLLO - PRESUPUESTO N° 75  SEMANA DEL 29/01 AL05/02,000115,,1,N
2026,645,647,1,688,2371,2026-02-13 00:00:00,SUM,638,2026,O,,,,PROV.MERIO INDUSTRIA PRESUP.10/02/2026 CEPILLOS DE BARRENDERO PARA BARRIDO DE CALLES,000115,,1,N
2026,646,648,1,685,1879,2026-02-13 00:00:00,SUM,673,2026,O,,,,"Rodamientos Tuyu, presupuesto 3046 (AE704AX)",000115,,1,N
2026,647,649,1,675,2450,2026-02-13 00:00:00,SUM,675,2026,O,,,,"PRESUPUESTO de Labatut, Marcelo de ""LA FRUTERIA"" enero 2026",000115,,1,N
2026,648,650,1,682,3297,2026-02-13 00:00:00,SUM,670,2026,O,,,,"Frenos Madariaga, presupuesto 093 (AW704AX- OIG911-AF747PM)",000115,,1,N
2026,649,651,1,697,879,2026-02-13 00:00:00,SUM,655,2026,O,,,,CASA HARISGARAT - PRESUPUESTO N° 1-1029 (GUARDIA HOSPITAL),000115,,1,N
2026,650,652,1,679,1995,2026-02-13 00:00:00,SUM,661,2026,O,,,,"Carpinteria San Sebastian, presupuesto 060 (escalera COM)",000115,,1,N
2026,651,653,1,698,879,2026-02-13 00:00:00,SUM,656,2026,O,,,,CASA HARISGARAT - PRESUPUESTO N° 1-1020 (CIC QUINTANILLA),000115,,1,N
2026,652,654,1,694,57,2026-02-13 00:00:00,SUM,632,2026,O,,,,IMPRENTA EL ARGENTINO. IRMA CRISTINA BONOMI. PRESPUESTO Nº 553. DIAGNOSTICO POR IMAGENES.,000115,,1,N
2026,654,656,1,689,413,2026-02-13 00:00:00,SUM,642,2026,O,,,,"PROV.AGUSTIN PASO PRESUP.4031,4041,4039,4036,4033,4027,4017,4009,4007,4005,4002,4047,4050,4048,4052  PARA CAMION XNE244,SOG742,DMI232RFJ13,CII59, FSL723,",000115,,1,N
2026,655,657,1,684,2410,2026-02-18 00:00:00,SUM,672,2026,O,,,,"L.R.B Bogado, presupuesto 1178 (KYV375)",000115,,1,N
2026,656,658,1,681,1259,2026-02-18 00:00:00,SUM,667,2026,O,,,,"Electro Dannunzio, presupuestos 30163 (inspeccion)",000115,,1,N
2026,657,659,1,678,1259,2026-02-18 00:00:00,SUM,682,2026,O,,,,PROV.ELECTRO DANNUNZIO PRESUP.30143 PARA CORRALON MUNICIPAL,000115,,1,N
2026,658,660,1,691,441,2026-02-18 00:00:00,SUM,651,2026,O,,,,ALPA - PRESUPUESTO N° 2-3864 (DIRECCION HOSPITAL),000115,,1,N
2026,660,662,1,687,413,2026-02-18 00:00:00,SUM,669,2026,O,,,,"PRESUPUESTO 4014, PASO AGUSTIN",000115,,1,N
2026,673,675,1,756,3011,2026-02-18 00:00:00,SUM,708,2026,O,,,,PROV. LUCAS NAHUEL SARMIENTO PRESUP.13/02/2026 REPUESTOS PARA MOTONIVELADRA NEW HOLLAND RG 140 CII59,000115,,1,N
2026,674,676,1,719,2069,2026-02-18 00:00:00,SUM,625,2025,O,,,,"PRESUPUESTO de ""CARPINTERIA MUNTION"" Para realización de puerta en la Casita de Chocolate",000115,,1,N
2026,677,679,1,721,879,2026-02-18 00:00:00,SUM,622,2026,O,,,,"PRESUPUESTO N° X 0001-00001021 de Tatano Harisgarat S.R.L. de ""CASA HARISGARAT"" Familia: Rodriguez, Belén Soledad",000115,,1,N
2026,679,683,1,722,413,2026-02-18 00:00:00,SUM,640,2026,A,2026-02-20 00:00:00,ADMINI,,Corresponde presupuesto N° 0001-00004043/000004038/00004029/00004021/00004018/00004015/00004046/00004049/00004053/00004045 PASO AGUSTIN,000115,,1,N
2026,683,685,1,724,2593,2026-02-18 00:00:00,SUM,624,2026,O,,,,"PRESUPUESTO 11247299, BALLETTO URRUTIA JUAN",000115,,1,N
2026,685,687,1,725,879,2026-02-18 00:00:00,SUM,619,2026,O,,,,PROV.CASA HARISGARAT PRESUP.1023 ARTICULOS DE PLOMERIA PARA ARREGLO EN MEDIO AMBIENTE,000115,,1,N
2026,687,690,1,726,2410,2026-02-18 00:00:00,SUM,618,2026,O,,,,"PROV.LEANDRO BOGAD PRESUP.1160,1159,1163,1187,1188,1174,1185 REPARACIONES DE ALTERNADOR E INSTALACIONES ELECTRICAS PARA :DKT498,SVN719,BNA17,FSL723",000115,,1,N
2026,691,693,1,729,300,2026-02-18 00:00:00,SUM,607,2026,O,,,,PROV.SILVIA MAISTEGUI PRESUP.5925 PARA ARREGLOS GENERALES DEFENSA CIVIL,000115,,1,N
2026,694,696,1,735,300,2026-02-18 00:00:00,SUM,687,2026,O,,,,"Todo Color, presupuesto 5944 (mantenimiento general del area)",000115,,1,N
2026,695,697,1,736,300,2026-02-18 00:00:00,SUM,688,2026,O,,,,"Todo Color, presupuesto 5924 (mantenimiento en general del area )",000115,,1,N
2026,697,699,1,737,776,2026-02-18 00:00:00,SUM,689,2026,O,,,,Gomeria V+B presupuestos 0727-0729-0730-0731-0732-0733-0735-0737-0738-0739-0740-0742-0743-0744,000115,,1,N
2026,699,701,1,738,776,2026-02-18 00:00:00,SUM,690,2026,O,,,,"Gomeria V+B, presupuesto 0745-0741",000115,,1,N
2026,703,705,1,759,1527,2026-02-18 00:00:00,SUM,691,2026,O,,,,"Gomeria La Diagonal, presupuesto 0568-0569-0570",000115,,1,N
2026,706,708,1,741,2770,2026-02-18 00:00:00,SUM,692,2026,O,,,,"Systec, presupuesto 0800 (COM)",000115,,1,N
2026,707,709,1,742,2410,2026-02-18 00:00:00,SUM,652,2026,O,,,,PREUSPUESTO N° 1181 - L.R.B  ELECTRICIDAD AUTOMOTOR - ARRANQUE IVECO AB603TW,000115,,1,N
2026,708,710,1,743,441,2026-02-18 00:00:00,SUM,703,2026,O,,,,"Matienzo Paola, presupuesto 00003878",000115,,1,N
2026,710,712,1,744,2701,2026-02-18 00:00:00,SUM,587,2026,O,,,,PRESUPUESTO ALUCOR REMITO N 0880 PRESUPUESTO N 0879 -  PARA ARMADO DE RECONOCIMIENTOS A ENTREGAR A DEPORTISTAS,000115,,1,N
2026,723,725,1,768,57,2026-02-19 00:00:00,SUM,705,2026,O,,,,IMPRENTA EL ARGENTINO - PRESUPUESTO N° 555,000115,,1,N
2026,724,726,1,769,527,2026-02-19 00:00:00,SUM,707,2026,O,,,,SERVIMED - PRESUPUESTO N° 298/26 CAJA INSTRUMENTAL PARA SUTURAS,000115,,1,N
2026,726,728,1,770,413,2026-02-19 00:00:00,SUM,706,2026,A,2026-02-20 00:00:00,ADMINI,,NEUMATICOS PASO - PRESUPUESTO N° 1-4051  VEHICULO DOMINIO AF545GL,000115,,1,N
2026,728,730,1,771,285,2026-02-19 00:00:00,SUM,724,2026,O,,,,PRESUPUESTO 0000100052481 RADIOGRAFICA OESTE,000115,,1,N
2026,730,732,1,772,1810,2026-02-19 00:00:00,SUM,721,2026,O,,,,PRESUPUESTO 000374 CATALDO ADOLFO REPARACION COMPRESOR PLANTA OXIGENO Nº 2,000115,,1,N
2026,731,733,1,773,1810,2026-02-19 00:00:00,SUM,718,2026,A,2026-02-19 00:00:00,ERROR,,PRESUPUESTO 13/02/26 ´PILOÑA,000115,,1,N
2026,733,735,1,774,2595,2026-02-19 00:00:00,SUM,398,2026,O,,,,"Ivanper, presupuesto 7870 (taller del area )",000115,,1,N
2026,735,737,1,775,413,2026-02-19 00:00:00,SUM,666,2026,O,,,,NEUMATICOS PASO - PRESUPUESTO N° 1-4056 VEHICULO AE619QS,000115,,1,N
