EJERCICIO,NRO_COTI,COD_PROV,PLAZO_ENT,DESC_PLAZO_ENT,FECH_ENTREGA,COD_LUG_ENT,COND_PAGO,DESC_COND_PAGO,OBSERVACIONES,ESTADO,FECHA_CARGA,FECHA_ANUL,MOTIV_ANUL,MANT_OFERTA,DESC_MANT_OFERTA,NRO_LLAMADO
2026,577,3218,000000,,2026-02-04 00:00:00,5,000000,,"PRESUPUESTO 000, USS SERVICIO DE SEGURIDAD",N,2026-02-04 10:57:51,,,,,1
2026,578,141,000000,,2026-02-04 00:00:00,2,000000,,PRESUPUESTO 9689 SAGITARIO,N,2026-02-04 12:47:20,,,,,1
2026,579,2988,000000,,2026-02-05 00:00:00,9,000115,,PRESUPUESTO COTTINI CARLOS MARTIN - 5 MILLAS NOCTURNAS,N,2026-02-05 09:05:47,,,,,1
2026,581,436,000000,,2026-02-05 00:00:00,3,000115,,"PROV. BAIGORRIA LORENZO PRESUP.03/02/2026 PARCHES Y REPARACIONES  DE CUBIERTAS PARA: EPK06,CII58,CII59,LED013,LED010,XNE245,UYW682,BNA17,ASZ490,BMV14,BGZ45.",N,2026-02-05 09:30:33,,,,,1
2026,677,688,000000,,2026-02-18 00:00:00,9,000000,,PRESUPUESTO N° 6978 - PRESUPUESTO N° 6987- BATERIAS LA PRIMERA - ACEITE QUEMADO PARA PINTAR QUEBRACHOS DEL PARQUE ANCHORENA,N,2026-02-18 09:16:40,,,,,1
2026,680,2330,000000,,2026-02-18 00:00:00,8,000000,,PROV. COMBUSTIBLE DEL SALADO- SEC PRODUCCION- PREVISION,N,2026-02-18 09:19:29,,,,,1
2026,682,300,000000,,2026-02-18 00:00:00,9,000000,,Presupuesto N 5938 Pintureria Todo Color presupuesto N 5928 - MANTENIMIENTO GRAL DEL AREA DE DEPORTES,N,2026-02-18 09:22:45,,,,,1
2026,684,2410,000000,,2026-02-18 00:00:00,13,000000,,LEANDRO RUBEN BOGADO - PRESUPUESTO N° 1-1183  VEHICULO REANULT KANGOO DOMINIO AB437WY,N,2026-02-18 09:26:24,,,,,1
2026,686,1259,000000,,2026-02-18 00:00:00,2,000000,,"ELECTRO DANNUNZIO - PRESUPUESTO N° 30100 (COCINA, INTERNACION HOSPITAL)",N,2026-02-18 09:28:30,,,,,1
2026,688,163,000000,,2026-02-18 00:00:00,3,000000,,PROV.ALFIO DISTEFANO PRESP.079-7028 REPARACION DE TOPADORA LUILONG EUF96,N,2026-02-18 09:31:26,,,,,1
2026,691,879,000000,,2026-02-18 00:00:00,3,000000,,PROV. CASA HARISGARAT PRESUP.1024 PARA OFICINA DE DEFENASA CIVIL,N,2026-02-18 09:34:47,,,,,1
2026,694,879,000000,,2026-02-18 00:00:00,8,000000,,"PROV. TATANO HARISGARAT SRL- SEC PRODUCCION- SALA DE ELABORACION,PRESUPUESTO 1040",N,2026-02-18 09:40:48,,,,,1
2026,698,3075,000000,,2026-02-18 00:00:00,2,000000,,PRESUPUESTO 71 CORREA JUAN MARTIN,N,2026-02-18 09:50:34,,,,,1
2026,700,2627,000000,,2026-02-18 00:00:00,2,000000,,PRESUPUESTO 2177 PENACCA SRL SEMANA DEL 01/02/26 AL 08/02/2026,N,2026-02-18 09:54:57,,,,,1
2026,702,2110,000000,,2026-02-18 00:00:00,1,000000,,"Fumega Eduardo,presuesto 537",N,2026-02-18 09:58:28,,,,,1
2026,703,2627,000000,,2026-02-18 00:00:00,H.ANC,000000,,PRESUPUESTO 2176 PENACCA SRL SEMANA DEL 01/02/26 AL 08/02/2026,N,2026-02-18 10:01:56,,,,,1
2026,704,1259,000000,,2026-02-18 00:00:00,1,000000,,"Suc. D´annunzio Jorge Neldo,presupuesto 00030129",N,2026-02-18 10:07:56,,,,,1
2026,706,879,000000,,2026-02-18 00:00:00,JARDM,000000,,"PRESUPUESTO N° X 0001-00001028 / 1035 / 1039 / de Tatano Harisgarat S.R.L. de ""CASA HARISGARAT"" Para arreglo en baño y tanque de agua",N,2026-02-18 10:13:30,,,,,1
2026,850,3534,000000,,2026-03-03 00:00:00,5,000115,," Corresponde Cto. Melisa Pinto Expte n° 329/2026, ADENDAS POR PARITARIAS DURANTE EL AÑO",N,2026-03-03 10:53:51,,,,,1
2026,955,688,000000,,2026-03-10 00:00:00,2,000000,,BATERIAS LA PRIMERA - PRESUPUESTO N° 7008 VEHICULOL FORD KA AE619QS,N,2026-03-10 08:20:32,,,,,1
2026,959,2450,000000,,2026-03-10 00:00:00,JARDM,000000,,"PRESUPUESTO de Labatut, Marcelo de ""LA FRUTERIA"" Febrero 2026",N,2026-03-10 08:49:11,,,,,1
2026,975,3364,000000,,2026-03-10 00:00:00,5,000000,,MATIAS LIGARI    FINAL FOLKLORE EN LOS BARRIOS   EXPTE 224/26,N,2026-03-10 11:17:34,,,,,1
2026,804,2216,000000,,2026-02-26 00:00:00,2,000029,,PRESUPUESTO 30777 RAFAEL CIOFFI SERVICIO AUTOMOTOR AMBULANCIA DOMINIO PAA 334,A,2026-02-26 09:44:27,2026-03-02 12:32:01,BPCOT,,,1
2026,926,3322,000000,,2026-03-09 00:00:00,2,000115,,PINAMAR HIGIENE INSTITUCIONAL SRL- PRESUPUESTO N° 0016-00002427/2428/2496/2511/2512 (COCINA-LAVADERO- OFFICE DE MUCAMAS),N,2026-03-09 11:30:04,,,,,1
2026,929,171,000000,,2026-03-09 00:00:00,5,000115,,ELECTRICIDAD EL GALLEGO   PRESUP. N° 54883,N,2026-03-09 11:40:50,,,,,1
2026,932,777,000000,,2026-03-09 00:00:00,25,000115,,"MP Repuestos, presupuestos 136-123-121-137 (oig911-jwg930-ae704aw)",N,2026-03-09 11:46:50,,,,,1
2026,933,216,000000,,2026-03-09 00:00:00,2,000115,,FAE- PRESUPUESTO N° 3397710,N,2026-03-09 12:00:14,,,,,1
2026,934,3322,000000,,2026-03-09 00:00:00,2,000115,,PINAMAR HIGIENE INSTITUCIONAL - PRESUPUESTO N° 16-2480,N,2026-03-09 12:05:22,,,,,1
2026,935,3322,000000,,2026-03-09 00:00:00,2,000115,,PINAMAR HIGIENE INSTITUCIONAL - PRESUPUESTO N° 16-2497 (HOSPITAL),N,2026-03-09 12:12:05,,,,,1
2026,937,866,000000,,2026-03-09 00:00:00,2,000115,,PILOÑA- PRESUPUESTO N° 5/02/2026,N,2026-03-09 12:38:34,,,,,1
2026,938,169,000000,,2026-03-09 00:00:00,2,000115,,TERRANOVA QUIMICA - PRESUPUESTO N° 1032 (QUIROFANO HOSPITAL),N,2026-03-09 12:48:13,,,,,1
2026,941,169,000000,,2026-03-09 00:00:00,32,000115,,PRESUPUESTO N° 1031 - TERRANOVA QUIMICA - ARTICULOS PARA TAREAS DE LIMPIEZA EN EL POLIDEPORTIVO,N,2026-03-09 12:52:35,,,,,1
2026,943,2310,000000,,2026-03-09 00:00:00,3,000115,,PROV.CENTRO HIERRO PRESUP.7798 HIERRO PARA REPARACION DE CAMION AF987IJ,N,2026-03-09 12:59:50,,,,,1
2026,725,57,000000,,2026-02-19 00:00:00,2,000115,,IMPRENTA EL ARGENTINO - PRESUPUESTO N° 555,N,2026-02-19 08:51:02,,,,,1
2026,726,527,000000,,2026-02-19 00:00:00,2,000115,,SERVIMED - PRESUPUESTO N° 298/26 CAJA INSTRUMENTAL PARA SUTURAS,N,2026-02-19 08:54:42,,,,,1
2026,728,413,000000,,2026-02-19 00:00:00,2,000115,,NEUMATICOS PASO - PRESUPUESTO N° 1-4051  VEHICULO DOMINIO AF545GL,A,2026-02-19 08:58:00,2026-02-20 12:18:45,BPCOT,,,1
2026,730,285,000000,,2026-02-19 00:00:00,2,000115,,PRESUPUESTO 0000100052481 RADIOGRAFICA OESTE,N,2026-02-19 09:01:32,,,,,1
2026,755,2846,000000,,2026-02-23 00:00:00,TURIS,000000,,Cueli Miguel. Alojamiento Rally. DECRETO 78/26.,N,2026-02-23 08:05:42,,,,,1
2026,756,186,000000,,2026-02-23 00:00:00,TURIS,000000,,Marcelo Pasini - Hotel London. Alojamiento Rally. Decreto 78/26,N,2026-02-23 08:08:12,,,,,1
2026,759,3322,000000,,2026-02-23 00:00:00,2,000000,,PINAMAR HIGIENE INSTITUCIONAL - PRESUPUESTO N° 16-2452 (COCINA HOSPITAL),N,2026-02-23 08:11:25,,,,,1
2026,760,1259,000000,,2026-02-23 00:00:00,4,000000,,"PRESUPUESTOS N° 00030134/30174/30182/30193/ de Sucesión de D annunzio Jorge Neldo de ELECTRO D ANNUNZIO"" Para oficinas de sede, prestaciones, género, casita de chocolate",N,2026-02-23 08:13:52,,,,,1
2026,944,803,000000,,2026-03-10 00:00:00,3,000115,,"PROV. BLUECAR PRESUP.0545 FILTROS PARA VEHICULOS SVN719,SOG742,AWK675,XNE245,XNE244,UQV264,UQV265,DMI232,FSL723,HKO983,INI856,BMV14,LED10,LED013,CII59,CII58,OOI617,AF947IJ,AF947IN",N,2026-03-10 07:26:13,,,,,1
2026,945,169,000000,,2026-03-10 00:00:00,GRAN,000115,,"PRESUPUESTO N° 001033 de Terranova Lucas Hernán de ""TERRANOVAQUIMICA"" Para uso de la granja de contención",N,2026-03-10 07:43:38,,,,,1
2026,949,2110,000000,,2026-03-10 00:00:00,35,000115,,Prov.:Eduardo Fumega - Presup.:543,N,2026-03-10 08:02:40,,,,,1
2026,952,2627,000000,,2026-03-10 00:00:00,2,000115,,SANTA PAULA- PRESUPUESTO N° 0001-00002174 (DESDE EL 28/01/26 AL 4/02/2026),N,2026-03-10 08:10:28,,,,,1
2026,958,2627,000000,,2026-03-10 00:00:00,2,000115,,SANTA PAULA- PRESUPUESTO N° 0001-00002173 DESDE EL 27/01/26 AL 3/02/26,N,2026-03-10 08:28:53,,,,,1
2026,960,1573,000000,,2026-03-10 00:00:00,2,000115,,DROGUERIA ALBERDI- PRESUPUESTO N° 25/02/2026,N,2026-03-10 08:53:15,,,,,1
2026,961,167,000000,,2026-03-10 00:00:00,2,000115,,TODO POLLO - PRESUPUESTO N° 81 ( SEMANA  DEL 26/02/26 AL  5/03/26),N,2026-03-10 09:16:17,,,,,1
2026,962,717,000000,,2026-03-10 00:00:00,2,000115,,PROVEEDURIA LA ILUSION- PRESUPUESTO N° 21425,N,2026-03-10 09:21:19,,,,,1
2026,963,167,000000,,2026-03-10 00:00:00,2,000115,,TODO POLLO- PRESUPUESTO N° 82 ( SEMANA DEL 26/02 HASTA EL 5/03/26),N,2026-03-10 09:28:27,,,,,1
2026,964,3287,000000,,2026-03-10 00:00:00,4,000115,,"PRESUPUESTO N° 1866 de ""HISPANOGRAF"" Certificados del curso de barbería",N,2026-03-10 09:37:53,,,,,1
2026,965,3296,000000,,2026-03-10 00:00:00,GRAN,000115,,"PRESUPUESTO N° 0003-00003620 de ""PINTURERIA CONCEPTO S. CAP 1"" Para pintar mástil en la granja de contención",N,2026-03-10 09:43:28,,,,,1
2026,966,1603,000000,,2026-03-10 00:00:00,4,000115,,"PRESUPUESTO N° X 6939054 de Garcia Gladys de ""PANADERIA ALEM"" Esfuerzo Solidario 2026",N,2026-03-10 09:53:26,,,,,1
2026,602,5,000000,,2026-02-11 00:00:00,5,000115,,CORRESPONDE PREVISION PONSA S.A  CARNAVAL,N,2026-02-11 09:39:39,,,,,1
2026,603,2365,000000,,2026-02-11 00:00:00,5,000115,,CORRESPONDE PREVISION GONZALEZ FARIAS J. CARNAVAL,N,2026-02-11 09:42:01,,,,,1
2026,611,2330,000000,,2026-02-11 00:00:00,4,000115,,Corresponde a Previsón de Combustible del Salado. Desarrollo Social,N,2026-02-11 10:19:23,,,,,1
2026,612,2810,000000,,2026-02-11 00:00:00,JARDM,000115,,"PRESUPUESTO N° X 0001-00000768 / 771 / 795 / 851  de Arriola, María Teresa de ""MERCERIA EL DEDAL"" Para la realización de adornos para celebración aniversario de la Casita",N,2026-02-11 10:24:08,,,,,1
2026,613,441,000000,,2026-02-11 00:00:00,26,000115,,Corresponde presupuesto N° 0002-00003870 - MATIENZO PAOLA,N,2026-02-11 10:26:45,,,,,1
2026,614,19,000000,,2026-02-11 00:00:00,CASA,000115,,"PRESUPUESTO N° X 0002-00002957/2959 de Inocencio Cimos de ""FERRETERIA CIMOS"" Para el taller de carpintería y arreglos en la Casa del Adolescente",N,2026-02-11 10:29:10,,,,,1
2026,615,1603,000000,,2026-02-11 00:00:00,CASA,000115,,"PRESUPUESTO N° X 1342396 de Garcia Mabel de ""PANADERIA ALEM""",N,2026-02-11 10:32:32,,,,,1
2026,980,3184,000000,,2026-03-10 00:00:00,2,000000,,DROGUERIA PERDOMINICI- PRESUPUESTO N° 4/03/26,N,2026-03-10 11:35:53,,,,,1
2026,982,1578,000000,,2026-03-10 00:00:00,9,000000,,PRESUPUESTO N° 0394 - COLOMBRARO - SILLAS PLASTICAS PARA SER UTILIZADAS EN DIFERENTES DISCIPLINAS DURANTE EL AÑO,N,2026-03-10 11:42:19,,,,,1
2026,984,167,000000,,2026-03-10 00:00:00,2,000000,, TODO POLLO - PRESUPUESTO N° 80 ( SEMANA  DEL 26/02/26 AL  5/03/26),N,2026-03-10 11:45:56,,,,,1
2026,985,300,000100,,2026-03-10 00:00:00,9,000000,,PRESUPUESTO N° 7201 - FERRETERIA TODO COLOR - MATERIALES PARA REACONDICIONAMIENTO ESPACIO PROGRAMA ABUELOS,N,2026-03-10 11:48:25,,,,,1
2026,986,300,000000,,2026-03-10 00:00:00,9,000000,,PRESUPUESTO N° 7202 - FERRETERIA TODO COLOR - REACONDICIONAMIENTO PARA PROGRAMA ABUELOS,N,2026-03-10 11:51:35,,,,,1
2026,987,3529,000000,,2026-03-10 00:00:00,9,000000,,PREUSPUESTO S/N TISERA SANITARIOS PORTATILES - ALQUILER BAÑOS CARRERA DE LA MUJER,N,2026-03-10 12:48:00,,,,,1
2026,988,2643,000000,,2026-03-10 00:00:00,1,000000,,"PRESUPUESTO 0004,EMPRESA DE TRANSPORTE 12 DE OCTUBRE",N,2026-03-10 13:00:41,,,,,1
2026,996,300,000000,,2026-03-11 00:00:00,3,000000,,"PROV. SILVIA MAISTEGUI PRESUP.5922 PARA REPARAR TARIMAS,RAMPA DE RALLY,REPARACION EN VIVERO",N,2026-03-11 08:45:27,,,,,1
2026,998,2595,000000,,2026-03-11 00:00:00,9,000000,,PRESUPUESTO N° 8131 - IVANPER - REPUESTO PARA REPARACION ELECTRICA IVECO AB603TW,N,2026-03-11 08:49:32,,,,,1
2026,999,2209,000000,,2026-03-11 00:00:00,2,000000,,DURANTE JAVIER- PRESUPUESTO N° 1-852 del 09/02/16 al 16/02/26,N,2026-03-11 09:04:24,,,,,1
2026,1000,2310,000000,,2026-03-11 00:00:00,8,000000,,PROV.CENTRO DE HIERRO PRESUP.11-7802- SEC PRODUCCION,N,2026-03-11 09:07:12,,,,,1
2026,1003,2369,000000,,2026-03-11 00:00:00,3,000000,,"PROV.MERCEDES LA PLATA PRESUP.0216 REPUESTOS PARA XNE245,DMI232,LAN557,LED013",N,2026-03-11 09:11:15,,,,,1
2026,1005,2595,000000,,2026-03-11 00:00:00,3,000000,,"PROV. IVAN  PERICO PRESP. 8086 REPUESTOS PARA  DMI 232, FSL723, PJY978",N,2026-03-11 09:31:10,,,,,1
2026,1006,2595,000000,,2026-03-11 00:00:00,3,000000,,PROV.IVAN PERICO PRESUP.8270 REPEUSTOS PARA LAN557 LED010,N,2026-03-11 09:33:52,,,,,1
2026,1013,2259,000000,,2026-03-11 00:00:00,1,000000,,PREVISION PARA DISTINTAS ACTIVIDADES DURANTE EL AÑO,N,2026-03-11 10:57:17,,,,,1
2026,1024,300,000100,,2026-03-12 00:00:00,9,000000,,PRESUPUESTO N° 5950 - FERRETERIA TODO COLOR - MATERIALES PARA REACONDICIONAMIENTO ESPACIO PROGRAMA NUESTROS ABUELOS,N,2026-03-12 12:02:37,,,,,1
2026,732,1810,000000,,2026-02-19 00:00:00,2,000115,,PRESUPUESTO 000374 CATALDO ADOLFO REPARACION COMPRESOR PLANTA OXIGENO Nº 2,N,2026-02-19 09:06:55,,,,,1
2026,733,1810,000000,,2026-02-19 00:00:00,2,000115,,PRESUPUESTO 13/02/26 ´PILOÑA,A,2026-02-19 09:09:46,2026-02-19 12:59:11,BPCOT,,,1
2026,735,2595,000000,,2026-02-19 00:00:00,25,000115,,"Ivanper, presupuesto 7870 (taller del area )",N,2026-02-19 09:12:38,,,,,1
2026,737,413,000000,,2026-02-19 00:00:00,2,000115,,NEUMATICOS PASO - PRESUPUESTO N° 1-4056 VEHICULO AE619QS,N,2026-02-19 09:15:53,,,,,1
2026,764,2110,000000,,2026-02-23 00:00:00,CASA,000115,,"PRESUPUESTO N° 542 de ""EDUARDO FUMEGA"" Arreglos en Casa del Adolescente",N,2026-02-23 08:48:21,,,,,1
2026,766,3398,000000,,2026-02-23 00:00:00,3,000115,,PROV.CHAYE HNOS PRESUP.0414 REPUESTO PARA TRACTOR JONH DEERE BNA17,A,2026-02-23 08:52:18,2026-02-25 11:39:05,BPCOT,,,1
2026,768,3075,000000,,2026-02-23 00:00:00,1,000115,,"Correa Lorente Juan Martín,presupuesto 0001-00000072",N,2026-02-23 10:31:48,,,,,1
2026,769,169,000000,,2026-02-23 00:00:00,1,000115,,"Terranova , presupesto 001030",N,2026-02-23 10:35:46,,,,,1
2026,798,2110,000000,,2026-02-26 00:00:00,25,000115,,"Eduardo Fumega, presupuesto 540 ( comisaria de la mujer)",N,2026-02-26 07:21:34,,,,,1
2026,799,1259,000000,,2026-02-26 00:00:00,25,000115,,"Electri Dannunzio, presupuesto 30183 (COM-tecnica)",N,2026-02-26 07:24:45,,,,,1
2026,807,3454,000000,,2026-02-26 00:00:00,4,000115,,Expte N° 441/2026 Contrato: Muscia Caldarella Gian Franco - Operador Social Servicio Local. No cumple con el Art. 45 de la Ley 14.656,N,2026-02-26 11:01:00,,,,,1
2026,810,2110,000000,,2026-02-26 00:00:00,CACUL,000115,,EDUARDO FUMEGA  PRESUPUESTO N° 545,N,2026-02-26 11:21:20,,,,,1
2026,812,3529,000000,,2026-02-26 00:00:00,9,000115,,PRESUPUESTO TISERA SANITARIOS PORTATILES,A,2026-02-26 11:26:09,2026-03-09 07:23:41,BPCOT,,,1
2026,814,3184,000000,,2026-02-26 00:00:00,2,000115,,DROGUERIA PERDOMINICI- PRESUPUESTO N° 12/02/2026,N,2026-02-26 11:31:11,,,,,1
2026,818,850,000000,,2026-02-26 00:00:00,2,000115,,UNO ELECTROMEDICINA- PRESUPUESTO N° 00003-00015081/15094 (LABORATORIO DE IMAGENES),N,2026-02-26 11:41:07,,,,,1
2026,820,2306,000000,,2026-02-26 00:00:00,2,000115,,PRESUPUESTO  OXI - REF  SANTIAGO PEREZ,N,2026-02-26 11:53:07,,,,,1
2026,821,345,000000,,2026-02-26 00:00:00,2,000115,,DROGUERIA AZCUENAGA - PRESUPUESTO N° 200056152,N,2026-02-26 11:57:44,,,,,1
2026,822,1573,000000,,2026-02-26 00:00:00,2,000115,,DROGUERIA ALBERDI S.A- PRESUPUESTO N° 26/01/2026,N,2026-02-26 12:01:18,,,,,1
2026,825,2209,000000,,2026-02-26 00:00:00,1,000115,,Expte 129/26 Rally 2026.Durante Javier,N,2026-02-26 12:10:51,,,,,1
2026,826,285,000000,,2026-02-26 00:00:00,2,000115,,RADIOGRAFICAOESTE- PRESUPUESTO N° 100053111 (LABORATORIO DE ANALISIS),N,2026-02-26 12:13:25,,,,,1
2026,828,1810,000000,,2026-02-26 00:00:00,2,000115,,CATALDO ADOLFO E HIJOS PRESUPUESTO 000373,N,2026-02-26 12:17:22,,,,,1
2026,829,866,000000,,2026-02-26 00:00:00,2,000115,,PILOÑA- PRESUPUESTO N° 5/02/26,N,2026-02-26 12:20:25,,,,,1
2026,830,1658,000000,,2026-02-26 00:00:00,9,000115,,PREVISION SIN N° - YELITO AGUA - HIDRATACION EN EVENTOS DEPORTIVOS PRIMER SEMESTRE DEL AÑO,N,2026-02-26 12:27:04,,,,,1
2026,831,1876,000000,,2026-02-26 00:00:00,2,000115,,MAX CONTINENTAL- PRESUPUESTO N° 20/02/2026,N,2026-02-26 12:34:15,,,,,1
2026,833,1063,000000,,2026-02-27 00:00:00,2,000115,,PRESUPUESTO LOPEZ MIGUEN ANGEL TELEFONO FIJO PARA CENTRAL TELEFONICA,N,2026-02-27 07:24:10,,,,,1
2026,834,1267,000000,,2026-02-27 00:00:00,3,000115,,"PROV.SILVIA SORAGNI PRESUP.0607  REPARACION Y REPUESTOS PARA PALA CARGADORA CII58,",N,2026-02-27 07:29:24,,,,,1
2026,844,2869,000000,,2026-02-27 00:00:00,1,000115,,Mada-Poy.Expte 129/26 Rally 2026,N,2026-02-27 11:20:59,,,,,1
2026,845,3198,000000,,2026-02-27 00:00:00,9,000115,,Cirucci Silvia (Trofeos).Expte 129/2026,N,2026-02-27 11:46:45,,,,,1
2026,846,71,000000,,2026-02-27 00:00:00,TURIS,000115,,Campo y ciudad. presupuesto 15276.,N,2026-02-27 12:42:21,,,,,1
2026,847,3287,000000,,2026-02-27 00:00:00,9,000115,,Prevision Avellaneda 7163,N,2026-02-27 13:02:47,,,,,1
2026,580,313,000000,,2026-02-05 00:00:00,3,000115,,PROV. ATREUCO PUEL COMBUSTIBLES PARA MAQUINAS CORTA PASTO Y CAMION VW 17260 AF947IJ,N,2026-02-05 09:17:44,,,,,1
2026,586,1190,000000,,2026-02-06 00:00:00,SECRE,000115,,Corresponde Expte n ° 26/2026 - Servicio de Publicidad- Silvia Tolosa,A,2026-02-06 07:25:23,,,,,1
2026,586,400,000000,,2026-02-06 00:00:00,SECRE,000115,,Corresponde Expte n ° 26/2026 - Servicio de Publicidad- Silvia Tolosa,N,2026-02-06 07:26:26,,,,,1
2026,594,2593,000000,,2026-02-09 00:00:00,5,000000,,"PRESUPUESTO 11247296, BALLETTO URRUTIA JUAN",N,2026-02-09 12:33:30,,,,,1
2026,596,2627,000000,,2026-02-09 00:00:00,2,000000,,SANTA PAULA- PRESUPUESTO N° 0001-00002170 - DESDE EL 19/01/26 AL 26/01/26,N,2026-02-09 12:36:23,,,,,1
2026,600,3324,000000,,2026-02-10 00:00:00,5,000000,,"PRESUPUESTO 000, PROST EMILIANO AGUSTIN",N,2026-02-10 11:48:30,,,,,1
2026,616,2810,000000,,2026-02-11 00:00:00,CASA,000115,,"PRESUPUESTO N° X 0001- 00000785 / 00000787 / 00000796 de Arriola, María Teresa de ""MERCERIA EL DEDAL"" Para el taller de costura del Programa Envión",N,2026-02-11 10:49:30,,,,,1
2026,617,300,000000,,2026-02-11 00:00:00,CASA,000115,,"PRESUPUESTO N° 00005935  de Silvia Beatriz Maistegui de ""PINTURERIA - FERRETERIA TODO COLOR"" Para el taller de carpintería del Programa Envión",N,2026-02-11 10:52:57,,,,,1
2026,618,1603,000000,,2026-02-11 00:00:00,4,000115,,"PRESUPUESTO N° X 1342398 de Gracia Gladys ""PANADERIA ALEM"" Esfuerzo Solidario 2026",N,2026-02-11 10:56:54,,,,,1
2026,619,3296,000000,,2026-02-11 00:00:00,CASA,000115,,"PRESUPUESTO N° 0003-00003519 de ""PINTURERIA CONCEPTO S.CAP I""Para Proyecto de Diseño",N,2026-02-11 11:01:33,,,,,1
2026,620,2410,000000,,2026-02-11 00:00:00,4,000115,,"PRESUPUESTO N° X 0001-00001167 de Leandro Ruben Bogado de ""L.R.B"" Camioneta Ford Ranger JYN 229",N,2026-02-11 11:04:47,,,,,1
2026,621,2593,000000,,2026-02-11 00:00:00,29,000115,,"PRESUPUESTO 11247298, BALLETTO URRUTIA JUAN",N,2026-02-11 11:09:03,,,,,1
2026,632,3287,000000,,2026-02-13 00:00:00,3,000115,,PROV. HISPANOGRAF PRESUP.1859 CARTELES PARA BADEN DE CALLE,N,2026-02-13 09:44:21,,,,,1
2026,636,300,000000,,2026-02-13 00:00:00,DEFCI,000115,,"PROV.SILVIA MAISTEGUI PRESUP.5936 ARTICULOS DE FERRETERIA PARA BANCOS DE PLAZA,FUENTE DEL BICENTENARIO REPARACION DE COLUMNAS DE ALUMBRADO MOTOR PARA BOMBEADOR DE ESTADIO MUNICIPAL",N,2026-02-13 09:52:44,,,,,1
2026,638,1879,000000,,2026-02-13 00:00:00,3,000115,,"PROV.DANIEL ZUBIARRAIN PRESUP.3043 REPUESTOS PARA OOI617,PPU739",N,2026-02-13 09:56:20,,,,,1
2026,582,300,000000,,2026-02-05 00:00:00,3,000115,,"PROV.SILVIA MAISTEGUI PRESUP.5929 ARTICULOS DE FERRETERIA PARA CAMION OOI617,Y ARREGLOS EN CORRALON",N,2026-02-05 09:34:43,,,,,1
2026,583,826,000000,,2026-02-05 00:00:00,3,000115,,PROV. DUENDE AZUL PRESUP.2641 COMISION A LA PLATA POR REPUESTOS,N,2026-02-05 09:38:33,,,,,1
2026,584,685,000000,,2026-02-05 00:00:00,6,000000,,"PRESUPUESTO DEL 4/02/2026, DRAGOJEVIC SIMON",A,2026-02-05 09:38:53,2026-02-11 10:59:47,BPCOT,,,1
2026,585,1266,000000,,2026-02-05 00:00:00,PLANT,000115,,"RENOVACION DE ABONO DE ALARMAS,1° CUATRIMESTRE, EXPTE. 20/2025 Abono 6149 Galpones de Planta de Resiclado.",N,2026-02-05 11:29:59,,,,,1
2026,587,2450,000000,,2026-02-06 00:00:00,9,000000,,PREVICION  MARCELO LABATUT,N,2026-02-06 09:00:01,,,,,1
2026,588,879,000000,,2026-02-06 00:00:00,5,000000,,"Tatano Harisgarat, presupuesto 0001-00001038",N,2026-02-06 11:16:51,,,,,1
2026,589,2109,000000,,2026-02-09 00:00:00,1,000115,,Gomez Alberto Daniel,N,2026-02-09 08:33:21,,,,,1
2026,590,3558,000000,,2026-02-09 00:00:00,2,000115,,Corresponde cto. Villafañe Elvira A. Expte N° 436,N,2026-02-09 09:52:52,,,,,1
2026,591,2692,000000,,2026-02-09 00:00:00,TESOR,000115,,Corresponde presupuesto PAIS HERNAN HORACIO-,N,2026-02-09 11:54:25,,,,,1
2026,592,635,000000,,2026-02-09 00:00:00,1,000115,,Escudero Sergio Fabián,N,2026-02-09 12:16:20,,,,,1
2026,593,635,000000,,2026-02-09 00:00:00,21,000115,,Escudero Sergio Fabián,N,2026-02-09 12:20:01,,,,,1
2026,595,441,000000,,2026-02-09 00:00:00,26,000115,,CORRESPONDE PRESUPUESTO N° 0002-00003858/0002-00003859/0002-00003863/00003868/0002-00003865 - MATIENZO PAOLA A.,N,2026-02-09 12:33:32,,,,,1
2026,597,2770,000000,,2026-02-09 00:00:00,2,000115,,PRESUPUESTO 803 MARTIN FERNANDO,N,2026-02-09 12:37:47,,,,,1
2026,598,2110,000000,,2026-02-09 00:00:00,8,000115,,PROV. FUMEGA EDUARDO- PRESUP. N°5201 - SEC PRODUCCION- SALA DE ELABORACION,N,2026-02-09 12:42:49,,,,,1
2026,639,300,000000,,2026-02-13 00:00:00,3,000115,,PROV.MAISTEGUI SILVIA 5923 ARTICULOS DE FERRETERIA PARA REPARACIONS EN CORRALON MUNICIPAL CAMION OOI617 LAN 557,N,2026-02-13 09:59:00,,,,,1
2026,653,879,000000,,2026-02-13 00:00:00,2,000115,,CASA HARISGARAT - PRESUPUESTO N° 1-1020 (CIC QUINTANILLA),N,2026-02-13 12:46:48,,,,,1
2026,654,57,000000,,2026-02-13 00:00:00,2,000115,,IMPRENTA EL ARGENTINO. IRMA CRISTINA BONOMI. PRESPUESTO Nº 553. DIAGNOSTICO POR IMAGENES.,N,2026-02-13 12:52:00,,,,,1
2026,656,413,000000,,2026-02-13 00:00:00,3,000115,,"PROV.AGUSTIN PASO PRESUP.4031,4041,4039,4036,4033,4027,4017,4009,4007,4005,4002,4047,4050,4048,4052  PARA CAMION XNE244,SOG742,DMI232RFJ13,CII59, FSL723,",N,2026-02-13 12:55:47,,,,,1
2026,657,2410,000000,,2026-02-18 00:00:00,25,000115,,"L.R.B Bogado, presupuesto 1178 (KYV375)",N,2026-02-18 07:11:32,,,,,1
2026,658,1259,000000,,2026-02-18 00:00:00,25,000115,,"Electro Dannunzio, presupuestos 30163 (inspeccion)",N,2026-02-18 07:16:11,,,,,1
2026,659,1259,000000,,2026-02-18 00:00:00,3,000115,,PROV.ELECTRO DANNUNZIO PRESUP.30143 PARA CORRALON MUNICIPAL,N,2026-02-18 07:20:07,,,,,1
2026,660,441,000000,,2026-02-18 00:00:00,2,000115,,ALPA - PRESUPUESTO N° 2-3864 (DIRECCION HOSPITAL),N,2026-02-18 07:23:13,,,,,1
2026,661,441,000000,,2026-02-18 00:00:00,2,000115,,ALPA - PRESUPUESTO N° 2-3873 (ADMINISTRACION HOSPITAL),N,2026-02-18 07:24:10,,,,,1
2026,662,413,000000,,2026-02-18 00:00:00,1,000115,,"PRESUPUESTO 4014, PASO AGUSTIN",N,2026-02-18 07:27:55,,,,,1
2026,663,2410,000000,,2026-02-18 00:00:00,25,000115,,L.R.B Bogado presupuesto 1180 (AF345SU),N,2026-02-18 07:35:29,,,,,1
2026,664,2410,000000,,2026-02-18 00:00:00,25,000115,,"L.R.B bogado , presupuesto 01182 (AE704AW)",N,2026-02-18 07:45:06,,,,,1
2026,665,3220,000000,,2026-02-18 00:00:00,25,000115,,"Ricciuto, presupouesto 020 (jch 069)",N,2026-02-18 07:55:08,,,,,1
2026,835,2708,000000,,2026-02-27 00:00:00,2,000115,,PRESUPUESTO 74562 INSTITUTO RADIOLOGICO S.R.L PACIENTE BIGORITO  MILAGROS CATALINA,N,2026-02-27 07:32:21,,,,,1
2026,836,441,000000,,2026-02-27 00:00:00,13,000115,,ALPA- PRESUPUESTO N° 0002-00003869,N,2026-02-27 07:42:20,,,,,1
2026,837,3220,000000,,2026-02-27 00:00:00,25,000115,,"Ricciuto, presupuesto 023 (AE331 IY)",N,2026-02-27 07:55:00,,,,,1
2026,839,441,000000,,2026-02-27 00:00:00,25,000115,,"Papelera Alpa, presupuesto 3874 (inspeccion)",N,2026-02-27 08:09:07,,,,,1
2026,840,3220,000000,,2026-02-27 00:00:00,25,000115,,"Ricciuto, presupuesto 0022 (AB038FH)",N,2026-02-27 08:15:20,,,,,1
2026,841,2330,000000,,2026-02-27 00:00:00,8,000115,,PROV.COMBUSTIBLE DEL SALADO- SEC PRODUCCION- PREVISION,N,2026-02-27 08:22:49,,,,,1
2026,842,360,000000,,2026-02-27 00:00:00,CONTR,000115,,"PRESUPUESTO 046, LOMBERA CARLOS",N,2026-02-27 08:36:13,,,,,1
2026,843,2209,000000,,2026-02-27 00:00:00,6,000115,,"Durante Javier ,presupuesto 0001-00000853",N,2026-02-27 08:40:31,,,,,1
2026,903,3322,000000,,2026-03-09 00:00:00,2,000115,,PINAMAR HIGIENE INSTITUCIONAL - PRESUPUESTO N° 16-2479 (HOSPITAL),N,2026-03-09 09:29:50,,,,,1
2026,905,850,000000,,2026-03-09 00:00:00,2,000115,,UNO ELECTROMEDICINA- PRESUPUESTO N° 00003-00015129 (LABORATORIO DE ANALISIS),N,2026-03-09 09:34:59,,,,,1
2026,906,866,000000,,2026-03-09 00:00:00,2,000115,,PRESUPUESTO 13/02/26 ´PILOÑA,N,2026-03-09 09:38:47,,,,,1
2026,909,2883,000000,,2026-03-09 00:00:00,2,000115,,INSUMOS GENERALES 3 F- PRESUPUESTO N° 25/02/2026,N,2026-03-09 09:53:07,,,,,1
2026,910,441,000000,,2026-03-09 00:00:00,2,000115,,ALPA- PRESUPUESTO N° 0002-00003880/3881 (DIRECCION- LABORATORIO),N,2026-03-09 09:57:58,,,,,1
2026,911,171,000000,,2026-03-09 00:00:00,2,000115,,ELECTRICIDAD EL GALLEGO- PRESUPUESTO N° 54899/54810,N,2026-03-09 10:04:57,,,,,1
2026,912,160,000000,,2026-03-09 00:00:00,13,000115,,AGROVETERINARIA MARZULLO- PRESUPUESTO N° 0001-00001172/1173,N,2026-03-09 10:10:24,,,,,1
2026,913,2869,000000,,2026-03-09 00:00:00,2,000115,,MADA POY S.A- PRESUPUESTO N° 0001-00000982 (DESDE EL 19/02/2026 AL 26/02/2026),N,2026-03-09 10:13:38,,,,,1
2026,914,612,000000,,2026-03-09 00:00:00,2,000115,,MARZULLO COMPUTACION- PRESUPUESTO N° 001-00001296 (ENFERMERIA),N,2026-03-09 10:19:16,,,,,1
2026,915,527,000000,,2026-03-09 00:00:00,2,000115,,SERVIMED- PRESUPUESTO N° 7269/26 R,N,2026-03-09 10:21:53,,,,,1
2026,916,441,000000,,2026-03-09 00:00:00,1,000115,,"Matienzo Paola ,presupuesto 00003882",N,2026-03-09 10:26:49,,,,,1
2026,918,717,000000,,2026-03-09 00:00:00,4,000115,,"PRESUPUESTO N° X  021422 de Marina Irene Pinilla de ""PROVEDURIA LA ILUSION"" Para la oficina del Equipo de Violencias",N,2026-03-09 10:41:25,,,,,1
2026,919,1141,000000,,2026-03-09 00:00:00,3,000115,,PROV. RUBEN BASTONS PRESUP.0146 LONA PARA CAMION VW 17260 AF497IJ,N,2026-03-09 10:47:06,,,,,1
2026,924,826,000000,,2026-03-09 00:00:00,3,000115,,PROV.DUENDE AZUL PRESUP.2644 COMISION A LA PLATA POR REPUESTOS,N,2026-03-09 11:12:22,,,,,1
2026,928,2209,000000,,2026-03-09 00:00:00,H.ANC,000115,,DURANTE JAVIER- PRESUPUESTO N° 0001-0000847 ( DESDE EL 9/02/26 HASTA EL 9/03/26),N,2026-03-09 11:36:54,,,,,1
2026,930,777,000000,,2026-03-09 00:00:00,3,000115,,"PROV. MP REPUESTOS PRESUP.131,0120 REPUESTOS PARA INI856,CAR748",N,2026-03-09 11:43:43,,,,,1
2026,931,3287,000000,,2026-03-09 00:00:00,8,000115,, PROV. HISPANOGRAF- SEC PRODUCCION-TALLER TEXTIL,N,2026-03-09 11:46:40,,,,,1
2026,666,879,000000,,2026-02-18 00:00:00,7,000115,,"PROV.CASA HARISGARAT PRESUP.1025,1031,1022,1034,1036 PARA ARREGLOS EN CEMENTERIO, CORRALON MUNICIPAL Y CORDON DE CALLES ALEM Y VENEZUELA",N,2026-02-18 07:59:09,,,,,1
2026,667,360,000000,,2026-02-18 00:00:00,5,000115,,CARLOS ARGENTINO LOMBERA PROVEEDOR N° 360,N,2026-02-18 08:06:48,,,,,1
2026,668,164,000000,,2026-02-18 00:00:00,3,000115,,PROV.JOSE CORREA PRESUP.0209 REPARACION DE INSTALACION ELECTRICA EN CORRALON MUNICIPAL,N,2026-02-18 08:16:21,,,,,1
2026,669,2110,000000,,2026-02-18 00:00:00,1,000115,,"Fumega Eduardo,presuesto 537",A,2026-02-18 08:20:24,2026-02-18 09:46:11,BPCOT,,,1
2026,670,2110,000000,,2026-02-18 00:00:00,1,000115,,"Fumega Eduardo,presupuesto 535",N,2026-02-18 08:26:03,,,,,1
2026,671,2110,000000,,2026-02-18 00:00:00,1,000115,,"Fumega Eduardo,presupuesto 536",N,2026-02-18 08:31:35,,,,,1
2026,672,879,000000,,2026-02-18 00:00:00,2,000115,,CASA HARISGARAT - PRESUPUESTO N° 1-1042 (PLANTA OXIGENO HOSPITAL),N,2026-02-18 08:59:58,,,,,1
2026,673,879,000000,,2026-02-18 00:00:00,2,000115,,CASA HARISGARAT - PRESUPUESTO N° 1-1041 (INTERNACION HOSPITAL),N,2026-02-18 09:03:59,,,,,1
2026,674,300,000000,,2026-02-18 00:00:00,2,000115,,PINTURERIA FERRETERIA TODO COLOR - PRESUPUESTO N° 5941 (ENFERMERIA HOSPITAL),N,2026-02-18 09:08:43,,,,,1
2026,675,3011,000000,,2026-02-18 00:00:00,3,000115,,PROV. LUCAS NAHUEL SARMIENTO PRESUP.13/02/2026 REPUESTOS PARA MOTONIVELADRA NEW HOLLAND RG 140 CII59,N,2026-02-18 09:09:28,,,,,1
2026,676,2069,000000,,2026-02-18 00:00:00,JARDM,000115,,"PRESUPUESTO de ""CARPINTERIA MUNTION"" Para realización de puerta en la Casita de Chocolate",N,2026-02-18 09:13:50,,,,,1
2026,678,300,000000,,2026-02-18 00:00:00,2,000115,,"PINTURERIA FERRETERIA TODO COLOR - PRESUPUESTO N° 5930 (DIRECCION, TERAPIA, INTERNACION, LABORATORIO)",N,2026-02-18 09:16:48,,,,,1
2026,679,879,000000,,2026-02-18 00:00:00,4,000115,,"PRESUPUESTO N° X 0001-00001021 de Tatano Harisgarat S.R.L. de ""CASA HARISGARAT"" Familia: Rodriguez, Belén Soledad",N,2026-02-18 09:19:26,,,,,1
2026,681,300,000000,,2026-02-18 00:00:00,2,000115,,PINTURERIA FERRETERIA TODO COLOR - PRESUPUESTO N° 5939 (INTERNACION HOSPITAL),N,2026-02-18 09:22:14,,,,,1
2026,683,413,000000,,2026-02-18 00:00:00,6,000115,,Corresponde presupuesto N° 0001-00004043/000004038/00004029/00004021/00004018/00004015/00004046/00004049/00004053/00004045 PASO AGUSTIN,A,2026-02-18 09:23:06,2026-02-20 10:26:27,BPCOT,,,1
2026,685,2593,000000,,2026-02-18 00:00:00,29,000115,,"PRESUPUESTO 11247299, BALLETTO URRUTIA JUAN",N,2026-02-18 09:27:01,,,,,1
2026,687,879,000000,,2026-02-18 00:00:00,3,000115,,PROV.CASA HARISGARAT PRESUP.1023 ARTICULOS DE PLOMERIA PARA ARREGLO EN MEDIO AMBIENTE,N,2026-02-18 09:30:29,,,,,1
2026,689,2627,000000,,2026-02-18 00:00:00,H.ANC,000115,,PENACCA SRL PRESUPUESTO 2164,N,2026-02-18 09:32:29,,,,,1
2026,690,2410,000000,,2026-02-18 00:00:00,3,000115,,"PROV.LEANDRO BOGAD PRESUP.1160,1159,1163,1187,1188,1174,1185 REPARACIONES DE ALTERNADOR E INSTALACIONES ELECTRICAS PARA :DKT498,SVN719,BNA17,FSL723",N,2026-02-18 09:33:21,,,,,1
2026,692,2330,000000,,2026-02-18 00:00:00,2,000115,,"COMBUSTIBLES DEL SALADO. PREVISION DEL 01/02/26 AL 15/02/26.VEHICULOS HOSPITAL MUNICIPAL.. DOMINIOS EQM 605, FJX 453, KYV 365, JQS 879,AA 775 QW, PAA 334, AB 039 OI, AF 591 SU, AF 545 GL, AF 548 KJ.",N,2026-02-18 09:39:15,,,,,1
2026,693,300,000000,,2026-02-18 00:00:00,DEFCI,000115,,PROV.SILVIA MAISTEGUI PRESUP.5925 PARA ARREGLOS GENERALES DEFENSA CIVIL,N,2026-02-18 09:40:27,,,,,1
2026,695,850,000000,,2026-02-18 00:00:00,2,000115,,UNO ELECTROMEDICINA - PRESUPUESTO N° 3-15020,N,2026-02-18 09:43:30,,,,,1
2026,696,300,000000,,2026-02-18 00:00:00,25,000115,,"Todo Color, presupuesto 5944 (mantenimiento general del area)",N,2026-02-18 09:44:00,,,,,1
2026,697,300,000000,,2026-02-18 00:00:00,25,000115,,"Todo Color, presupuesto 5924 (mantenimiento en general del area )",N,2026-02-18 09:47:29,,,,,1
2026,699,776,000000,,2026-02-18 00:00:00,25,000115,,Gomeria V+B presupuestos 0727-0729-0730-0731-0732-0733-0735-0737-0738-0739-0740-0742-0743-0744,N,2026-02-18 09:50:45,,,,,1
2026,701,776,000000,,2026-02-18 00:00:00,25,000115,,"Gomeria V+B, presupuesto 0745-0741",N,2026-02-18 09:57:56,,,,,1
2026,705,1527,000000,,2026-02-18 00:00:00,25,000115,,"Gomeria La Diagonal, presupuesto 0568-0569-0570",N,2026-02-18 10:13:26,,,,,1
2026,707,285,000000,,2026-02-18 00:00:00,2,000115,,RADIOGRAFICAOESTE - PRESUPUESTO N° 100052677,N,2026-02-18 10:14:37,,,,,1
2026,708,2770,000000,,2026-02-18 00:00:00,25,000115,,"Systec, presupuesto 0800 (COM)",N,2026-02-18 10:17:04,,,,,1
2026,709,2410,000000,,2026-02-18 00:00:00,9,000115,,PREUSPUESTO N° 1181 - L.R.B  ELECTRICIDAD AUTOMOTOR - ARRANQUE IVECO AB603TW,N,2026-02-18 10:20:19,,,,,1
2026,710,441,000000,,2026-02-18 00:00:00,1,000115,,"Matienzo Paola, presupuesto 00003878",N,2026-02-18 10:23:23,,,,,1
2026,711,2450,000000,,2026-02-18 00:00:00,2,000115,,LA FRUTERIA - PRESUPUESTO  del 01/01/26 al 31/01/26,N,2026-02-18 10:23:53,,,,,1
2026,712,2701,000000,,2026-02-18 00:00:00,9,000115,,PRESUPUESTO ALUCOR REMITO N 0880 PRESUPUESTO N 0879 -  PARA ARMADO DE RECONOCIMIENTOS A ENTREGAR A DEPORTISTAS,N,2026-02-18 10:26:32,,,,,1
2026,713,2450,000000,,2026-02-18 00:00:00,2,000115,,LA FRUTERIA - PRESUPUESTO DEL 01/01/2026 AL 31/01/2026,N,2026-02-18 10:35:31,,,,,1
2026,714,3556,000000,,2026-02-18 00:00:00,2,000115,,"LAS MARIAS GRANJA AVICOLA - PRESUPUESTOS N° 27962, 27967, 27971, 27974, 27963 Y 27975 (COCINA Y HOGAR HOSPITAL)",N,2026-02-18 10:43:06,,,,,1
2026,715,2627,000000,,2026-02-18 00:00:00,H.ANC,000115,,SANTA PAULA - PRESUPUESTO N° 1-2180,N,2026-02-18 10:46:03,,,,,1
2026,716,2883,000000,,2026-02-18 00:00:00,2,000115,,INSUMOS GENERALES - PRESUPUESTO S/N FECHA 2/2/2026,N,2026-02-18 10:50:46,,,,,1
2026,717,1943,000000,,2026-02-18 00:00:00,2,000115,,B-GATE INGENIERIA EN GASES - PRESUPUESTO 7482,N,2026-02-18 10:55:12,,,,,1
2026,718,1259,000000,,2026-02-18 00:00:00,H.ANC,000115,,ELECTRO DANNUNZIO - PRESUPUESTO N° 30162,N,2026-02-18 11:28:02,,,,,1
2026,719,300,000000,,2026-02-18 00:00:00,2,000115,,PINTURERIA FERRETERIA TODO COLOR - PRESUPUESTO N° 5945 MATERIAL UTILIZADO EN INTERNACION  Y OTRAS DEPENDENCIAS,N,2026-02-18 11:32:15,,,,,1
2026,720,57,000000,,2026-02-18 00:00:00,2,000115,,IMPRENTA EL ARGENTINO - PRESUPUESTO N° 554 (MATERNIDAD - HOSPITAL),N,2026-02-18 11:35:47,,,,,1
2026,721,879,000000,,2026-02-18 00:00:00,25,000115,,"Casa Harisgarat, presupuesto 1026 (comisaria de la mujer)",N,2026-02-18 11:40:24,,,,,1
2026,723,300,000000,,2026-02-18 00:00:00,25,000115,,"Ferreteria Todo Color, presupuesto 5937 (mantenimiento en general del area)",N,2026-02-18 11:51:54,,,,,1
2026,792,2110,000000,,2026-02-25 00:00:00,JARDM,000115,,"Expte N° 550/2026 PRESUPUESTOS N° 534/544 de ""FUMEGA EDUARDO""",N,2026-02-25 10:50:20,,,,,1
2026,727,2209,000000,,2026-02-19 00:00:00,6,000115,,CORRESPONDE PRESUPUESTO N° 0001-00000846 - C.A.S.E.R,N,2026-02-19 08:55:41,,,,,1
2026,729,1578,000000,,2026-02-19 00:00:00,37,000115,,Corresponde presupuesto N° 0001-00000390 FERRARO LILIANA N.,N,2026-02-19 09:00:54,,,,,1
2026,731,2110,000000,,2026-02-19 00:00:00,3,000115,,"PROV.EDUARDO FUMEGA PRESUP.0539,0538 TRABAJOS DE PLOMERIA PARA VIVERO MUNICIPAL Y BAÑOS TERMINAL",N,2026-02-19 09:06:04,,,,,1
2026,734,212,000000,,2026-02-19 00:00:00,3,000115,,PROV.JOSE ANGEL FERNADEZ PRESUP.0073 REPARACION DE RADIADOR  MINICARDORA MUSTANG BMV14,N,2026-02-19 09:10:35,,,,,1
2026,736,2790,000000,,2026-02-19 00:00:00,3,000115,,PROV.I DE ARTE ARTISTICA PRESP.03/02/2026 CARTEL DE INGRESO EN PELLEGRINI,N,2026-02-19 09:15:12,,,,,1
2026,738,1810,000000,,2026-02-19 00:00:00,1,000115,,"PRESUPUESTO 377, CATALDO ADOLFO",N,2026-02-19 09:19:32,,,,,1
2026,739,441,000000,,2026-02-19 00:00:00,2,000115,,ALPA - PRESUPUESTO N° 2-3867 (COCINA - HOGAR HOSPITAL),N,2026-02-19 09:23:15,,,,,1
2026,849,3514,000000,,2026-03-03 00:00:00,4,000029,,"Expte N° 604/2026 Contrato: Sra. Suaréz Acevedo, Sheila,  Psicóloga Servicio Local - No cumple con el Art. 45 de la Ley 14.656",N,2026-03-03 09:57:10,,,,,1
2026,936,1066,000000,,2026-03-09 00:00:00,35,000029,,Expte.:363/26 Sol. Compra de 450 toneladas de estabilizado,N,2026-03-09 12:32:51,,,,,1
2026,1025,2675,000000,,2026-03-12 00:00:00,25,000000,,"Repuestos LC, presupuesto 000687 (AF747PM- AE704AW)",N,2026-03-12 12:05:21,,,,,1
2026,1026,2675,000000,,2026-03-12 00:00:00,25,000000,,"Repuestos LC, presupuesto 000670 (taller del area)",N,2026-03-12 12:08:00,,,,,1
2026,1027,169,000000,,2026-03-13 00:00:00,37,000000,,"PRESUPUESTO 1036, TERRANOVA LUCAS HERNAN",N,2026-03-13 08:44:22,,,,,1
2026,1028,3075,000000,,2026-03-13 00:00:00,37,000000,,"PRESUPUESTO 83, CORREA LORENTE JUAN MARTIN",N,2026-03-13 08:48:53,,,,,1
2026,1029,3516,000000,,2026-03-13 00:00:00,4,000000,,"Expte N° 709/2026 Renovación de contrato . Sr. Lopéz, Luis Miguel - Barbero - Programa Envión",N,2026-03-13 10:54:54,,,,,1
2026,1031,3454,000000,,2026-03-13 00:00:00,4,000000,,"Expte N° 441/2026 Renovación de contrato. Sr. Muscia Caldarella, Gian Franco - Operador Social Servicio Local -  No cumple con el Art. 45 de la Ley 14.656",N,2026-03-13 11:02:32,,,,,1
2026,1034,17,000000,,2026-03-13 00:00:00,3,000000,,PROV. LUIS LOMBARDIA PRESUP.0064 INSUMOS Y REPUESTOS PARA MAQUINAS CORTA PASTO MOTOGUADAÑA,N,2026-03-13 12:34:09,,,,,1
2026,1035,68,000000,,2026-03-13 00:00:00,4,000115,,"PRESUPUESTO N° X 7390248 de Peyrano, Sergio de ""ATMOSFERICO LA PRIMERA""",N,2026-03-13 12:34:57,,,,,1
2026,1036,17,000000,,2026-03-13 00:00:00,DEFCI,000000,,PROV. LUIS LOMBARDIA PRESP.0066 REPUSTOS PARA MOTOGUADAÑAS Y MOTOSIERRA,N,2026-03-13 12:36:39,,,,,1
2026,1037,604,000000,,2026-03-13 00:00:00,3,000000,,PROV.PROCAM ITURRARTE GUSTAVO PRESUP.1623 PARA FORD 14000 AWK675,N,2026-03-13 12:39:20,,,,,1
2026,1038,17,000000,,2026-03-13 00:00:00,3,000115,,PROV.LUIS LOMBARDIA PRESP.0063 INSUMOS PARA MAQUINAS CORTA PASTO,N,2026-03-13 12:39:21,,,,,1
2026,1039,2988,000000,,2026-03-13 00:00:00,9,000000,,PRESUPUESTO S/N°   COTTINI MARTIN -  ORGANIZACION CARRERA DE LA MUJER,N,2026-03-13 12:42:57,,,,,1
2026,1040,17,000000,,2026-03-13 00:00:00,3,000115,,PROV. LUIS LOMBARDIA PRESUP.0061 REPEUSTOS E ISUMOS PARA MAQUINAS CORTA PASTO,N,2026-03-13 12:43:14,,,,,1
2026,1041,441,000000,,2026-03-13 00:00:00,9,000000,,PRESUPUESTO N° 03888 - ALPA MADARIAGA- MATERIAL A UTILIZAR EN LA CONFECCION DE JUEGOS PROGRAMA NUESTROS ABUELOS,N,2026-03-13 12:45:49,,,,,1
2026,1042,1879,000000,,2026-03-13 00:00:00,25,000000,,"Rodamientos Tuyu, presupuesto 3033 ( OIG911-AE331IY-AB038FH)",N,2026-03-13 12:48:37,,,,,1
2026,1043,1879,000000,,2026-03-13 00:00:00,25,000115,,"Rodamientos Tuyu, presupuesto 3044 ( AE704AW-LBN 155)",N,2026-03-13 12:51:21,,,,,1
2026,1044,1879,000000,,2026-03-13 00:00:00,25,000000,,"Rodamientos Tuyu, presupuesto 3037(AB038FH-NUF386-OIG911-AE331IY  )",N,2026-03-13 12:51:23,,,,,1
2026,1045,300,000000,,2026-03-13 00:00:00,25,000000,,"Pintureria Todo Color, presupuesto 5946 ( matenimiento )",N,2026-03-13 12:54:09,,,,,1
2026,1046,2261,000000,,2026-03-13 00:00:00,2,000115,,MATAFUEGOS AVELLANEDA - PRESUPUESTO N° 1-7271 MATAFUEGOS NUEVOS POR VENCIMIENTO DE LOS  CILINDRO,N,2026-03-13 12:57:46,,,,,1
2026,1047,1440,000000,,2026-03-16 00:00:00,2,000000,,QUALIMED- PRESUPUESTO N° 93,N,2026-03-16 07:25:40,,,,,1
2026,1048,167,000000,,2026-03-16 00:00:00,H.ANC,000115,,TODO POLLO - PRESUPUESTO N° 83 SEMANA DEL 02/03/26 AL 08/03/2026,N,2026-03-16 07:25:42,,,,,1
2026,1049,866,000000,,2026-03-16 00:00:00,2,000000,,PILOÑA- PRESUPUESTO N° 9/03/2026,N,2026-03-16 07:28:24,,,,,1
2026,1050,2595,000000,,2026-03-16 00:00:00,2,000000,,Copia de 2026/1019 IVANPER REPUESTOS - PRESUPUESTO N° 8105 DOMINIO AG180HE - LAMAPRA AMBULANCIA DOMINIO AA775QWDOMINIO,N,2026-03-16 07:31:44,,,,,1
2026,1051,3322,000000,,2026-03-16 00:00:00,2,000000,,PINAMAR HIGIENE INSTITUCIONAL - PRESUPUESTO N° 16-2514,N,2026-03-16 07:34:27,,,,,1
2026,1052,2450,000000,,2026-03-16 00:00:00,2,000000,,LA FRUTERIA - PRESUPUESTO S/N FECHA 26/2/26 HOSPITAL - HOGAR DE ANCIANOS,N,2026-03-16 07:36:51,,,,,1
2026,1053,167,000000,,2026-03-16 00:00:00,2,000115,,TODO POLLO - PRESUPUESTO N° 84 SEMANA DEL 02/03/2026 AL 09/03/2026,N,2026-03-16 07:37:19,,,,,1
2026,1054,57,000000,,2026-03-16 00:00:00,2,000000,,IMPRENTA EL ARGENTINO - PRESUPUESTO N° 557 (INTERNACION CIRUGIA HOSPITAL),N,2026-03-16 07:41:57,,,,,1
2026,1055,2595,000000,,2026-03-16 00:00:00,13,000000,,IVANPER REPUESTOS - PRESUPUESTO N°8310 VEHICULO DOMINIO AB437WY,N,2026-03-16 07:51:57,,,,,1
2026,1056,2595,000000,,2026-03-16 00:00:00,2,000115,,IVANPER REPUESTOS - PRESUPUESTO N°8243  PARA AMBULANCIA DOMINIO PAA334 - PARA COMPRESOR DE PLANTA OXIGENO - PARA MINIBUS AF591SU,N,2026-03-16 07:53:50,,,,,1
2026,1057,1206,000000,,2026-03-16 00:00:00,25,000000,,"Grupo Nucleo, presupuesto 239915 (inspeccion)",N,2026-03-16 11:41:43,,,,,1
2026,1058,3552,000000,,2026-03-16 00:00:00,2,000000,,MATAFUEGOS RUTA 11 - PRESUPUESTO N°9308  REVISION Y CARGAS MATAFUEGOS,N,2026-03-16 11:55:20,,,,,1
2026,1059,2595,000000,,2026-03-16 00:00:00,25,000115,,"Ivanper, presupuesto 8087 ( kyv 375- ae704aw)",N,2026-03-16 12:28:45,,,,,1
2026,1060,2595,000000,,2026-03-16 00:00:00,6,000115,,Corresponde presupuesto N° 00008078 -00008242 IVAN PER,N,2026-03-16 12:33:56,,,,,1
2026,1061,879,000000,,2026-03-16 00:00:00,32,000115,,PRESUPUESTO N° 1072 - CASA HARISGARAT - ARENA PARA RELLENADO DE CANCHA DE TEJO PROGRAMA NUESTROS ABUELOS,N,2026-03-16 12:41:26,,,,,1
2026,1062,688,000000,,2026-03-16 00:00:00,6,000000,,Corresponde presupuesto N° 0000007003- RAMOS E ISIDRO,N,2026-03-16 12:43:41,,,,,1
2026,1063,2627,000000,,2026-03-16 00:00:00,H.ANC,000000,,SANTA PAULA- PRESUPUESTO N° 0001-00002190/2191 (DESDE 3/03 HASTA EL 10/03/26),N,2026-03-16 12:46:11,,,,,1
2026,599,1259,000000,,2026-02-09 00:00:00,DESPA,000115,,CORRESPONDE PRESUPUESTO N ° 00030122 - SUC DANNUNZIO,N,2026-02-09 12:45:14,,,,,1
2026,777,1962,000000,,2026-02-24 00:00:00,1,000115,,Escobar Juan Carlos,N,2026-02-24 11:27:24,,,,,1
2026,778,1514,000000,,2026-02-24 00:00:00,3,000115,,PROV. CASA ELICEIRY PRESUP.23/02/2026 ACEITES Y LUBRICANTES PARA FLOTA VEHICULAR DE ESTA SECRETARIA,N,2026-02-24 12:13:32,,,,,1
2026,779,2525,000000,,2026-02-24 00:00:00,1,000115,,Asociacion de Bomberos Voluntarios.Expte129-2026,N,2026-02-24 12:31:43,,,,,1
2026,786,2869,000000,,2026-02-25 00:00:00,CASA,000115,,"PRESUPUESTO N° X 0001-00000980 de ""MADA POY S.A."" Taller de cocina",N,2026-02-25 08:28:06,,,,,1
2026,787,68,000000,,2026-02-25 00:00:00,4,000115,,"PRESUPUESTO N° X 7390245  de Peyrano, Sergio de ""ATMÓSFERICO LA PRIMERA""",N,2026-02-25 08:32:54,,,,,1
2026,788,2869,000000,,2026-02-25 00:00:00,2,000115,,MADA POY - PRESUPUESTO N° 1-966 SEMANA DEL 23/01/26 AL 30/01/2026,N,2026-02-25 08:37:11,,,,,1
2026,789,2869,000000,,2026-02-25 00:00:00,2,000115,,MADA POY - PRESUPUESTO N° 1-978 SEMANA DEL 02/02/26 AL 09/02/26,N,2026-02-25 08:39:47,,,,,1
2026,790,2869,000000,,2026-02-25 00:00:00,H.ANC,000115,,MADA POY - PRESUPUESTO 1-965 SEMANA DEL 16/01/26 AL 22/01/26,N,2026-02-25 08:43:48,,,,,1
2026,832,3561,000000,,2026-02-26 00:00:00,3,000115,,PROV. MUNDO CARGO PRESUP.3147 REPUSTOS PARA FOTON AE969PX,N,2026-02-26 12:54:17,,,,,1
2026,869,2869,000000,,2026-03-04 00:00:00,2,000115,,MADA POY S.A- PRESUPUESTO N° 0001-00000983 DESDE EL 24/02/26 AL 3/03/26,N,2026-03-04 12:28:02,,,,,1
2026,871,167,000000,,2026-03-04 00:00:00,2,000115,,TODO POLLO - PRESUPUESTO N° 79 (SEMANA DEL 19/02/26 AL 26/02/26),N,2026-03-04 12:40:54,,,,,1
2026,722,21,000000,,2026-02-18 00:00:00,25,000115,,"Fabrimar, presupuesto 0296 (AB038FH)",N,2026-02-18 11:47:50,,,,,1
2026,848,492,000000,,2026-03-02 00:00:00,2,000029,,MAXIMO PINASCO S.A PRESUPUESTO 1000354096 SERVICE MINIBUS AF591SU,N,2026-03-02 12:23:08,,,,,1
2026,1001,2595,000000,,2026-03-11 00:00:00,3,000115,,"PROV.IVAN PERICO PRESUP.8088,8237,8241 REPEUSTOS PARA KYV355 LED010, SVN719",N,2026-03-11 09:07:26,,,,,1
2026,1002,3336,000000,,2026-03-11 00:00:00,3,000115,,PROV.ROCIO MORALES PRESUP.09.03 REPARACION PARA LED013N ASZ490,N,2026-03-11 09:10:12,,,,,1
2026,1004,3395,000000,,2026-03-11 00:00:00,3,000115,,PROV. YANINA PECORARI PRESUP.5090 BARETIA PARA LED013,N,2026-03-11 09:25:46,,,,,1
2026,1007,2450,000000,,2026-03-11 00:00:00,2,000115,,LA FRUTERIA - PRESUPUESTO S/N FECHA 26/2/26   HOSPITAL - HOGAR DE ANCIANOS,N,2026-03-11 10:12:04,,,,,1
2026,1008,3564,000000,,2026-03-11 00:00:00,8,000115,,PROV MADRID MIGUEL ANGEL- PRESUP 12/02/26-SEC PRODUCCION-,N,2026-03-11 10:20:05,,,,,1
2026,1009,1440,000000,,2026-03-11 00:00:00,2,000115,,QUALIMED S.A- PRESUPUESTO N° 92,N,2026-03-11 10:26:27,,,,,1
2026,1010,2627,000000,,2026-03-11 00:00:00,2,000115,,SANTA PAULA- PRESUPUESTO N° 0001-00002194 (SEMANA DEL 9/03 AL 16/03/26),N,2026-03-11 10:35:04,,,,,1
2026,1011,850,000000,,2026-03-11 00:00:00,2,000115,,UNO ELECTROMEDICINA- PRESUPUESTO N° 00003-00015228 (LABORATORIO DE ANALISIS),N,2026-03-11 10:38:29,,,,,1
2026,1012,300,000000,,2026-03-11 00:00:00,2,000115,,PINTURERIA FERRETERIA TODO COLOR - PRESUPUESTO N° 5949  REPARACIONES EN DIFERENTES SECTORES DEL HOSPITAL,N,2026-03-11 10:53:03,,,,,1
2026,1014,3165,000000,,2026-03-11 00:00:00,2,000115,,VELIBO SUPPLIES S.A.S- PRESUPUESTO N° 0001-00011228,N,2026-03-11 11:10:41,,,,,1
2026,1015,2416,000000,,2026-03-11 00:00:00,25,000115,,"Cesviauto, presupuesto (para colocar en el vehiculo ford ka que pertenecia a salud AC 548KJ)",N,2026-03-11 11:26:00,,,,,1
2026,1016,2801,000000,,2026-03-11 00:00:00,TURIS,000115,,Pasini refrigeracion - presupuestocon fecha10/03/26,N,2026-03-11 11:44:36,,,,,1
2026,1017,2627,000000,,2026-03-11 00:00:00,2,000115,,SANTA PAULA - PRESUPUESTO N° 1-2192,N,2026-03-11 12:10:00,,,,,1
2026,1018,1879,000000,,2026-03-11 00:00:00,25,000115,,"Rodamientos Tuyu, presupuesto 3048 (OIG 911-AE704AW-AE331IY-AB038FH)",N,2026-03-11 12:21:51,,,,,1
2026,1019,1879,000000,,2026-03-11 00:00:00,25,000115,,"Rodamientos Tuyu, presupuesto 3901 (AE704AW)",N,2026-03-11 12:24:51,,,,,1
2026,1020,285,000000,,2026-03-11 00:00:00,2,000115,,RADIOGRAFICAOESTE - PRESUPUESTO N° 100053328,N,2026-03-11 12:26:42,,,,,1
2026,1021,2595,000000,,2026-03-11 00:00:00,25,000115,,"Ivanper, presupuesto 8244 (ag7143zv-af747pm-oig911)",N,2026-03-11 12:31:27,,,,,1
2026,1022,1810,000000,,2026-03-11 00:00:00,2,000115,,PRESUPUESTO 000378  CATALDO ADOLFO SERVICE + LIMPIEZA AIRE ACONDICIONADO SALA TOMOGRAFO,N,2026-03-11 12:34:55,,,,,1
2026,567,1876,000000,,2026-02-04 00:00:00,2,000120,,MAX CONTINENTAL- PRESUPUESTO N° 0001-00158849/158994/159040,N,2026-02-04 09:15:36,,,,,1
2026,569,3184,000000,,2026-02-04 00:00:00,2,000115,,DROGUERIA PERDOMIINICI- PRESUPUESTO N° 27/01/2026,N,2026-02-04 09:19:18,,,,,1
2026,574,395,000000,,2026-02-04 00:00:00,2,000115,,PRESUPUESTO LABORATORIO BIOQUIMICO PRACTICAS MES DE ENERO,N,2026-02-04 09:45:18,,,,,1
2026,575,3322,000000,,2026-02-04 00:00:00,2,000115,,PINAMAR HIGIENE INSTITUCIONAL SRL- PRESUPUESTO N° 0016-00002341/2342/2365 (COCINA- OFFICE MUCAMAS),N,2026-02-04 09:47:11,,,,,1
2026,576,167,000000,,2026-02-04 00:00:00,2,000115,,""" TODO POLLÑO"" Gonzalo A. Bustamasnte. PRESUPUESTO Nº 72.COCINA HOSPITAL.SEMAN DEL 19/01/26 AL 26/01/26",N,2026-02-04 09:50:39,,,,,1
2026,641,2674,000000,,2026-02-13 00:00:00,9,000029,,Expte 129/26 Edición de Rally pagos del Tuyo 2026.Sodor Pablo,N,2026-02-13 11:17:24,,,,,1
2026,642,3177,000000,,2026-02-13 00:00:00,5,000010,,GUSTAVO ADOLFO FARIAS,A,2026-02-13 11:27:15,2026-02-26 10:32:29,BPCOT,,,1
2026,1064,3430,000000,,2026-03-16 00:00:00,2,000000,,PRESUPUESTO 167212 GLOBAL TONER PARA OFICINA FACTURACION - OFICINA ESTADISTICA - DIRECCION MEDICA - DIRECION ADMINISTRATIVA - INTERNACION - GUARDIA ADULTO - GUARDIA PEDIATRICA - OFICINA DE PERSONAL - CONSULTORIOS EXTERNOS - CAPS BELGRANO - CAPS SAN MARTIN  - CAPS NORTE - CAPS QUINTANILLA,N,2026-03-16 12:53:19,,,,,1
2026,969,3511,000000,,2026-03-17 00:00:00,2,000115,,PRESUPUESTO ESPINOSA MARIA SILVIA  SERVICIO AUTOMOTOR AMBULANCIA DOMINIO PAA 334,N,2026-03-17 11:01:35,,,,,1
2026,851,3296,000000,,2026-03-03 00:00:00,CACUL,000115,,PINTURERIA CONCEPTO,N,2026-03-03 11:41:41,,,,,1
2026,853,866,000000,,2026-03-03 00:00:00,2,000115,,PILOÑA- PRESUPUESTO N° 1646764,N,2026-03-03 12:34:05,,,,,1
2026,854,2408,000000,,2026-03-03 00:00:00,2,000115,,EL CENTRO DEL KINESIOLOGO- PRESUPUESTO S/N° 26/02/26,N,2026-03-03 12:42:34,,,,,1
2026,855,57,000000,,2026-03-03 00:00:00,2,000115,,EL ARGENTINO- PRESUPUESTO N° 556,N,2026-03-03 12:47:20,,,,,1
2026,724,3003,000000,,2026-02-18 00:00:00,2,000115,,EXPEDIENTE 463/26 SOLICITUD CONTRATO HEALTCHARE SOLUTIONS del 01/01/26 al 30/06/2026,N,2026-02-18 12:41:30,,,,,1
2026,646,1977,000000,,2026-02-13 00:00:00,6,000000,,"PRESUPUESTO 0001-00007390, ZMG ARGENTINA",N,2026-02-13 12:31:07,,,,,1
2026,655,167,000000,,2026-02-13 00:00:00,2,000000,,"""TODO POLLO"" GONZALO A BUSTAMANTE. PRESUPUESTO Nº 77.COCINA HOSPITAL. SEMANA DEL 2 DE FEBRERO AL 8 DE FEBRERO.",N,2026-02-13 12:52:49,,,,,1
2026,946,3322,000000,,2026-03-10 00:00:00,2,000115,,PINAMAR HIGIENE INSTITUCIONAL - PRESUPUESTO N° 16-2500,N,2026-03-10 07:45:19,,,,,1
2026,947,1603,000000,,2026-03-10 00:00:00,JARDM,000115,,"PRESUPUESTO N° X 6939051 de Garcia, Gladys de ""PANADERIA ALEM""",N,2026-03-10 07:52:27,,,,,1
2026,948,2330,000000,,2026-03-10 00:00:00,SECGO,000115,,CORRESPONDE PREVISION COMBUSTIBLES DEL SALADO - SEC GOBIERNO,N,2026-03-10 08:00:09,,,,,1
2026,950,1206,000000,,2026-03-10 00:00:00,4,000115,,Presupuesto N°1-459157 nUCLEO MDP GRUPO NUCLEO-para Area de Prestaciones,N,2026-03-10 08:03:37,,,,,1
2026,951,2770,000000,,2026-03-10 00:00:00,4,000115,,"PRESUPUESTO de ""FERNANDO, MARTIN"" Para computadora de la oficina de género",N,2026-03-10 08:09:55,,,,,1
2026,953,688,000000,,2026-03-10 00:00:00,25,000115,,"Baterias La Primera, presupuesto 7001-7020-7000 ( jch069,lbn155,ae331iy)",N,2026-03-10 08:12:42,,,,,1
2026,956,216,000000,,2026-03-10 00:00:00,17,000115,,"PROV. F.A.E.  PRESUP.1549,7711 BOLSA DE RESIDUOS PARA VIVERO MUNICIPAL Y MEDIO AMBIENTE",N,2026-03-10 08:22:26,,,,,1
2026,957,1259,000000,,2026-03-10 00:00:00,4,000115,,"PRESUPUESTOS N° 00030270/30304 de Sucesión de D annunzio Jorge Neldo de ""ELECTRO D ANNUNZIO"" Para la oficina de Desarrollo Social (afuera)",N,2026-03-10 08:28:17,,,,,1
2026,781,3287,000000,,2026-02-25 00:00:00,9,000000,,PRESUPUESTO N° 1863 - HISPANOGRAF - RALLY PAGOS DEL TUYU,N,2026-02-25 07:39:12,,,,,1
2026,782,3180,000000,,2026-02-25 00:00:00,5,000000,,CARLA MARTINEZ  PROGRAMACION INCAA,N,2026-02-25 07:43:07,,,,,1
2026,783,163,000000,,2026-02-25 00:00:00,6,000000,,Alfio Distefano.Tractor Pauny presupuesto N° 079-7045.,N,2026-02-25 07:45:26,,,,,1
2026,784,163,000000,,2026-02-25 00:00:00,6,000000,,"Alfio Distefano Tractor Pauny,presupuesto 079-7046",N,2026-02-25 07:48:44,,,,,1
2026,785,413,000000,,2026-02-25 00:00:00,2,000000,,NEUMATICOS PASO - PRESUPUESTO N° 1-4051/823  VEHICULO DOMINIO AF545GL,N,2026-02-25 07:51:04,,,,,1
2026,791,2548,000000,,2026-02-25 00:00:00,4,000000,,"PRESUPUESTO de Speziale, Ana María de "" CASA SAINZ"" Sr. Molina, José Arturo DNI: 4.923.674 fallecido el 31/12/2025",N,2026-02-25 10:01:37,,,,,1
2026,793,1608,000000,,2026-02-25 00:00:00,8,000000,,PROV.HOTEL SAN CARLOS - PRES. N°25/02/2026- SEC. PRODUCCION,N,2026-02-25 10:54:29,,,,,1
2026,794,3398,000000,,2026-02-25 00:00:00,3,000000,,PROV.CHAYE HNOS PRESUP.0414 REPUESTO PARA TRACTOR JONH DEERE BNA17,N,2026-02-25 11:49:46,,,,,1
2026,795,2869,000000,,2026-02-25 00:00:00,2,000000,,PRESUPUESTO 979 MADA POY,N,2026-02-25 12:16:28,,,,,1
2026,796,1603,000000,,2026-02-25 00:00:00,2,000000,,PANADERIA ALEM - PRESUPUESTO N° 1342395 (HOGAR Y HOSPITAL),N,2026-02-25 12:26:59,,,,,1
2026,797,2869,000000,,2026-02-25 00:00:00,2,000000,,PRESUPUESTO 981 MADA POY,A,2026-02-25 12:30:37,2026-02-26 08:56:21,BPCOT,,,1
2026,800,822,000000,,2026-02-26 00:00:00,3,000000,,PROV.ESCANDINAVIA DEL PLATA PRESUP.20166 REPUESTO PARA CARGADORA SDLG 936 CII58,N,2026-02-26 08:53:05,,,,,1
2026,802,21352,000000,,2026-02-26 00:00:00,9,000000,," PRESUPUESTO 000, VILLALIBRE JOSE",N,2026-02-26 09:10:43,,,,,1
2026,803,2869,000000,,2026-02-26 00:00:00,2,000000,,PRESUPUESTO 981 MADA POY,N,2026-02-26 09:14:55,,,,,1
2026,805,879,000000,,2026-02-26 00:00:00,9,000000,,PRESUPUESTO 0002-46079 CASA HARISGARAT - RALLY,N,2026-02-26 10:41:53,,,,,1
2026,806,3177,000000,,2026-02-26 00:00:00,5,000000,,GUSTAVO ADOLFO FARIAS,N,2026-02-26 10:59:46,,,,,1
2026,808,2299,000000,,2026-02-26 00:00:00,9,000000,,PREVISION SIN N° - LAGOS - HIDRATACION EN EVENTOS DEPORTIVOS PRIMER SEMESTRE,N,2026-02-26 11:15:38,,,,,1
2026,815,3322,000000,,2026-02-26 00:00:00,2,000000,,PINAMAR HIGIENE INSTITUCIONAL - PRESUPUESTO N° 16-2455,N,2026-02-26 11:31:34,,,,,1
2026,809,163,000000,,2026-02-26 00:00:00,3,000000,,PROV. ALFIO DISTEFANO PRESUP.079-7052 REPUSTOS PARA MOTONIVELADARA NEW HOLLAND CII59,N,2026-02-26 11:19:27,,,,,1
2026,811,3287,000000,,2026-02-26 00:00:00,9,000000,,PRESUPUESTO N° 1864 - HISPANOGRAF - SEÑALETICA RALLY 2026,N,2026-02-26 11:22:29,,,,,1
2026,813,3297,000000,,2026-02-26 00:00:00,25,000000,,"Frenos Madariaga, presupuesto 094 (AE 704 AW-LBN 155- JCH 069)",N,2026-02-26 11:29:02,,,,,1
2026,816,3075,000000,,2026-02-26 00:00:00,H.ANC,000000,,JUAN MARTIN CORREA LORENTE - PRESUPUESTO N° 1-73,N,2026-02-26 11:34:36,,,,,1
2026,817,1078,000000,,2026-02-26 00:00:00,2,000000,,OPAZO DANIEL- PRESUPUESTO N° 20/02/2026 ( LABORATORIO- PLANTA DE OXIGENO- INTERNACION),N,2026-02-26 11:37:20,,,,,1
2026,819,612,000000,,2026-02-26 00:00:00,2,000000,,PRESUPUESTO JOSE MARZULLO SECRETARIA INTERNACION,N,2026-02-26 11:41:21,,,,,1
2026,823,160,000000,,2026-02-26 00:00:00,13,000000,,AGROVETERINARIA MARZULLO- PRESUPUESTO N° 1169/1170,N,2026-02-26 12:03:54,,,,,1
2026,824,171,000000,,2026-02-26 00:00:00,9,000000,,PRESUPUESTO N° 20013 - ELECTRICIDAD EL GALLEGO -  REPARACION ELECTRICIDAD EN PROGRAMA NUESTROS ABUELOS,N,2026-02-26 12:10:40,,,,,1
2026,827,1876,000000,,2026-02-26 00:00:00,2,000000,,MAX CONTINENTAL- PRESUPUESTO N° 20/02/26,N,2026-02-26 12:14:14,,,,,1
2026,838,3529,000000,,2026-02-27 00:00:00,9,000000,,"PRESUPUESTO, TISERA BRAIAN, EXPTE.129/26",N,2026-02-27 08:02:58,,,,,1
2026,566,1943,000000,,2026-02-04 00:00:00,2,000000,,B GATE - PRESUPUESTO N° 0005-00007341,A,2026-02-04 09:13:59,2026-02-13 12:48:14,BPCOT,,,1
2026,568,1658,000000,,2026-02-04 00:00:00,24,000000,,"PREVISION, YELITO",N,2026-02-04 09:18:50,,,,,1
2026,570,2369,000000,,2026-02-04 00:00:00,3,000000,,"PROV.MERCEDES LA PLATA PRESUP.188113 REPUESTOS PARA MERCEDES XNE245,DMI 232,PJY978,OOI617,",N,2026-02-04 09:28:40,,,,,1
2026,571,1879,000000,,2026-02-04 00:00:00,6,000000,,"Corresponde presupuesto N° 00003041- ZUBIARRAIN DANIEL ""RODAMIENTOS DEL TUYU""",N,2026-02-04 09:31:17,,,,,1
2026,572,2208,000000,,2026-02-04 00:00:00,CONTR,000000,,Corresponde presupuesto N° 394 - Lombardi Martin,N,2026-02-04 09:34:12,,,,,1
2026,573,90,000000,,2026-02-04 00:00:00,4,000000,,"PRESUPUESTO NX 00000039 de Lo coco, Marcelo Alejandro de ""TODO COLOR""",N,2026-02-04 09:36:20,,,,,1
2026,601,5,000000,,2026-02-11 00:00:00,2,000000,,"PREVISION, ANDRES PONSA S.A",N,2026-02-11 07:44:49,,,,,1
2026,604,3075,000000,,2026-02-11 00:00:00,CONTR,000000,,"PRESUPUESTO 0001-000000070, JUAN MARTIN CORREA LORENTE",N,2026-02-11 09:48:09,,,,,1
2026,605,169,000000,,2026-02-11 00:00:00,9,000000,,PRESUPUESTO TERRANOVA QUIMICA N 1026,N,2026-02-11 09:51:11,,,,,1
2026,606,441,000000,,2026-02-11 00:00:00,1,000000,,"Matienzo Paola ,presupuesto 00003872",N,2026-02-11 09:56:17,,,,,1
2026,607,171,000000,,2026-02-11 00:00:00,9,000000,,Presupuesto N 4481 Electricidad El Gallego,N,2026-02-11 09:59:27,,,,,1
2026,608,3287,000000,,2026-02-11 00:00:00,4,000000,,"PRESUPUESTO N° 1856 de ""Hispanograf"" Bonos de pan para los programas de alimentos",N,2026-02-11 10:06:11,,,,,1
2026,609,41,000000,,2026-02-11 00:00:00,5,000000,,SAMUEL CALANDRON        CARNAVAL 2026,N,2026-02-11 10:09:08,,,,,1
2026,610,3364,000000,,2026-02-11 00:00:00,5,000000,,MATIAS LIGARI     CARNAVAL 2026,N,2026-02-11 10:11:26,,,,,1
2026,622,685,000000,,2026-02-11 00:00:00,6,000000,,"PRESUPUESTO DEL 4/02/2026, DRAGOJEVIC SIMON",N,2026-02-11 11:24:17,,,,,1
2026,625,3441,000000,,2026-02-12 00:00:00,6,000000,,"PREVISION, FURNO VANESA SOLEDAD",N,2026-02-12 11:15:39,,,,,1
2026,628,2917,000000,,2026-02-13 00:00:00,3,000000,,PROV. AMERICAN VIAL PRESUP.5609  FILTROS PARA WECAM X650  EPK06,N,2026-02-13 08:18:42,,,,,1
2026,967,2001,000000,,2026-03-10 00:00:00,2,000115,,FARMACIA TONANI- PRESUPUESTO S/N° MEDICAMENTOS DISPENSADOS DESDE EL 3/12/25 AL 21/02/26,N,2026-03-10 10:16:03,,,,,1
2026,968,2310,000000,,2026-03-10 00:00:00,2,000115,,CENTRO HIERRO- PRESUPUESTO N° 11-7791,N,2026-03-10 10:30:39,,,,,1
2026,969,2216,000000,,2026-03-10 00:00:00,2,000115,,PRESUPUESTO 30777 RAFAEL CIOFFI SERVICIO AUTOMOTOR AMBULANCIA DOMINIO PAA 334,A,2026-03-10 10:48:12,,,,,1
2026,970,3322,000000,,2026-03-10 00:00:00,2,000115,,PRESUPUESTO 2095  REMITO 975 03/01/26 - PRESUPUESTO 2096 - REMITO 968 10/01/2026 PRESUPUESTO 2093 REMITO 967 17/01/2026,N,2026-03-10 10:58:03,,,,,1
2026,971,2209,000000,,2026-03-10 00:00:00,2,000115,,DURANTE JAVIER - PRESUPUESTO N° 1-857  SEMANA DEL 16/02/26 AL 24/02/26,N,2026-03-10 11:02:39,,,,,1
2026,972,2209,000000,,2026-03-10 00:00:00,2,000115,,DURANTE JAVIER- PRESUPUESTO N° 1-858 DEL 18/02/26 AL 25/02/26,N,2026-03-10 11:07:55,,,,,1
2026,973,3322,000000,,2026-03-10 00:00:00,2,000115,,PINAMAR HIGIENE INSTITUCIONAL - PRESUPUESTO N° 16-240 SEMANA 20/01/26 AL 26/01/2026,N,2026-03-10 11:10:56,,,,,1
2026,974,441,000000,,2026-03-10 00:00:00,2,000115,,ALPA- PRESUPUESTO N° 0002-00003886/3887 (FACTURACION- INTERNACION- COCINA),N,2026-03-10 11:14:41,,,,,1
2026,976,3322,000000,,2026-03-10 00:00:00,2,000115,,PINAMAR HIGIENE INSTITUCIONAL - PRESUPUESTO N° 16-237 SEMANA DEL 12/03/26 AL 19/03/26,N,2026-03-10 11:19:46,,,,,1
2026,977,441,000000,,2026-03-10 00:00:00,H.ANC,000115,,ALPA- PRESUPUESTO N° 0002-00003885,N,2026-03-10 11:28:45,,,,,1
2026,978,1259,000000,,2026-03-10 00:00:00,2,000115,,ELECTRO D ANNUNZIO- PRESUPUESTO N° 23/02/26,N,2026-03-10 11:31:06,,,,,1
2026,979,2330,000000,,2026-03-10 00:00:00,2,000115,,"COMBUSTIBLES DEL SALADO. PREVISION DEL 01/03/26 AL 15/03/26.VEHICULOS HOSPITAL MUNICIPAL.DOMINIOS: EQM 605, FJX 453, KYV 365, JQS 879, AA 775 QW, PAA 334, AB 039 OI, AF 591 SU, AF 545 GL. AF 548 KJ.",N,2026-03-10 11:33:28,,,,,1
2026,981,1810,000000,,2026-03-10 00:00:00,31,000115,,AC REFRIGERACION DE ADOLFO CATALDO E HIJOS - PRESUPUESTO N° 379,N,2026-03-10 11:41:38,,,,,1
2026,852,3482,000000,,2026-03-03 00:00:00,8,000000,, PROV. MARC ALICIA BEATRIZ - PRESUP. 03/03/2026- SEC PRODUCCION-,N,2026-03-03 11:55:20,,,,,1
2026,856,2843,000000,,2026-03-04 00:00:00,4,000000,,"PRESUPUESTO N º X 6926954 de Rost, Tamara de ""FRUTERIA NEGRIN"" Plan Alimentario 2026",N,2026-03-04 07:32:13,,,,,1
2026,857,313,000000,,2026-03-04 00:00:00,3,000000,,PROV. ATREUCO PUEL COMBUSTIBLE PARA MAQUINAS Y VEHICULOS DE ESTA SECRETARIA,N,2026-03-04 07:41:40,,,,,1
2026,858,3296,000000,,2026-03-04 00:00:00,CASA,000000,,"PRESUPUESTO N° 0003-00003595 de ""PINTURERIA CONCEPTO S. CAP I"" Para pintar frente de la Casa del Adolescente",N,2026-03-04 07:45:41,,,,,1
2026,859,71,000000,,2026-03-04 00:00:00,TURIS,000000,,Campo y ciudad. presupuesto 15272.,N,2026-03-04 07:48:11,,,,,1
2026,860,441,000000,,2026-03-04 00:00:00,1,000000,,Presupuesto N° 0002-00003884   Proveedor Matienzo Paola,N,2026-03-04 07:50:20,,,,,1
2026,861,1259,000000,,2026-03-04 00:00:00,6,000000,,"PRESUPUESTO 30288, SUC DANNUNZIO JORGE",N,2026-03-04 07:52:40,,,,,1
2026,862,2958,000000,,2026-03-04 00:00:00,2,000000,,PRESUPUESTO AVICOLA DEL TUYU ANDERS VICTOR REMITOS 30048 - 30063 - 31125 - 31134,N,2026-03-04 07:55:30,,,,,1
2026,863,300,000000,,2026-03-04 00:00:00,4,000000,,"PRESUPUESTO N° X 00000040 de Lo coco, Marcelo Alejandro de ""TODO COLOR""",A,2026-03-04 07:58:04,2026-03-04 07:58:15,BPCOT,,,1
2026,864,90,000000,,2026-03-04 00:00:00,4,000000,,"PRESUPUESTO N° X 00000040 de Lo coco, Marcelo Alejandro de ""TODO COLOR""",N,2026-03-04 07:58:58,,,,,1
2026,865,688,000000,,2026-03-04 00:00:00,6,000000,,"PRESUPUESTO 7025/7010/7007, RAMOS-ISIDRO",N,2026-03-04 08:01:34,,,,,1
2026,866,130,000000,,2026-03-04 00:00:00,TURIS,000000,,Mecanica Integral PEREYRA - presupuesto 133 invernada,N,2026-03-04 08:07:24,,,,,1
2026,867,2302,000000,,2026-03-04 00:00:00,INFOR,000000,,"PRESUPUESTO 11376, DGM DE MARTIN SRL",N,2026-03-04 08:21:34,,,,,1
2026,868,3072,000000,,2026-03-04 00:00:00,1,000000,,Copia de 2026/40 Correo Oficial de la República Argentina,N,2026-03-04 09:47:42,,,,,1
2026,870,2330,000000,,2026-03-04 00:00:00,1,000000,,"PREVISION PARA DISTINTAS AREAS,COMBUSTIBLE DEL SALADO",N,2026-03-04 12:33:51,,,,,1
2026,873,313,000000,,2026-03-05 00:00:00,9,000000,,PREVISION SIN N°  - ATREUCO PUEL S.A -  ABASTECIMIENTO ANUAL DE COMBIS SECRETARIA DE DEPORTES,N,2026-03-05 07:29:46,,,,,1
2026,874,2770,000000,,2026-03-05 00:00:00,ASLEG,000000,,"PRESUPUESTO 000, MARTIN FERNANDO HIJO",N,2026-03-05 07:34:05,,,,,1
2026,875,3337,000000,,2026-03-05 00:00:00,6,000000,,"PRESUPUESTO 595, GARCIA FEDERICO",N,2026-03-05 08:41:17,,,,,1
2026,887,3563,000000,,2026-03-06 00:00:00,5,000000,,SONIDO CD  CLAUDIO OSCAR DIAZ  FINAL FOLKLORE EN LOS BARRIOS  EXPTE 224/26,N,2026-03-06 08:49:25,,,,,1
2026,891,33,000000,,2026-03-06 00:00:00,3,000000,,"PRESUPUESTO 000, PCIA BS AS",N,2026-03-06 11:14:31,,,,,1
2026,892,3529,000000,,2026-03-09 00:00:00,9,000000,,PRESUPUESTO TISERA SANITARIOS PORTATILES,N,2026-03-09 07:42:30,,,,,1
2026,893,3364,000000,,2026-03-09 00:00:00,5,000000,,MATIAS LIGARI    FINAL FOLKLORE EN LOS BARRIOS   EXPTE 224/26,A,2026-03-09 08:51:52,2026-03-10 11:01:39,BPCOT,,,1
2026,894,2330,000000,,2026-03-09 00:00:00,2,000000,,"COMBUSTIBLES DEL SALADO. PREVISION DEL 16/02/26 AL 28/02/2026.VEHICULOS HOSPITAL MUNICIPAL.DOMINIOS EQM 605, FJX 453, KYV 365, JQS 879, AA 775 QW, PAA 334, AB 039 OI, AF 591 SU, AF 545 VGL, AF 548 KJ.",N,2026-03-09 08:58:07,,,,,1
2026,895,1259,000000,,2026-03-09 00:00:00,CONTR,000000,,"PRESUPUESTO 30086, SUC DANNUNZIO JORGE",N,2026-03-09 09:00:42,,,,,1
2026,896,2627,000000,,2026-03-09 00:00:00,H.ANC,000000,,SANTA PAULA- PRESUPUESTO N° 0001-00002180 (SEMANA DEL 11/02 HASTA EL 18/02/26),N,2026-03-09 09:05:52,,,,,1
2026,897,850,000000,,2026-03-09 00:00:00,2,000000,,UNO ELECTROMEDICINA- PRESUPUESTO N° 00003-00015176 (LABORATORIO DE ANALISIS),N,2026-03-09 09:12:59,,,,,1
2026,623,3481,000000,,2026-02-12 00:00:00,5,000115,,PATRICIO DANIEL CASTRO   PROVEEDOR 3481  CARNAVAL 2026  EXPTE 224/26,N,2026-02-12 09:06:46,,,,,1
2026,624,2991,000000,,2026-02-12 00:00:00,5,000115,,SIP EVENTOS CARNAVAL 2026  PRESUPUESTO N° 3097    EX´PTE 224/26,N,2026-02-12 09:15:17,,,,,1
2026,626,1477,000000,,2026-02-12 00:00:00,35,000115,,Exp.:699/25 Sol. Reparaciones p/ Oficina de Medio Ambiente - Prov.:Solari Federico - Presup.:Contrato,N,2026-02-12 11:41:33,,,,,1
2026,629,2410,000000,,2026-02-13 00:00:00,8,000000,,PROV. BOGADO LEANDRO RUBEN - PRESUP. N°1166 - SEC PRODUCCION- FOTON AF591SL,N,2026-02-13 09:37:08,,,,,1
2026,630,441,000000,,2026-02-13 00:00:00,9,000000,,Presupuesto N  00003866 ALPA,N,2026-02-13 09:39:45,,,,,1
2026,631,2410,000000,,2026-02-13 00:00:00,6,000000,,"PRESUPUESTO 1179/1184/1186/1173, BOGADO LEANDRO RUBEN",N,2026-02-13 09:42:54,,,,,1
2026,633,300,000000,,2026-02-13 00:00:00,DEFCI,000000,,PROV.SILVIA MAISTEGUI PRESUP.5933 ARTICULOS DE FERRETERIA PARA  ARREGLO DE FAROLAS CALLE 33 REMPLAZO DE COLUMNAS,N,2026-02-13 09:45:16,,,,,1
2026,634,826,000000,,2026-02-13 00:00:00,3,000000,,PROV.DUENDE AZUL PRESUP.2642 COMISION A LA PLATA REPUSTOS PARA VEHICULOS,N,2026-02-13 09:48:10,,,,,1
2026,635,441,000000,,2026-02-13 00:00:00,7,000000,,PROV.ALPA PRESUP.3862 PARA CEMENTERIO,N,2026-02-13 09:50:36,,,,,1
2026,637,2751,000000,,2026-02-13 00:00:00,8,000000,,  PROV. AGRONOMIA HORTICOLA SRL- PRES. N°27/01/26- SEC PRODUCCION,N,2026-02-13 09:54:14,,,,,1
2026,989,300,000100,,2026-03-11 00:00:00,9,000115,,PRESUPUESTO N° 5950 - FERRETERIA TODO COLOR - MATERIALES PARA REACONDICIONAMIENTO ESPACIO PROGRAMA NUESTROS ABUELOS,A,2026-03-11 07:46:00,2026-03-11 12:49:29,BPCOT,,,1
2026,990,300,000000,,2026-03-11 00:00:00,9,000115,,PRESUPUESTO N° 7206 - FERRETERIA TODO COLOR -MATERIALES PARA MEJORAS ANTE EVENTOS DEPORTIVOS,N,2026-03-11 07:54:36,,,,,1
2026,991,3332,000000,,2026-03-11 00:00:00,3,000115,,PROV. ANA PAOLA RODRIGUEZ PRESUP.0192 REPUSTOS PARA MUSTANG BMV14,N,2026-03-11 08:16:54,,,,,1
2026,992,300,000000,,2026-03-11 00:00:00,3,000115,,PROV. SILVIA MAISTEGUI PRESUP.5948 ARTICULSO DE FERRETERIA PARA USO EN CORRALON Y PINTURA DE CORDON ILLIA Y PELEGRINI Y BS.AS Y PELEGRINI,N,2026-03-11 08:22:31,,,,,1
2026,993,300,000000,,2026-03-11 00:00:00,DEFCI,000115,,PROV.SILVIA MAISTEGUI PRESUP.5943 PARA   PINTURA DE CORDONES Y PREPARATIVOS PARA EL RALLY,N,2026-03-11 08:29:02,,,,,1
2026,994,300,000000,,2026-03-11 00:00:00,22,000115,,PROV.SILVA MAISTEGUI  PRESUP.7204 PARA ARREGLOS  DE DEFENSA CIVIL,N,2026-03-11 08:35:38,,,,,1
2026,995,68,000000,,2026-03-11 00:00:00,3,000115,,PROV.ATMOSFERICO LA PRIMERA PRESUP.0246 DESTAPE DE CAÑERIA Y REGISTRO EN CORRALON MUNICIPAL,N,2026-03-11 08:44:11,,,,,1
2026,997,285,000000,,2026-03-11 00:00:00,2,000115,,RADIOGRAFICAOESTE - PRESUPUESTO N° 100053327,N,2026-03-11 08:48:52,,,,,1
2026,888,120,000000,,2026-03-06 00:00:00,8,000010,, PROV. BARRAL LUIS FRANCISCO - PRESUP. N° 02/03/2026 - SEC PRODUCCION- FOTON AF591SL,N,2026-03-06 09:50:16,,,,,1
2026,898,3165,000000,,2026-03-09 00:00:00,2,000000,,VELIBO SUPPLIES S.A.S- PREUPUESTO N° 0001-00010771,N,2026-03-09 09:18:13,,,,,1
2026,899,1603,000000,,2026-03-09 00:00:00,2,000000,,PANADERIA ALEM DE GARCIA GLADYS- PRESUPUESTO N° 6939053 HOSPITAL Y HOGAR DE ANCIANOS (DESDE EL 28/02 HASTA EL 14/03/2026),N,2026-03-09 09:20:51,,,,,1
2026,900,3322,000000,,2026-03-09 00:00:00,2,000000,,PINAMAR HIGIENE INSTITUCIONAL - PRESUPUESTO N° 16-2451,N,2026-03-09 09:23:21,,,,,1
2026,901,2109,000000,,2026-03-09 00:00:00,1,000000,,Gomez Alberto Daniel,N,2026-03-09 09:26:08,,,,,1
2026,902,3322,000000,,2026-03-09 00:00:00,2,000000,,PINAMAR HIGIENE INSTITUCIONAL - PRESUPUESTO N° 16-2481,N,2026-03-09 09:28:34,,,,,1
2026,904,1440,000000,,2026-03-09 00:00:00,2,000000,,QUALIMED- PRESUPUESTO N° 91,N,2026-03-09 09:31:25,,,,,1
2026,908,2627,000000,,2026-03-09 00:00:00,H.ANC,000000,,SANTA PAULA- PRESUPUESTO N° 0001-00002178 (DIARIO),N,2026-03-09 09:46:05,,,,,1
2026,917,1514,000000,,2026-03-09 00:00:00,6,000000,,"PRESUPUESTO 000, CASA ELICEIRY, 9/03/2026",N,2026-03-09 10:30:14,,,,,1
2026,920,777,000000,,2026-03-09 00:00:00,25,000000,,"MP repuestos, presupuestos 122-135-134-129 ( AB038FG-AE704AW-AB038FH)",N,2026-03-09 10:49:19,,,,,1
2026,921,777,000000,,2026-03-09 00:00:00,25,000000,,"MP Repuestos, presupuestos 126-127 (jwg 930-ae704ax)",N,2026-03-09 10:52:58,,,,,1
2026,922,1259,000000,,2026-03-09 00:00:00,25,000000,,"Electro Dannunzio, prespuesto 30268-30315 (COM)",N,2026-03-09 10:55:31,,,,,1
2026,923,717,000000,,2026-03-09 00:00:00,2,000000,,PROVEEDURIA LA ILUSION- PRESPUESTO N° 21424,N,2026-03-09 11:00:31,,,,,1
2026,925,1514,000000,,2026-03-09 00:00:00,3,000000,,PROV. CASA ELICEIY GAS OIL PARA FLOTA VEHICULAR DE ESTA SECRETARIA,N,2026-03-09 11:29:31,,,,,1
2026,927,1514,000000,,2026-03-09 00:00:00,3,000000,,"PROV. CASA ELICEIRY GAS OIL PARA MAQUINAS DE PREDIO,DISPOSICION FINAL DE RESIDUOS RUTA 11 KM 405.5, 9/03/2026",N,2026-03-09 11:32:25,,,,,1
2026,939,395,000000,,2026-03-09 00:00:00,2,000000,,LABORATORIO BIOQUIMICO MAR DEL PLATA S.A- PRESUPUESTO S/N° PRACTICAS REALIZADAS EN EL MES DE FEBRERO,N,2026-03-09 12:48:19,,,,,1
2026,983,2627,000000,,2026-03-10 00:00:00,H.ANC,000115,,SANTA PAULA- PRESUPUESTO N° 0001-00002190/2191 (DESDE 3/03 HASTA EL 10/03/26),A,2026-03-10 11:45:13,2026-03-13 09:15:55,BPCOT,,,1
2026,940,2209,000000,,2026-03-09 00:00:00,H.ANC,000000,,DURANTE JAVIER - PRESUPUESTO N° 1-855 DEL 01/02/2026 AL 28/02/2026,N,2026-03-09 12:51:00,,,,,1
2026,942,3395,000000,,2026-03-09 00:00:00,3,000000,,"PROV. YANINA PECORARI PRESUP.5087,5086 BATERIA PARA CAMION ASZ490 Y EQM607",N,2026-03-09 12:59:08,,,,,1
2026,742,3557,000000,,2026-02-20 00:00:00,TURIS,000115,,Daniel Goñi. Alojamiento Rally. Decreto 78/26,N,2026-02-20 12:42:30,,,,,1
2026,745,169,000000,,2026-02-20 00:00:00,JARDM,000115,,"PRESUPUESTO N° 001025 de Terranova, Lucas Hernán de ""TERRANOVAQUÍMICA"" Parra lavar toallas, repasadores, etc. en La Casita de Chocolate",N,2026-02-20 12:47:02,,,,,1
2026,747,3169,000000,,2026-02-20 00:00:00,TURIS,000115,,Marta Cristina Zaupa - Alquiler alojamiento Rally. DECRETO 78/26,N,2026-02-20 12:52:39,,,,,1
2026,872,2869,000000,,2026-03-04 00:00:00,2,000115,, MADA POY - PRESUPUESTO N° 0001-00000985/986  SEMANA DEL 26/02/2026 AL 5/03/2026,N,2026-03-04 12:48:17,,,,,1
2026,876,1468,000000,,2026-03-05 00:00:00,2,000115,,NOVAFARMA- PRESUPUESTO N° 23/02/2026,N,2026-03-05 09:00:25,,,,,1
2026,877,3180,000000,,2026-03-05 00:00:00,CACUL,000115,,CARLA MARTINEZ        PROGRAMACION INCAA,N,2026-03-05 09:15:43,,,,,1
2026,878,517,000000,,2026-03-05 00:00:00,2,000115,,PRESUPUESTO 260226 LALOSECVICH  INSUMOS PARA INTERNACION - CAPS NORTE,N,2026-03-05 09:24:18,,,,,1
2026,564,1514,000000,,2026-02-04 00:00:00,RESID,000115,,PROV. CASA ELICEIRY GASOIL PARA MAQUINAS DE PREDIOS DISPOSICION FINAL DE RESIDUOS RUTA 11 KM 405.5,N,2026-02-04 08:03:08,,,,,1
2026,565,1514,000000,,2026-02-04 00:00:00,3,000115,,PROV. CASA ELICEIRY GAS OIL PARA FLOTA VEHICULAR DE ESTA SECRETARIA,N,2026-02-04 08:10:23,,,,,1
2026,627,3560,000000,,2026-02-12 00:00:00,5,000115,,JUAN MARCELO GUTIERREZ  PROVEEDOR 3560   BARRA LIBRE CUMBIA  CARNAVAL 2026  EXPTE 224/26,N,2026-02-12 12:04:51,,,,,1
2026,643,879,000000,,2026-02-13 00:00:00,9,000115,,PRESUPUESTO N° 1027 - CASA HARISGARAT - REPARACIONES ESTADIO MUNICIPAL,N,2026-02-13 12:12:00,,,,,1
2026,644,879,000000,,2026-02-13 00:00:00,2,000115,,CASA HARISGARAT - PRESUPUESTO N° 1-1033 (INTERNACION HOSPITAL),N,2026-02-13 12:15:49,,,,,1
2026,645,167,000000,,2026-02-13 00:00:00,H.ANC,000115,,TODO POLLO - PRESUPUESTO N° 75  SEMANA DEL 29/01 AL05/02,N,2026-02-13 12:19:16,,,,,1
2026,647,2371,000000,,2026-02-13 00:00:00,3,000115,,PROV.MERIO INDUSTRIA PRESUP.10/02/2026 CEPILLOS DE BARRENDERO PARA BARRIDO DE CALLES,N,2026-02-13 12:32:46,,,,,1
2026,648,1879,000000,,2026-02-13 00:00:00,25,000115,,"Rodamientos Tuyu, presupuesto 3046 (AE704AX)",N,2026-02-13 12:35:49,,,,,1
2026,650,3297,000000,,2026-02-13 00:00:00,25,000115,,"Frenos Madariaga, presupuesto 093 (AW704AX- OIG911-AF747PM)",N,2026-02-13 12:40:48,,,,,1
2026,652,1995,000000,,2026-02-13 00:00:00,25,000115,,"Carpinteria San Sebastian, presupuesto 060 (escalera COM)",N,2026-02-13 12:43:35,,,,,1
2026,1030,441,000000,,2026-03-13 00:00:00,9,000115,,PRESPUESTO N° 20042 - PAPELERA ALPA MADARIAGA - VASOS PARA HIDRATACION CARRERA DE LA MUJER,N,2026-03-13 11:00:46,,,,,1
2026,1032,2991,000000,,2026-03-13 00:00:00,9,000115,,PRESUPUESTO N° 3101 - SIP EVENTOS - SONIDO PARA LOCUCION Y MUSICALIZACION EN LA  XI EDICON DE LA CARRERA DE LA MUJER,N,2026-03-13 11:09:58,,,,,1
2026,1033,2450,000000,,2026-03-13 00:00:00,9,000115,,PREVISION S/N MARCELO LABATUT - FRUTAS PARA ENTRAGAR A CORRERDORES EN CARRERA DE LA MUJER,N,2026-03-13 11:13:52,,,,,1
2026,889,1119,000000,,2026-03-06 00:00:00,2,000115,, EXPEDIENTE 5/2025 CONTRATO SOMA S.A DEL 01/01/26 AL 30/06/2026 RECOLECCIÓN SERVICIOS RESIDUOS  PATOGENICOS - DIF ORDEN DE COMPRA N° 127,N,2026-03-06 09:51:50,,,,,1
2026,890,3430,000000,,2026-03-06 00:00:00,2,000115,,PRESUPUESTO 167212 GLOBAL TONER PARA OFICINA FACTURACION - OFICINA ESTADISTICA - DIRECCION MEDICA - DIRECION ADMINISTRATIVA - INTERNACION - GUARDIA ADULTO - GUARDIA PEDIATRICA - OFICINA DE PERSONAL - CONSULTORIOS EXTERNOS - CAPS BELGRANO - CAPS SAN MARTIN  - CAPS NORTE - CAPS QUINTANILLA,A,2026-03-06 10:23:55,2026-03-16 12:27:40,BPCOT,,,1
2026,751,2593,000000,,2026-02-23 00:00:00,5,000115,,JUAN AGUSTIN BALLETTO,N,2026-02-23 07:35:44,,,,,1
2026,752,441,000000,,2026-02-23 00:00:00,1,000115,,"Matienzo Paola ,presupuesto 0002-00003875",N,2026-02-23 07:48:53,,,,,1
2026,753,2627,000000,,2026-02-23 00:00:00,2,000115,,SANTA PAULA - PRESUPUESTO N° 1-2182 (HOSPITAL),N,2026-02-23 07:57:10,,,,,1
2026,754,186,000000,,2026-02-23 00:00:00,TURIS,000115,,Marcelo Pasini - Hotel London. Alojamiento rally. Decreto 78/26,N,2026-02-23 08:04:49,,,,,1
2026,758,186,000000,,2026-02-23 00:00:00,TURIS,000115,,Marcelo Pasini - Hotel London - Alojamiento Rally. decreto 78/26,N,2026-02-23 08:10:01,,,,,1
2026,761,2846,000000,,2026-02-23 00:00:00,TURIS,000115,,Miguel Cueli. Alojamiento Rally. DECRETO 78/26,N,2026-02-23 08:25:09,,,,,1
2026,762,1169,000000,,2026-02-23 00:00:00,TURIS,000115,,Aldaz Oscar Alfredo y Garmendia Mirta condominio. Alojamiento rally. DECRETO 78/26,A,2026-02-23 08:35:52,2026-02-23 08:55:47,BPCOT,,,1
2026,763,3552,000000,,2026-02-23 00:00:00,4,000115,,"PRESUPUESTO N° X 9178 de ""MATAFUEGOS RUTA 11"" Para el aréa de prestaciones",N,2026-02-23 08:42:48,,,,,1
2026,765,160,000000,,2026-02-23 00:00:00,3,000115,,PROV. AGROVETERINARIA MARZULLO PRESUP.1168 INSECTISIDA PARA  ESPACIOS PÚBLICOS,N,2026-02-23 08:48:49,,,,,1
2026,767,3330,000000,,2026-02-23 00:00:00,TURIS,000115,,Aldaz Oscar Alfredo y Garmendia Mirta condominio. Alojamiento rally. DECRETO 78/26,N,2026-02-23 08:57:09,,,,,1
2026,1065,1527,000000,,2026-03-17 00:00:00,25,000115,,"Gomeria La Diagonal, presupuesto 0572",N,2026-03-17 07:30:45,,,,,1
2026,740,1514,000000,,2026-02-19 00:00:00,3,000115,,PROV.CASA ELICEIRY GAS OIL PARA MAQUINAS DE PREDIO DE DISPOSICION FINAL DE RESIDUOS RUTA 11 KM 405.5,N,2026-02-19 12:56:02,,,,,1
2026,741,1514,000000,,2026-02-19 00:00:00,3,000115,,PROV. CASA ELICEIRY GASOIL PARA MAQUINAS Y VEHICULOS DE ESTA SECRETARIA,N,2026-02-19 12:57:05,,,,,1
2026,879,300,000000,,2026-03-05 00:00:00,TURIS,000115,,Pintureria - ferreteria TODO COLOR - presupuesto 5506 - invernada,N,2026-03-05 09:32:25,,,,,1
2026,880,2627,000000,,2026-03-05 00:00:00,2,000115,,SANTA PAULA- PRESUPUESTO N° 0001-00002184 (SEMANA DEL 26/02/26 AL 23/02/26),N,2026-03-05 09:55:03,,,,,1
2026,881,688,000000,,2026-03-05 00:00:00,1,000115,,"PRESUPUESTO 7018, RAMOS-ISIDRO",N,2026-03-05 09:58:49,,,,,1
2026,882,2627,000000,,2026-03-05 00:00:00,2,000115,,SANTA PAULA- PRESUPUESTO N° 0001-00002188 (SEMANA  DEL 23/02/26 AL 2/03/26),N,2026-03-05 10:05:41,,,,,1
2026,883,3492,000000,,2026-03-05 00:00:00,4,000115,,"EXpte N° 632/2026 Contrato: Sra. Baigorria, Daniela Operadora Grupal -  Equipo Envión. No cumple con el Art. 45 de la Ley 14.656",N,2026-03-05 11:05:48,,,,,1
2026,884,3218,000000,,2026-03-05 00:00:00,5,000115,,"PRESUPUESTO 000, USS SERVICIO DE SEGURIDAD DIFERENCIA OC 574",A,2026-03-05 11:26:22,2026-03-11 08:36:53,BPCOT,,,1
2026,885,3540,000000,,2026-03-05 00:00:00,35,000115,,"Exp.:507/26 Sol. Reparacion de Cubierta de EP Nº17 ""9 de Julio de 1986"" del Paraje Medaland - Prov.:Baigorria Gonzalo Ezequiel (3540) - Presup.:Contrato",N,2026-03-05 11:47:00,,,,,1
2026,954,1810,000000,,2026-03-10 00:00:00,31,000000,,AC REFRIGERACION - CATALDO ADOLFO PRESUPUESTO N° 380 AIRE ACONDIONADO CONSULTORIO DE CLINICA,N,2026-03-10 08:17:59,,,,,1
2026,743,441,000000,,2026-02-20 00:00:00,9,000115,,PRESUPUESTO N° 3876 - N° 3877 PAPELERA ALPA MADARIAGA - MATERIALES A UTILIZAR DURANTE EL AÑO EN PROGRAMA NUESTROS ABUELOS,N,2026-02-20 12:43:21,,,,,1
2026,744,2209,000000,,2026-02-20 00:00:00,2,000115,,DURANTE JAVIER - PRESUPUESTO N° 1-850 (COCINA HOSPITAL),N,2026-02-20 12:47:00,,,,,1
2026,746,2593,000000,,2026-02-20 00:00:00,DMACE,000115,,"PRESUPUESTO 9748501, BALLETTO JUAN",N,2026-02-20 12:50:35,,,,,1
2026,748,186,000000,,2026-02-20 00:00:00,TURIS,000115,,Marcelo Pasini - Hotel London. Alojamiento Rally. decreto 78/26,N,2026-02-20 12:53:33,,,,,1
2026,749,3331,000000,,2026-02-20 00:00:00,TURIS,000115,,Liliana Señorans - Parroquinos departamentos. Alojamiento rally. Decreto 78/26,N,2026-02-20 12:57:57,,,,,1
2026,750,572,000000,,2026-02-20 00:00:00,TURIS,000115,,Leonardo Soraire - Alojamiento para rally. Decreto 78/26,N,2026-02-20 13:01:20,,,,,1
2026,640,2330,000000,,2026-02-13 00:00:00,SECGO,000115,,CORRESPONDE PREVISION COMBUSTIBLES DEL SALADO - SEC GOBIERNO,N,2026-02-13 10:12:52,,,,,1
2026,649,2450,000000,,2026-02-13 00:00:00,JARDM,000115,,"PRESUPUESTO de Labatut, Marcelo de ""LA FRUTERIA"" enero 2026",N,2026-02-13 12:36:45,,,,,1
2026,651,879,000000,,2026-02-13 00:00:00,2,000115,,CASA HARISGARAT - PRESUPUESTO N° 1-1029 (GUARDIA HOSPITAL),N,2026-02-13 12:42:27,,,,,1
2026,757,3562,000300,,2026-02-23 00:00:00,27,000029,,desarrollo de software portal de proveedores,N,2026-02-23 08:08:24,,,,,1
2026,770,1063,000000,,2026-02-23 00:00:00,25,000000,,"Miguel Lopez, presupuesto (COM)",N,2026-02-23 11:19:30,,,,,1
2026,771,3169,000000,,2026-02-24 00:00:00,TURIS,000000,,Casa Yoseli de Marta Zaupa. Alojamiento rally. DECRETO 78/26,N,2026-02-24 07:24:11,,,,,1
2026,772,2593,000000,,2026-02-24 00:00:00,1,000000,,"Balletto Urrutia ,Juan Ignacio",N,2026-02-24 07:26:37,,,,,1
2026,773,3287,000000,,2026-02-24 00:00:00,TURIS,000000,,Avellaneda 7163 - Hispanograf.Triptico fiestas y eventos anuales. Presupuesto 1862,N,2026-02-24 07:29:24,,,,,1
2026,774,441,000000,,2026-02-24 00:00:00,3,000000,,PROV.ALPÁ MADARIAGA PRESUP.3871 SELLO PARA CEMENTERIO,N,2026-02-24 07:32:30,,,,,1
2026,775,2151,000000,,2026-02-24 00:00:00,7,000000,,PROV. BARRACA MARIBEL PRESUP.0262  REPUESTO PARA MOTOGUADAÑA,N,2026-02-24 07:35:20,,,,,1
2026,776,413,000000,,2026-02-24 00:00:00,6,000000,,Corresponde presupuesto N° 0001-00004043/000004038/00004029/00004021/00004018/00004015/00004046/00004049/00004053/00004045 PASO AGUSTIN,N,2026-02-24 07:37:51,,,,,1
2026,780,2367,000000,,2026-02-24 00:00:00,9,000000,,"PRESUPUESTO 000, FED REG DE AUT DEP MAR Y SIERRA",N,2026-02-24 12:51:30,,,,,1
2026,801,3481,000000,,2026-02-26 00:00:00,9,000029,,"PRESUPUESTO 000, CASTRO PATRICIO DANIEL",N,2026-02-26 09:09:27,,,,,1
