CODIGO,DESCRIPCION,TIPO_DEDUC,PORCENTAJE,SALDO,DECRIPCION_AB,CODIGO_AXT,EJERCICIO
9,"TASAS MUNCIPALES
",O,,0.0,TASAS,74010,2020
10,"APORTE PJ
",O,,0.0,PJ,74012,2020
11,"APORTE UCR
",O,,0.0,UCR,74011,2020
12,"APORTE ADICIONAL
",O,,0.0,ADIC,74014,2020
13,retenciones de los serv. seguridad social,I,,0.0,SUSS,74005,2020
14,"CAJA DE AHORRO
",O,,0.0,CAS,74015,2020
15,"PRESTAMO MUTUAL
",O,,0.0,MUTUA,74016,2020
16,"F.O.S.
",O,,0.0,FOS,74013,2020
17,"PROCASA

",O,,0.0,PROC,74017,2020
18,"BANCO NACION
",O,,0.0,NACIO,74018,2020
19,"UPCN
",O,,0.0,UPCN,74020,2020
20,"ATE
",O,,0.0,ATE,74019,2020
21,REINTEGROS,O,,0.0,REIN,74021,2020
22,OSDE,O,,0.0,OSDE,74022,2020
23,BANCO PATAGONIA,O,,0.0,BCOPA,74024,2020
24,MUTUAL SINDICATO,O,,0.0,MUTU,74025,2020
25,BANCO MACRO,O,,0.0,MACRO,74027,2020
784,SUSS,I,2.0,0.0,SUSS.,74023,2020
900,A.F.I.P. - IVA,I,1.0,0.0,IVA,74026,2020
1,RETENCIONES I.P.S.,O,,0.0,IPS,74006,2021
2,RETENCIONES I.O.M.A.,O,,0.0,IOMA,74007,2021
3,A.F.I.P.  - Ganancias,I,3.5,0.0,GAN,74001,2021
4,Garantia,O,,0.0,GARAN,71001,2021
5,"Sindicato
",O,,0.0,SIND,74009,2021
6,Ingresos Brutos,I,3.5,0.0,INGB,74004,2021
7,Embargos,O,,0.0,EMBA,74003,2021
8,RETENCIONES CAJA DE MEDICOS,O,,0.0,CAJA,74008,2021
9,"TASAS MUNCIPALES
",O,,0.0,TASAS,74010,2021
10,"APORTE PJ
",O,,0.0,PJ,74012,2021
11,"APORTE UCR
",O,,0.0,UCR,74011,2021
12,"APORTE ADICIONAL
",O,,0.0,ADIC,74014,2021
13,retenciones de los serv. seguridad social,I,,0.0,SUSS,74005,2021
14,"CAJA DE AHORRO
",O,,0.0,CAS,74015,2021
15,"PRESTAMO MUTUAL
",O,,0.0,MUTUA,74016,2021
16,"F.O.S.
",O,,0.0,FOS,74013,2021
17,"PROCASA

",O,,0.0,PROC,74017,2021
18,"BANCO NACION
",O,,0.0,NACIO,74018,2021
19,"UPCN
",O,,0.0,UPCN,74020,2021
20,"ATE
",O,,0.0,ATE,74019,2021
21,REINTEGROS,O,,0.0,REIN,74021,2021
22,OSDE,O,,0.0,OSDE,74022,2021
23,BANCO PATAGONIA,O,,0.0,BCOPA,74024,2021
24,MUTUAL SINDICATO,O,,0.0,MUTU,74025,2021
25,BANCO MACRO,O,,0.0,MACRO,74027,2021
784,SUSS,I,2.0,0.0,SUSS.,74023,2021
900,A.F.I.P. - IVA,I,1.0,0.0,IVA,74026,2021
1,RETENCIONES I.P.S.,O,,0.0,IPS,74006,2022
2,RETENCIONES I.O.M.A.,O,,0.0,IOMA,74007,2022
3,A.F.I.P.  - Ganancias,I,3.5,0.0,GAN,74001,2022
4,Garantia,O,,0.0,GARAN,71001,2022
5,"Sindicato
",O,,0.0,SIND,74009,2022
6,Ingresos Brutos,I,3.5,0.0,INGB,74004,2022
7,Embargos,O,,0.0,EMBA,74003,2022
8,RETENCIONES CAJA DE MEDICOS,O,,0.0,CAJA,74008,2022
9,"TASAS MUNCIPALES
",O,,0.0,TASAS,74010,2022
10,"APORTE PJ
",O,,0.0,PJ,74012,2022
11,"APORTE UCR
",O,,0.0,UCR,74011,2022
12,"APORTE ADICIONAL
",O,,0.0,ADIC,74014,2022
13,retenciones de los serv. seguridad social,I,,0.0,SUSS,74005,2022
14,"CAJA DE AHORRO
",O,,0.0,CAS,74015,2022
15,"PRESTAMO MUTUAL
",O,,0.0,MUTUA,74016,2022
16,"F.O.S.
",O,,0.0,FOS,74013,2022
17,"PROCASA

",O,,0.0,PROC,74017,2022
18,"BANCO NACION
",O,,0.0,NACIO,74018,2022
19,"UPCN
",O,,0.0,UPCN,74020,2022
20,"ATE
",O,,0.0,ATE,74019,2022
21,REINTEGROS,O,,0.0,REIN,74021,2022
22,OSDE,O,,0.0,OSDE,74022,2022
23,BANCO PATAGONIA,O,,0.0,BCOPA,74024,2022
24,MUTUAL SINDICATO,O,,0.0,MUTU,74025,2022
25,BANCO MACRO,O,,0.0,MACRO,74027,2022
784,SUSS,I,2.0,0.0,SUSS.,74023,2022
900,A.F.I.P. - IVA,I,1.0,0.0,IVA,74026,2022
12,"APORTE ADICIONAL
",O,,0.0,ADIC,74014,2023
20,"ATE
",O,,0.0,ATE,74019,2023
23,BANCO PATAGONIA,O,,0.0,BCOPA,74024,2023
8,RETENCIONES CAJA DE MEDICOS,O,,0.0,CAJA,74008,2023
14,"CAJA DE AHORRO
",O,,0.0,CAS,74015,2023
7,Embargos,O,,0.0,EMBA,74003,2023
16,"F.O.S.
",O,,0.0,FOS,74013,2023
3,A.F.I.P.  - Ganancias,I,3.5,0.0,GAN,74001,2023
4,Garantia,O,,0.0,GARAN,71001,2023
6,Ingresos Brutos,I,3.5,0.0,INGB,74004,2023
2,RETENCIONES I.O.M.A.,O,,0.0,IOMA,74007,2023
1,RETENCIONES I.P.S.,O,,0.0,IPS,74006,2023
900,A.F.I.P. - IVA,I,1.0,0.0,IVA,74026,2023
25,BANCO MACRO,O,,0.0,MACRO,74027,2023
24,MUTUAL SINDICATO,O,,0.0,MUTU,74025,2023
15,"PRESTAMO MUTUAL
",O,,0.0,MUTUA,74016,2023
18,"BANCO NACION
",O,,0.0,NACIO,74018,2023
22,OSDE,O,,0.0,OSDE,74022,2023
10,"APORTE PJ
",O,,0.0,PJ,74012,2023
17,"PROCASA

",O,,0.0,PROC,74017,2023
21,REINTEGROS,O,,0.0,REIN,74021,2023
5,"Sindicato
",O,,0.0,SIND,74009,2023
13,retenciones de los serv. seguridad social,I,,0.0,SUSS,74005,2023
784,SUSS,I,2.0,0.0,SUSS.,74023,2023
9,"TASAS MUNCIPALES
",O,,0.0,TASAS,74010,2023
11,"APORTE UCR
",O,,0.0,UCR,74011,2023
19,"UPCN
",O,,0.0,UPCN,74020,2023
318,Profesiones Liberales,I,6.0,0.0,PROFL,74887,2023
26,Loteos Municipales cuotas,O,,,LMC,74888,2024
1,RETENCIONES I.P.S.,O,,0.0,IPS,74006,2017
2,RETENCIONES I.O.M.A.,O,,0.0,IOMA,74007,2017
4,Garantia,O,,0.0,GARAN,71001,2017
8,RETENCIONES CAJA DE MEDICOS,O,,0.0,CAJA,74008,2017
5,"Sindicato
",O,,0.0,SIND,74009,2017
9,"TASAS MUNCIPALES
",O,,0.0,TASAS,74010,2017
10,"APORTE PJ
",O,,0.0,PJ,74012,2017
11,"APORTE UCR
",O,,0.0,UCR,74011,2017
12,"APORTE ADICIONAL
",O,,0.0,ADIC,74014,2017
14,"CAJA DE AHORRO
",O,,0.0,CAS,74015,2017
15,"PRESTAMO MUTUAL
",O,,0.0,MUTUA,74016,2017
16,"F.O.S.
",O,,0.0,FOS,74013,2017
17,"PROCASA

",O,,0.0,PROC,74017,2017
18,"BANCO NACION
",O,,0.0,NACIO,74018,2017
20,"ATE
",O,,0.0,ATE,74019,2017
19,"UPCN
",O,,0.0,UPCN,74020,2017
21,REINTEGROS,O,,0.0,REIN,74021,2017
22,OSDE,O,,0.0,OSDE,74022,2017
784,SUSS,I,2.0,0.0,SUSS.,74023,2017
23,BANCO PATAGONIA,O,,0.0,BCOPA,74024,2017
24,MUTUAL SINDICATO,O,,0.0,MUTU,74025,2017
900,A.F.I.P. - IVA,I,1.0,0.0,IVA,74026,2017
25,BANCO MACRO,O,,0.0,MACRO,74027,2017
1,RETENCIONES I.P.S.,O,,0.0,IPS,74006,2019
2,RETENCIONES I.O.M.A.,O,,0.0,IOMA,74007,2019
3,A.F.I.P.  - Ganancias,I,3.5,0.0,GAN,74001,2019
4,Garantia,O,,0.0,GARAN,71001,2019
5,"Sindicato
",O,,0.0,SIND,74009,2019
6,Ingresos Brutos,I,3.5,0.0,INGB,74004,2019
7,Embargos,O,,0.0,EMBA,74003,2019
8,RETENCIONES CAJA DE MEDICOS,O,,0.0,CAJA,74008,2019
9,"TASAS MUNCIPALES
",O,,0.0,TASAS,74010,2019
10,"APORTE PJ
",O,,0.0,PJ,74012,2019
11,"APORTE UCR
",O,,0.0,UCR,74011,2019
12,"APORTE ADICIONAL
",O,,0.0,ADIC,74014,2019
13,retenciones de los serv. seguridad social,I,,0.0,SUSS,74005,2019
14,"CAJA DE AHORRO
",O,,0.0,CAS,74015,2019
15,"PRESTAMO MUTUAL
",O,,0.0,MUTUA,74016,2019
16,"F.O.S.
",O,,0.0,FOS,74013,2019
17,"PROCASA

",O,,0.0,PROC,74017,2019
18,"BANCO NACION
",O,,0.0,NACIO,74018,2019
19,"UPCN
",O,,0.0,UPCN,74020,2019
20,"ATE
",O,,0.0,ATE,74019,2019
21,REINTEGROS,O,,0.0,REIN,74021,2019
22,OSDE,O,,0.0,OSDE,74022,2019
23,BANCO PATAGONIA,O,,0.0,BCOPA,74024,2019
24,MUTUAL SINDICATO,O,,0.0,MUTU,74025,2019
25,BANCO MACRO,O,,0.0,MACRO,74027,2019
784,SUSS,I,2.0,0.0,SUSS.,74023,2019
900,A.F.I.P. - IVA,I,1.0,0.0,IVA,74026,2019
1,RETENCIONES I.P.S.,O,,0.0,IPS,74006,2018
2,RETENCIONES I.O.M.A.,O,,0.0,IOMA,74007,2018
3,A.F.I.P.  - Ganancias,I,3.5,0.0,GAN,74001,2018
4,Garantia,O,,0.0,GARAN,71001,2018
5,"Sindicato
",O,,0.0,SIND,74009,2018
6,Ingresos Brutos,I,3.5,0.0,INGB,74004,2018
7,Embargos,O,,0.0,EMBA,74003,2018
8,RETENCIONES CAJA DE MEDICOS,O,,0.0,CAJA,74008,2018
9,"TASAS MUNCIPALES
",O,,0.0,TASAS,74010,2018
10,"APORTE PJ
",O,,0.0,PJ,74012,2018
11,"APORTE UCR
",O,,0.0,UCR,74011,2018
12,"APORTE ADICIONAL
",O,,0.0,ADIC,74014,2018
13,retenciones de los serv. seguridad social,I,,0.0,SUSS,74005,2018
14,"CAJA DE AHORRO
",O,,0.0,CAS,74015,2018
15,"PRESTAMO MUTUAL
",O,,0.0,MUTUA,74016,2018
16,"F.O.S.
",O,,0.0,FOS,74013,2018
17,"PROCASA

",O,,0.0,PROC,74017,2018
18,"BANCO NACION
",O,,0.0,NACIO,74018,2018
19,"UPCN
",O,,0.0,UPCN,74020,2018
20,"ATE
",O,,0.0,ATE,74019,2018
21,REINTEGROS,O,,0.0,REIN,74021,2018
22,OSDE,O,,0.0,OSDE,74022,2018
23,BANCO PATAGONIA,O,,0.0,BCOPA,74024,2018
24,MUTUAL SINDICATO,O,,0.0,MUTU,74025,2018
25,BANCO MACRO,O,,0.0,MACRO,74027,2018
784,SUSS,I,2.0,0.0,SUSS.,74023,2018
900,A.F.I.P. - IVA,I,1.0,0.0,IVA,74026,2018
6,Ingresos Brutos,I,3.5,0.0,INGB,74004,2003
3,A.F.I.P.  - Ganancias,I,3.5,0.0,GAN,74001,2003
7,Embargos,O,,0.0,EMBA,74003,2003
13,retenciones de los serv. seguridad social,I,,,SUSS,74005,2003
6,Ingresos Brutos,I,3.5,0.0,INGB,74004,2004
3,A.F.I.P.  - Ganancias,I,3.5,0.0,GAN,74001,2004
7,Embargos,O,,0.0,EMBA,74003,2004
13,retenciones de los serv. seguridad social,I,,0.0,SUSS,74005,2004
1,RETENCIONES I.P.S.,O,,,IPS,74006,2004
2,RETENCIONES I.O.M.A.,O,,,IOMA,74007,2004
4,Garantia,O,,,GARAN,71001,2004
8,RETENCIONES CAJA DE MEDICOS,O,,,CAJA,74008,2004
5,"Sindicato
",O,,,SIND,74009,2004
9,"TASAS MUNCIPALES
",O,,,TASAS,74010,2004
10,"APORTE PJ
",O,,,PJ,74012,2004
11,"APORTE UCR
",O,,,UCR,74011,2004
12,"APORTE ADICIONAL
",O,,,ADIC,74014,2004
14,"CAJA DE AHORRO
",O,,,CAS,74015,2004
15,"PRESTAMO MUTUAL
",O,,,MUTUA,74016,2004
16,"F.O.S.
",O,,,FOS,74013,2004
17,"PROCASA

",O,,,PROC,74017,2004
18,"BANCO NACION
",O,,,NACIO,74018,2004
20,"ATE
",O,,,ATE,74019,2004
19,"UPCN
",O,,,UPCN,74020,2004
21,REINTEGROS,O,,,REIN,74021,2004
6,Ingresos Brutos,I,3.5,0.0,INGB,74004,2005
3,A.F.I.P.  - Ganancias,I,3.5,0.0,GAN,74001,2005
7,Embargos,O,,0.0,EMBA,74003,2005
13,retenciones de los serv. seguridad social,I,,0.0,SUSS,74005,2005
1,RETENCIONES I.P.S.,O,,0.0,IPS,74006,2005
2,RETENCIONES I.O.M.A.,O,,0.0,IOMA,74007,2005
4,Garantia,O,,0.0,GARAN,71001,2005
8,RETENCIONES CAJA DE MEDICOS,O,,0.0,CAJA,74008,2005
5,"Sindicato
",O,,0.0,SIND,74009,2005
9,"TASAS MUNCIPALES
",O,,0.0,TASAS,74010,2005
10,"APORTE PJ
",O,,0.0,PJ,74012,2005
11,"APORTE UCR
",O,,0.0,UCR,74011,2005
12,"APORTE ADICIONAL
",O,,0.0,ADIC,74014,2005
14,"CAJA DE AHORRO
",O,,0.0,CAS,74015,2005
15,"PRESTAMO MUTUAL
",O,,0.0,MUTUA,74016,2005
16,"F.O.S.
",O,,0.0,FOS,74013,2005
17,"PROCASA

",O,,0.0,PROC,74017,2005
18,"BANCO NACION
",O,,0.0,NACIO,74018,2005
20,"ATE
",O,,0.0,ATE,74019,2005
19,"UPCN
",O,,0.0,UPCN,74020,2005
21,REINTEGROS,O,,0.0,REIN,74021,2005
22,OSDE,O,,,OSDE,74022,2005
784,SUSS,I,2.0,0.0,SUSS.,74023,2005
23,BANCO PATAGONIA,O,,,BCOPA,74024,2005
6,Ingresos Brutos,I,3.5,0.0,INGB,74004,2006
3,A.F.I.P.  - Ganancias,I,3.5,0.0,GAN,74001,2006
7,Embargos,O,,0.0,EMBA,74003,2006
13,retenciones de los serv. seguridad social,I,,0.0,SUSS,74005,2006
1,RETENCIONES I.P.S.,O,,0.0,IPS,74006,2006
2,RETENCIONES I.O.M.A.,O,,0.0,IOMA,74007,2006
4,Garantia,O,,0.0,GARAN,71001,2006
8,RETENCIONES CAJA DE MEDICOS,O,,0.0,CAJA,74008,2006
5,"Sindicato
",O,,0.0,SIND,74009,2006
9,"TASAS MUNCIPALES
",O,,0.0,TASAS,74010,2006
10,"APORTE PJ
",O,,0.0,PJ,74012,2006
11,"APORTE UCR
",O,,0.0,UCR,74011,2006
12,"APORTE ADICIONAL
",O,,0.0,ADIC,74014,2006
14,"CAJA DE AHORRO
",O,,0.0,CAS,74015,2006
15,"PRESTAMO MUTUAL
",O,,0.0,MUTUA,74016,2006
16,"F.O.S.
",O,,0.0,FOS,74013,2006
17,"PROCASA

",O,,0.0,PROC,74017,2006
18,"BANCO NACION
",O,,0.0,NACIO,74018,2006
20,"ATE
",O,,0.0,ATE,74019,2006
19,"UPCN
",O,,0.0,UPCN,74020,2006
21,REINTEGROS,O,,0.0,REIN,74021,2006
22,OSDE,O,,0.0,OSDE,74022,2006
784,SUSS,I,2.0,0.0,SUSS.,74023,2006
23,BANCO PATAGONIA,O,,0.0,BCOPA,74024,2006
24,MUTUAL SINDICATO,O,,,MUTU,74025,2006
6,Ingresos Brutos,I,3.5,0.0,INGB,74004,2007
3,A.F.I.P.  - Ganancias,I,3.5,0.0,GAN,74001,2007
7,Embargos,O,,0.0,EMBA,74003,2007
13,retenciones de los serv. seguridad social,I,,0.0,SUSS,74005,2007
1,RETENCIONES I.P.S.,O,,0.0,IPS,74006,2007
2,RETENCIONES I.O.M.A.,O,,0.0,IOMA,74007,2007
4,Garantia,O,,0.0,GARAN,71001,2007
8,RETENCIONES CAJA DE MEDICOS,O,,0.0,CAJA,74008,2007
5,"Sindicato
",O,,0.0,SIND,74009,2007
9,"TASAS MUNCIPALES
",O,,0.0,TASAS,74010,2007
10,"APORTE PJ
",O,,0.0,PJ,74012,2007
11,"APORTE UCR
",O,,0.0,UCR,74011,2007
12,"APORTE ADICIONAL
",O,,0.0,ADIC,74014,2007
14,"CAJA DE AHORRO
",O,,0.0,CAS,74015,2007
15,"PRESTAMO MUTUAL
",O,,0.0,MUTUA,74016,2007
16,"F.O.S.
",O,,0.0,FOS,74013,2007
17,"PROCASA

",O,,0.0,PROC,74017,2007
18,"BANCO NACION
",O,,0.0,NACIO,74018,2007
20,"ATE
",O,,0.0,ATE,74019,2007
19,"UPCN
",O,,0.0,UPCN,74020,2007
21,REINTEGROS,O,,0.0,REIN,74021,2007
22,OSDE,O,,0.0,OSDE,74022,2007
784,SUSS,I,2.0,0.0,SUSS.,74023,2007
23,BANCO PATAGONIA,O,,0.0,BCOPA,74024,2007
24,MUTUAL SINDICATO,O,,0.0,MUTU,74025,2007
6,Ingresos Brutos,I,3.5,0.0,INGB,74004,2008
3,A.F.I.P.  - Ganancias,I,3.5,0.0,GAN,74001,2008
7,Embargos,O,,0.0,EMBA,74003,2008
13,retenciones de los serv. seguridad social,I,,0.0,SUSS,74005,2008
1,RETENCIONES I.P.S.,O,,0.0,IPS,74006,2008
2,RETENCIONES I.O.M.A.,O,,0.0,IOMA,74007,2008
4,Garantia,O,,0.0,GARAN,71001,2008
8,RETENCIONES CAJA DE MEDICOS,O,,0.0,CAJA,74008,2008
5,"Sindicato
",O,,0.0,SIND,74009,2008
9,"TASAS MUNCIPALES
",O,,0.0,TASAS,74010,2008
10,"APORTE PJ
",O,,0.0,PJ,74012,2008
11,"APORTE UCR
",O,,0.0,UCR,74011,2008
12,"APORTE ADICIONAL
",O,,0.0,ADIC,74014,2008
14,"CAJA DE AHORRO
",O,,0.0,CAS,74015,2008
15,"PRESTAMO MUTUAL
",O,,0.0,MUTUA,74016,2008
16,"F.O.S.
",O,,0.0,FOS,74013,2008
17,"PROCASA

",O,,0.0,PROC,74017,2008
18,"BANCO NACION
",O,,0.0,NACIO,74018,2008
20,"ATE
",O,,0.0,ATE,74019,2008
19,"UPCN
",O,,0.0,UPCN,74020,2008
21,REINTEGROS,O,,0.0,REIN,74021,2008
22,OSDE,O,,0.0,OSDE,74022,2008
784,SUSS,I,2.0,0.0,SUSS.,74023,2008
23,BANCO PATAGONIA,O,,0.0,BCOPA,74024,2008
24,MUTUAL SINDICATO,O,,0.0,MUTU,74025,2008
6,Ingresos Brutos,I,3.5,0.0,INGB,74004,2009
3,A.F.I.P.  - Ganancias,I,3.5,0.0,GAN,74001,2009
7,Embargos,O,,0.0,EMBA,74003,2009
13,retenciones de los serv. seguridad social,I,,0.0,SUSS,74005,2009
1,RETENCIONES I.P.S.,O,,0.0,IPS,74006,2009
2,RETENCIONES I.O.M.A.,O,,0.0,IOMA,74007,2009
4,Garantia,O,,0.0,GARAN,71001,2009
8,RETENCIONES CAJA DE MEDICOS,O,,0.0,CAJA,74008,2009
5,"Sindicato
",O,,0.0,SIND,74009,2009
9,"TASAS MUNCIPALES
",O,,0.0,TASAS,74010,2009
10,"APORTE PJ
",O,,0.0,PJ,74012,2009
11,"APORTE UCR
",O,,0.0,UCR,74011,2009
12,"APORTE ADICIONAL
",O,,0.0,ADIC,74014,2009
14,"CAJA DE AHORRO
",O,,0.0,CAS,74015,2009
15,"PRESTAMO MUTUAL
",O,,0.0,MUTUA,74016,2009
16,"F.O.S.
",O,,0.0,FOS,74013,2009
17,"PROCASA

",O,,0.0,PROC,74017,2009
18,"BANCO NACION
",O,,0.0,NACIO,74018,2009
20,"ATE
",O,,0.0,ATE,74019,2009
19,"UPCN
",O,,0.0,UPCN,74020,2009
21,REINTEGROS,O,,0.0,REIN,74021,2009
22,OSDE,O,,0.0,OSDE,74022,2009
784,SUSS,I,2.0,0.0,SUSS.,74023,2009
23,BANCO PATAGONIA,O,,0.0,BCOPA,74024,2009
24,MUTUAL SINDICATO,O,,0.0,MUTU,74025,2009
900,A.F.I.P. - IVA,I,1.0,0.0,IVA,74026,2009
6,Ingresos Brutos,I,3.5,0.0,INGB,74004,2010
3,A.F.I.P.  - Ganancias,I,3.5,0.0,GAN,74001,2010
7,Embargos,O,,0.0,EMBA,74003,2010
13,retenciones de los serv. seguridad social,I,,0.0,SUSS,74005,2010
1,RETENCIONES I.P.S.,O,,0.0,IPS,74006,2010
2,RETENCIONES I.O.M.A.,O,,0.0,IOMA,74007,2010
4,Garantia,O,,0.0,GARAN,71001,2010
8,RETENCIONES CAJA DE MEDICOS,O,,0.0,CAJA,74008,2010
5,"Sindicato
",O,,0.0,SIND,74009,2010
9,"TASAS MUNCIPALES
",O,,0.0,TASAS,74010,2010
10,"APORTE PJ
",O,,0.0,PJ,74012,2010
11,"APORTE UCR
",O,,0.0,UCR,74011,2010
12,"APORTE ADICIONAL
",O,,0.0,ADIC,74014,2010
14,"CAJA DE AHORRO
",O,,0.0,CAS,74015,2010
15,"PRESTAMO MUTUAL
",O,,0.0,MUTUA,74016,2010
16,"F.O.S.
",O,,0.0,FOS,74013,2010
17,"PROCASA

",O,,0.0,PROC,74017,2010
18,"BANCO NACION
",O,,0.0,NACIO,74018,2010
20,"ATE
",O,,0.0,ATE,74019,2010
19,"UPCN
",O,,0.0,UPCN,74020,2010
21,REINTEGROS,O,,0.0,REIN,74021,2010
22,OSDE,O,,0.0,OSDE,74022,2010
784,SUSS,I,2.0,0.0,SUSS.,74023,2010
23,BANCO PATAGONIA,O,,0.0,BCOPA,74024,2010
24,MUTUAL SINDICATO,O,,0.0,MUTU,74025,2010
900,A.F.I.P. - IVA,I,1.0,0.0,IVA,74026,2010
888,Tasa Municipal,I,,,TMUNI,74888,2009
6,Ingresos Brutos,I,3.5,0.0,INGB,74004,2011
3,A.F.I.P.  - Ganancias,I,3.5,0.0,GAN,74001,2011
7,Embargos,O,,0.0,EMBA,74003,2011
13,retenciones de los serv. seguridad social,I,,0.0,SUSS,74005,2011
1,RETENCIONES I.P.S.,O,,0.0,IPS,74006,2011
2,RETENCIONES I.O.M.A.,O,,0.0,IOMA,74007,2011
4,Garantia,O,,0.0,GARAN,71001,2011
8,RETENCIONES CAJA DE MEDICOS,O,,0.0,CAJA,74008,2011
5,"Sindicato
",O,,0.0,SIND,74009,2011
9,"TASAS MUNCIPALES
",O,,0.0,TASAS,74010,2011
10,"APORTE PJ
",O,,0.0,PJ,74012,2011
11,"APORTE UCR
",O,,0.0,UCR,74011,2011
12,"APORTE ADICIONAL
",O,,0.0,ADIC,74014,2011
14,"CAJA DE AHORRO
",O,,0.0,CAS,74015,2011
15,"PRESTAMO MUTUAL
",O,,0.0,MUTUA,74016,2011
16,"F.O.S.
",O,,0.0,FOS,74013,2011
17,"PROCASA

",O,,0.0,PROC,74017,2011
18,"BANCO NACION
",O,,0.0,NACIO,74018,2011
20,"ATE
",O,,0.0,ATE,74019,2011
19,"UPCN
",O,,0.0,UPCN,74020,2011
21,REINTEGROS,O,,0.0,REIN,74021,2011
22,OSDE,O,,0.0,OSDE,74022,2011
784,SUSS,I,2.0,0.0,SUSS.,74023,2011
23,BANCO PATAGONIA,O,,0.0,BCOPA,74024,2011
24,MUTUAL SINDICATO,O,,0.0,MUTU,74025,2011
900,A.F.I.P. - IVA,I,1.0,0.0,IVA,74026,2011
6,Ingresos Brutos,I,3.5,0.0,INGB,74004,2012
3,A.F.I.P.  - Ganancias,I,3.5,0.0,GAN,74001,2012
7,Embargos,O,,0.0,EMBA,74003,2012
13,retenciones de los serv. seguridad social,I,,0.0,SUSS,74005,2012
1,RETENCIONES I.P.S.,O,,0.0,IPS,74006,2012
2,RETENCIONES I.O.M.A.,O,,0.0,IOMA,74007,2012
4,Garantia,O,,0.0,GARAN,71001,2012
8,RETENCIONES CAJA DE MEDICOS,O,,0.0,CAJA,74008,2012
5,"Sindicato
",O,,0.0,SIND,74009,2012
9,"TASAS MUNCIPALES
",O,,0.0,TASAS,74010,2012
10,"APORTE PJ
",O,,0.0,PJ,74012,2012
11,"APORTE UCR
",O,,0.0,UCR,74011,2012
12,"APORTE ADICIONAL
",O,,0.0,ADIC,74014,2012
14,"CAJA DE AHORRO
",O,,0.0,CAS,74015,2012
15,"PRESTAMO MUTUAL
",O,,0.0,MUTUA,74016,2012
16,"F.O.S.
",O,,0.0,FOS,74013,2012
17,"PROCASA

",O,,0.0,PROC,74017,2012
18,"BANCO NACION
",O,,0.0,NACIO,74018,2012
20,"ATE
",O,,0.0,ATE,74019,2012
19,"UPCN
",O,,0.0,UPCN,74020,2012
21,REINTEGROS,O,,0.0,REIN,74021,2012
22,OSDE,O,,0.0,OSDE,74022,2012
784,SUSS,I,2.0,0.0,SUSS.,74023,2012
23,BANCO PATAGONIA,O,,0.0,BCOPA,74024,2012
24,MUTUAL SINDICATO,O,,0.0,MUTU,74025,2012
900,A.F.I.P. - IVA,I,1.0,0.0,IVA,74026,2012
6,Ingresos Brutos,I,3.5,0.0,INGB,74004,2013
3,A.F.I.P.  - Ganancias,I,3.5,0.0,GAN,74001,2013
7,Embargos,O,,0.0,EMBA,74003,2013
13,retenciones de los serv. seguridad social,I,,0.0,SUSS,74005,2013
1,RETENCIONES I.P.S.,O,,0.0,IPS,74006,2013
2,RETENCIONES I.O.M.A.,O,,0.0,IOMA,74007,2013
4,Garantia,O,,0.0,GARAN,71001,2013
8,RETENCIONES CAJA DE MEDICOS,O,,0.0,CAJA,74008,2013
5,"Sindicato
",O,,0.0,SIND,74009,2013
9,"TASAS MUNCIPALES
",O,,0.0,TASAS,74010,2013
10,"APORTE PJ
",O,,0.0,PJ,74012,2013
11,"APORTE UCR
",O,,0.0,UCR,74011,2013
12,"APORTE ADICIONAL
",O,,0.0,ADIC,74014,2013
14,"CAJA DE AHORRO
",O,,0.0,CAS,74015,2013
15,"PRESTAMO MUTUAL
",O,,0.0,MUTUA,74016,2013
16,"F.O.S.
",O,,0.0,FOS,74013,2013
17,"PROCASA

",O,,0.0,PROC,74017,2013
18,"BANCO NACION
",O,,0.0,NACIO,74018,2013
20,"ATE
",O,,0.0,ATE,74019,2013
19,"UPCN
",O,,0.0,UPCN,74020,2013
21,REINTEGROS,O,,0.0,REIN,74021,2013
22,OSDE,O,,0.0,OSDE,74022,2013
784,SUSS,I,2.0,0.0,SUSS.,74023,2013
23,BANCO PATAGONIA,O,,0.0,BCOPA,74024,2013
24,MUTUAL SINDICATO,O,,0.0,MUTU,74025,2013
900,A.F.I.P. - IVA,I,1.0,0.0,IVA,74026,2013
6,Ingresos Brutos,I,3.5,0.0,INGB,74004,2014
3,A.F.I.P.  - Ganancias,I,3.5,0.0,GAN,74001,2014
7,Embargos,O,,0.0,EMBA,74003,2014
13,retenciones de los serv. seguridad social,I,,0.0,SUSS,74005,2014
1,RETENCIONES I.P.S.,O,,0.0,IPS,74006,2014
2,RETENCIONES I.O.M.A.,O,,0.0,IOMA,74007,2014
4,Garantia,O,,0.0,GARAN,71001,2014
8,RETENCIONES CAJA DE MEDICOS,O,,0.0,CAJA,74008,2014
5,"Sindicato
",O,,0.0,SIND,74009,2014
9,"TASAS MUNCIPALES
",O,,0.0,TASAS,74010,2014
10,"APORTE PJ
",O,,0.0,PJ,74012,2014
11,"APORTE UCR
",O,,0.0,UCR,74011,2014
12,"APORTE ADICIONAL
",O,,0.0,ADIC,74014,2014
14,"CAJA DE AHORRO
",O,,0.0,CAS,74015,2014
15,"PRESTAMO MUTUAL
",O,,0.0,MUTUA,74016,2014
16,"F.O.S.
",O,,0.0,FOS,74013,2014
17,"PROCASA

",O,,0.0,PROC,74017,2014
18,"BANCO NACION
",O,,0.0,NACIO,74018,2014
20,"ATE
",O,,0.0,ATE,74019,2014
19,"UPCN
",O,,0.0,UPCN,74020,2014
21,REINTEGROS,O,,0.0,REIN,74021,2014
22,OSDE,O,,0.0,OSDE,74022,2014
784,SUSS,I,2.0,0.0,SUSS.,74023,2014
23,BANCO PATAGONIA,O,,0.0,BCOPA,74024,2014
24,MUTUAL SINDICATO,O,,0.0,MUTU,74025,2014
900,A.F.I.P. - IVA,I,1.0,0.0,IVA,74026,2014
25,BANCO MACRO,O,,,MACRO,74027,2014
6,Ingresos Brutos,I,3.5,0.0,INGB,74004,2015
3,A.F.I.P.  - Ganancias,I,3.5,0.0,GAN,74001,2015
7,Embargos,O,,0.0,EMBA,74003,2015
13,retenciones de los serv. seguridad social,I,,0.0,SUSS,74005,2015
1,RETENCIONES I.P.S.,O,,0.0,IPS,74006,2015
2,RETENCIONES I.O.M.A.,O,,0.0,IOMA,74007,2015
4,Garantia,O,,0.0,GARAN,71001,2015
8,RETENCIONES CAJA DE MEDICOS,O,,0.0,CAJA,74008,2015
5,"Sindicato
",O,,0.0,SIND,74009,2015
9,"TASAS MUNCIPALES
",O,,0.0,TASAS,74010,2015
10,"APORTE PJ
",O,,0.0,PJ,74012,2015
11,"APORTE UCR
",O,,0.0,UCR,74011,2015
12,"APORTE ADICIONAL
",O,,0.0,ADIC,74014,2015
14,"CAJA DE AHORRO
",O,,0.0,CAS,74015,2015
15,"PRESTAMO MUTUAL
",O,,0.0,MUTUA,74016,2015
16,"F.O.S.
",O,,0.0,FOS,74013,2015
17,"PROCASA

",O,,0.0,PROC,74017,2015
18,"BANCO NACION
",O,,0.0,NACIO,74018,2015
20,"ATE
",O,,0.0,ATE,74019,2015
19,"UPCN
",O,,0.0,UPCN,74020,2015
21,REINTEGROS,O,,0.0,REIN,74021,2015
22,OSDE,O,,0.0,OSDE,74022,2015
784,SUSS,I,2.0,0.0,SUSS.,74023,2015
23,BANCO PATAGONIA,O,,0.0,BCOPA,74024,2015
24,MUTUAL SINDICATO,O,,0.0,MUTU,74025,2015
900,A.F.I.P. - IVA,I,1.0,0.0,IVA,74026,2015
25,BANCO MACRO,O,,0.0,MACRO,74027,2015
6,Ingresos Brutos,I,3.5,0.0,INGB,74004,2016
3,A.F.I.P.  - Ganancias,I,3.5,0.0,GAN,74001,2016
7,Embargos,O,,0.0,EMBA,74003,2016
13,retenciones de los serv. seguridad social,I,,0.0,SUSS,74005,2016
1,RETENCIONES I.P.S.,O,,0.0,IPS,74006,2016
2,RETENCIONES I.O.M.A.,O,,0.0,IOMA,74007,2016
4,Garantia,O,,0.0,GARAN,71001,2016
8,RETENCIONES CAJA DE MEDICOS,O,,0.0,CAJA,74008,2016
5,"Sindicato
",O,,0.0,SIND,74009,2016
9,"TASAS MUNCIPALES
",O,,0.0,TASAS,74010,2016
10,"APORTE PJ
",O,,0.0,PJ,74012,2016
11,"APORTE UCR
",O,,0.0,UCR,74011,2016
12,"APORTE ADICIONAL
",O,,0.0,ADIC,74014,2016
14,"CAJA DE AHORRO
",O,,0.0,CAS,74015,2016
15,"PRESTAMO MUTUAL
",O,,0.0,MUTUA,74016,2016
16,"F.O.S.
",O,,0.0,FOS,74013,2016
17,"PROCASA

",O,,0.0,PROC,74017,2016
18,"BANCO NACION
",O,,0.0,NACIO,74018,2016
20,"ATE
",O,,0.0,ATE,74019,2016
19,"UPCN
",O,,0.0,UPCN,74020,2016
21,REINTEGROS,O,,0.0,REIN,74021,2016
22,OSDE,O,,0.0,OSDE,74022,2016
784,SUSS,I,2.0,0.0,SUSS.,74023,2016
23,BANCO PATAGONIA,O,,0.0,BCOPA,74024,2016
24,MUTUAL SINDICATO,O,,0.0,MUTU,74025,2016
900,A.F.I.P. - IVA,I,1.0,0.0,IVA,74026,2016
25,BANCO MACRO,O,,0.0,MACRO,74027,2016
6,Ingresos Brutos,I,3.5,0.0,INGB,74004,2017
3,A.F.I.P.  - Ganancias,I,3.5,0.0,GAN,74001,2017
7,Embargos,O,,0.0,EMBA,74003,2017
13,retenciones de los serv. seguridad social,I,,0.0,SUSS,74005,2017
1,RETENCIONES I.P.S.,O,,0.0,IPS,74006,2024
2,RETENCIONES I.O.M.A.,O,,0.0,IOMA,74007,2024
3,A.F.I.P.  - Ganancias,I,3.5,0.0,GAN,74001,2024
4,Garantia,O,,0.0,GARAN,71001,2024
5,"Sindicato
",O,,0.0,SIND,74009,2024
6,Ingresos Brutos,I,3.5,0.0,INGB,74004,2024
7,Embargos,O,,0.0,EMBA,74003,2024
8,RETENCIONES CAJA DE MEDICOS,O,,0.0,CAJA,74008,2024
9,"TASAS MUNCIPALES
",O,,0.0,TASAS,74010,2024
10,"APORTE PJ
",O,,0.0,PJ,74012,2024
11,"APORTE UCR
",O,,0.0,UCR,74011,2024
12,"APORTE ADICIONAL
",O,,0.0,ADIC,74014,2024
13,retenciones de los serv. seguridad social,I,,0.0,SUSS,74005,2024
14,"CAJA DE AHORRO
",O,,0.0,CAS,74015,2024
15,"PRESTAMO MUTUAL
",O,,0.0,MUTUA,74016,2024
16,"F.O.S.
",O,,0.0,FOS,74013,2024
17,"PROCASA

",O,,0.0,PROC,74017,2024
18,"BANCO NACION
",O,,0.0,NACIO,74018,2024
19,"UPCN
",O,,0.0,UPCN,74020,2024
20,"ATE
",O,,0.0,ATE,74019,2024
21,REINTEGROS,O,,0.0,REIN,74021,2024
22,OSDE,O,,0.0,OSDE,74022,2024
23,BANCO PATAGONIA,O,,0.0,BCOPA,74024,2024
24,MUTUAL SINDICATO,O,,0.0,MUTU,74025,2024
25,BANCO MACRO,O,,0.0,MACRO,74027,2024
318,Profesiones Liberales,I,6.0,0.0,PROFL,74887,2024
784,SUSS,I,2.0,0.0,SUSS.,74023,2024
900,A.F.I.P. - IVA,I,1.0,0.0,IVA,74026,2024
1,RETENCIONES I.P.S.,O,,0.0,IPS,74006,2025
2,RETENCIONES I.O.M.A.,O,,0.0,IOMA,74007,2025
3,A.F.I.P.  - Ganancias,I,3.5,0.0,GAN,74001,2025
4,Garantia,O,,0.0,GARAN,71001,2025
5,"Sindicato
",O,,0.0,SIND,74009,2025
6,Ingresos Brutos,I,3.5,0.0,INGB,74004,2025
7,Embargos,O,,0.0,EMBA,74003,2025
8,RETENCIONES CAJA DE MEDICOS,O,,0.0,CAJA,74008,2025
9,"TASAS MUNCIPALES
",O,,0.0,TASAS,74010,2025
10,"APORTE PJ
",O,,0.0,PJ,74012,2025
11,"APORTE UCR
",O,,0.0,UCR,74011,2025
12,"APORTE ADICIONAL
",O,,0.0,ADIC,74014,2025
13,retenciones de los serv. seguridad social,I,,0.0,SUSS,74005,2025
14,"CAJA DE AHORRO
",O,,0.0,CAS,74015,2025
15,"PRESTAMO MUTUAL
",O,,0.0,MUTUA,74016,2025
16,"F.O.S.
",O,,0.0,FOS,74013,2025
17,"PROCASA

",O,,0.0,PROC,74017,2025
18,"BANCO NACION
",O,,0.0,NACIO,74018,2025
19,"UPCN
",O,,0.0,UPCN,74020,2025
20,"ATE
",O,,0.0,ATE,74019,2025
21,REINTEGROS,O,,0.0,REIN,74021,2025
22,OSDE,O,,0.0,OSDE,74022,2025
23,BANCO PATAGONIA,O,,0.0,BCOPA,74024,2025
24,MUTUAL SINDICATO,O,,0.0,MUTU,74025,2025
25,BANCO MACRO,O,,0.0,MACRO,74027,2025
26,Loteos Municipales cuotas,O,,0.0,LMC,74888,2025
318,Profesiones Liberales,I,6.0,0.0,PROFL,74887,2025
784,SUSS,I,2.0,0.0,SUSS.,74023,2025
900,A.F.I.P. - IVA,I,1.0,0.0,IVA,74026,2025
1,RETENCIONES I.P.S.,O,,0.0,IPS,74006,2026
2,RETENCIONES I.O.M.A.,O,,0.0,IOMA,74007,2026
3,A.F.I.P.  - Ganancias,I,3.5,0.0,GAN,74001,2026
4,Garantia,O,,0.0,GARAN,71001,2026
5,"Sindicato
",O,,0.0,SIND,74009,2026
6,Ingresos Brutos,I,3.5,0.0,INGB,74004,2026
7,Embargos,O,,0.0,EMBA,74003,2026
8,RETENCIONES CAJA DE MEDICOS,O,,0.0,CAJA,74008,2026
9,"TASAS MUNCIPALES
",O,,0.0,TASAS,74010,2026
10,"APORTE PJ
",O,,0.0,PJ,74012,2026
11,"APORTE UCR
",O,,0.0,UCR,74011,2026
12,"APORTE ADICIONAL
",O,,0.0,ADIC,74014,2026
13,retenciones de los serv. seguridad social,I,,0.0,SUSS,74005,2026
14,"CAJA DE AHORRO
",O,,0.0,CAS,74015,2026
15,"PRESTAMO MUTUAL
",O,,0.0,MUTUA,74016,2026
16,"F.O.S.
",O,,0.0,FOS,74013,2026
17,"PROCASA

",O,,0.0,PROC,74017,2026
18,"BANCO NACION
",O,,0.0,NACIO,74018,2026
19,"UPCN
",O,,0.0,UPCN,74020,2026
20,"ATE
",O,,0.0,ATE,74019,2026
21,REINTEGROS,O,,0.0,REIN,74021,2026
22,OSDE,O,,0.0,OSDE,74022,2026
23,BANCO PATAGONIA,O,,0.0,BCOPA,74024,2026
24,MUTUAL SINDICATO,O,,0.0,MUTU,74025,2026
25,BANCO MACRO,O,,0.0,MACRO,74027,2026
26,Loteos Municipales cuotas,O,,0.0,LMC,74888,2026
318,Profesiones Liberales,I,6.0,0.0,PROFL,74887,2026
784,SUSS,I,2.0,0.0,SUSS.,74023,2026
900,A.F.I.P. - IVA,I,1.0,0.0,IVA,74026,2026
1,RETENCIONES I.P.S.,O,,0.0,IPS,74006,2020
2,RETENCIONES I.O.M.A.,O,,0.0,IOMA,74007,2020
3,A.F.I.P.  - Ganancias,I,3.5,0.0,GAN,74001,2020
4,Garantia,O,,0.0,GARAN,71001,2020
5,"Sindicato
",O,,0.0,SIND,74009,2020
6,Ingresos Brutos,I,3.5,0.0,INGB,74004,2020
7,Embargos,O,,0.0,EMBA,74003,2020
8,RETENCIONES CAJA DE MEDICOS,O,,0.0,CAJA,74008,2020
