EJERCICIO,UNI_COMPRA,NRO_OC,NRO_ADJUD,FECH_OC,LUG_EMI,COD_PROV,COD_LUG_ENT,FECH_ENTREGA,ESTADO_OC,TIPO_DOC_APROB,NRO_DOC_APROB,ANIO_DOC_APROB,CONFIRMADO,FECH_CONFIRM,CANT_IMPRES,FECH_ANUL,MOTIVO_ANUL,OBSERVACIONES,IMPORTE_TOT,COND_PAGO,DESC_COND_PAGO,OC_DIFERIDO
2026,1,576,576,2026-02-05 00:00:00,GMADA,2988,9,,R,SUM,574,2026,S,2026-02-05 00:00:00,1,,,PRESUPUESTO COTTINI CARLOS MARTIN - 5 MILLAS NOCTURNAS,850000.0,000115,,N
2026,1,840,840,2026-02-27 00:00:00,GMADA,360,CONTR,,R,SUM,825,2026,S,2026-02-27 00:00:00,1,,,"PRESUPUESTO 046, LOMBERA CARLOS",25000.0,000115,,N
2026,1,854,854,2026-03-04 00:00:00,GMADA,2843,4,,R,PRESU,6926954,2026,S,2026-03-04 00:00:00,2,,,"PRESUPUESTO N º X 6926954 de Rost, Tamara de ""FRUTERIA NEGRIN"" Plan Alimentario 2026",2187500.0,000000,,N
2026,1,841,841,2026-02-27 00:00:00,GMADA,2209,6,,R,SUM,824,2026,S,2026-02-27 00:00:00,1,,,"Durante Javier ,presupuesto 0001-00000853",120004.4,000115,,N
2026,1,850,850,2026-03-03 00:00:00,GMADA,3482,8,,R,PRESU,0,2026,S,2026-03-03 00:00:00,1,,, PROV. MARC ALICIA BEATRIZ - PRESUP. 03/03/2026- SEC PRODUCCION-,400000.0,000000,,N
2026,1,855,855,2026-03-04 00:00:00,GMADA,313,3,,R,PRESU,0,2026,S,2026-03-04 00:00:00,1,,,PROV. ATREUCO PUEL COMBUSTIBLE PARA MAQUINAS Y VEHICULOS DE ESTA SECRETARIA,8000000.0,000000,,N
2026,1,856,856,2026-03-04 00:00:00,GMADA,3296,CASA,,R,PRESU,3595,2026,S,2026-03-04 00:00:00,3,,,"PRESUPUESTO N° 0003-00003595 de ""PINTURERIA CONCEPTO S. CAP I"" Para pintar frente de la Casa del Adolescente",68767.02,000000,,N
2026,1,857,857,2026-03-04 00:00:00,GMADA,71,TURIS,,R,PRESU,15272,2026,S,2026-03-04 00:00:00,1,,,Campo y ciudad. presupuesto 15272.,7000.0,000000,,N
2026,1,858,858,2026-03-04 00:00:00,GMADA,441,1,,R,PRESU,3884,2026,S,2026-03-04 00:00:00,1,,,Presupuesto N° 0002-00003884   Proveedor Matienzo Paola,1575.0,000000,,N
2026,1,859,859,2026-03-04 00:00:00,GMADA,1259,6,,R,PRESU,30288,2026,S,2026-03-04 00:00:00,1,,,"PRESUPUESTO 30288, SUC DANNUNZIO JORGE",73222.35,000000,,N
2026,1,860,860,2026-03-04 00:00:00,GMADA,2958,2,,R,PRESU,30048,2026,S,2026-03-04 00:00:00,2,,,PRESUPUESTO AVICOLA DEL TUYU ANDERS VICTOR REMITOS 30048 - 30063 - 31125 - 31134,310500.0,000000,,N
2026,1,578,578,2026-02-05 00:00:00,GMADA,436,3,,R,SUM,559,2026,S,2026-02-05 00:00:00,1,,,"PROV. BAIGORRIA LORENZO PRESUP.03/02/2026 PARCHES Y REPARACIONES  DE CUBIERTAS PARA: EPK06,CII58,CII59,LED013,LED010,XNE245,UYW682,BNA17,ASZ490,BMV14,BGZ45.",1339000.0,000115,,N
2026,1,589,589,2026-02-09 00:00:00,GMADA,635,1,,R,SUM,612,2026,S,2026-02-09 00:00:00,1,,,Escudero Sergio Fabián,285000.0,000115,,N
2026,1,579,579,2026-02-05 00:00:00,GMADA,300,3,,R,SUM,561,2026,S,2026-02-05 00:00:00,1,,,"PROV.SILVIA MAISTEGUI PRESUP.5929 ARTICULOS DE FERRETERIA PARA CAMION OOI617,Y ARREGLOS EN CORRALON",234453.0,000115,,N
2026,1,580,580,2026-02-05 00:00:00,GMADA,826,3,,R,SUM,566,2026,S,2026-02-05 00:00:00,1,,,PROV. DUENDE AZUL PRESUP.2641 COMISION A LA PLATA POR REPUESTOS,65000.0,000115,,N
2026,1,582,582,2026-02-05 00:00:00,GMADA,1266,PLANT,,R,SUM,585,2026,S,2026-02-05 00:00:00,2,,,"RENOVACION DE ABONO DE ALARMAS,1° CUATRIMESTRE, EXPTE. 20/2025 Abono 6149 Galpones de Planta de Resiclado.",236800.0,000115,,N
2026,1,586,586,2026-02-09 00:00:00,GMADA,2109,1,,R,SUM,598,2026,S,2026-02-09 00:00:00,1,,,Gomez Alberto Daniel,40000.0,000115,,N
2026,1,590,590,2026-02-09 00:00:00,GMADA,635,21,,R,SUM,613,2026,S,2026-02-09 00:00:00,1,,,Escudero Sergio Fabián,140000.0,000115,,N
2026,1,592,592,2026-02-09 00:00:00,GMADA,441,26,,R,SUM,572,2026,S,2026-02-09 00:00:00,1,,,CORRESPONDE PRESUPUESTO N° 0002-00003858/0002-00003859/0002-00003863/00003868/0002-00003865 - MATIENZO PAOLA A.,296235.93,000115,,N
2026,1,594,594,2026-02-09 00:00:00,GMADA,2770,2,,R,SUM,570,2026,S,2026-02-09 00:00:00,2,,,PRESUPUESTO 803 MARTIN FERNANDO,1751500.0,000115,,N
2026,1,621,621,2026-02-12 00:00:00,GMADA,3481,5,,R,SUM,681,2026,S,2026-02-12 00:00:00,1,,,PATRICIO DANIEL CASTRO   PROVEEDOR 3481  CARNAVAL 2026  EXPTE 224/26,840000.0,000115,,N
2026,1,622,622,2026-02-12 00:00:00,GMADA,2991,5,,R,SUM,679,2026,S,2026-02-12 00:00:00,1,,,SIP EVENTOS CARNAVAL 2026  PRESUPUESTO N° 3097    EX´PTE 224/26,1400000.0,000115,,N
2026,1,624,624,2026-02-12 00:00:00,GMADA,1477,35,,R,SUM,701,2026,S,2026-02-12 00:00:00,1,,,Exp.:699/25 Sol. Reparaciones p/ Oficina de Medio Ambiente - Prov.:Solari Federico - Presup.:Contrato,3500000.0,000115,,N
2026,1,640,640,2026-02-13 00:00:00,GMADA,3177,5,,A,SUM,643,2026,S,2026-02-13 00:00:00,1,2026-02-26 00:00:00,NO,GUSTAVO ADOLFO FARIAS,1800000.0,000010,,N
2026,1,639,639,2026-02-13 00:00:00,GMADA,2674,9,,R,SUM,719,2026,S,2026-02-13 00:00:00,1,,,Expte 129/26 Edición de Rally pagos del Tuyo 2026.Sodor Pablo,504900.0,000029,,N
2026,1,644,644,2026-02-13 00:00:00,GMADA,1977,6,,R,PRESU,7390,2026,S,2026-02-13 00:00:00,3,,,"PRESUPUESTO 0001-00007390, ZMG ARGENTINA",815489.79,000000,,N
2026,1,653,653,2026-02-13 00:00:00,GMADA,167,2,,R,PRESU,77,2026,S,2026-02-13 00:00:00,1,,,"""TODO POLLO"" GONZALO A BUSTAMANTE. PRESUPUESTO Nº 77.COCINA HOSPITAL. SEMANA DEL 2 DE FEBRERO AL 8 DE FEBRERO.",491550.0,000000,,N
2026,1,775,775,2026-02-24 00:00:00,GMADA,1962,1,,R,SUM,806,2026,S,2026-02-24 00:00:00,1,,,Escobar Juan Carlos,140000.0,000115,,N
2026,1,776,776,2026-02-24 00:00:00,GMADA,1514,3,,R,SUM,774,2026,S,2026-02-24 00:00:00,2,,,PROV. CASA ELICEIRY PRESUP.23/02/2026 ACEITES Y LUBRICANTES PARA FLOTA VEHICULAR DE ESTA SECRETARIA,2343000.0,000115,,N
2026,1,777,777,2026-02-24 00:00:00,GMADA,2525,1,,R,SUM,811,2026,S,2026-02-24 00:00:00,2,,,Asociacion de Bomberos Voluntarios.Expte129-2026,10500000.0,000115,,N
2026,1,784,784,2026-02-25 00:00:00,GMADA,2869,CASA,,R,SUM,781,2026,S,2026-02-25 00:00:00,1,,,"PRESUPUESTO N° X 0001-00000980 de ""MADA POY S.A."" Taller de cocina",17990.0,000115,,N
2026,1,785,785,2026-02-25 00:00:00,GMADA,68,4,,R,SUM,743,2026,S,2026-02-25 00:00:00,2,,,"PRESUPUESTO N° X 7390245  de Peyrano, Sergio de ""ATMÓSFERICO LA PRIMERA""",990000.0,000115,,N
2026,1,786,786,2026-02-25 00:00:00,GMADA,2869,2,,R,SUM,791,2026,S,2026-02-25 00:00:00,1,,,MADA POY - PRESUPUESTO N° 1-966 SEMANA DEL 23/01/26 AL 30/01/2026,1310844.0,000115,,N
2026,1,787,787,2026-02-25 00:00:00,GMADA,2869,2,,R,SUM,792,2026,S,2026-02-25 00:00:00,1,,,MADA POY - PRESUPUESTO N° 1-978 SEMANA DEL 02/02/26 AL 09/02/26,1035799.0,000115,,N
2026,1,788,788,2026-02-25 00:00:00,GMADA,2869,H.ANC,,R,SUM,790,2026,S,2026-02-25 00:00:00,2,,,MADA POY - PRESUPUESTO 1-965 SEMANA DEL 16/01/26 AL 22/01/26,1780668.0,000115,,N
2026,1,833,833,2026-02-27 00:00:00,GMADA,2708,2,,R,SUM,817,2026,S,2026-02-27 00:00:00,2,,,PRESUPUESTO 74562 INSTITUTO RADIOLOGICO S.R.L PACIENTE BIGORITO  MILAGROS CATALINA,76472.0,000115,,N
2026,1,834,834,2026-02-27 00:00:00,GMADA,441,13,,R,SUM,807,2026,S,2026-02-27 00:00:00,1,,,ALPA- PRESUPUESTO N° 0002-00003869,8000.0,000115,,N
2026,1,861,861,2026-03-04 00:00:00,GMADA,90,4,,R,PRESU,40,2026,S,2026-03-04 00:00:00,2,,,"PRESUPUESTO N° X 00000040 de Lo coco, Marcelo Alejandro de ""TODO COLOR""",8042585.0,000000,,N
2026,1,862,862,2026-03-04 00:00:00,GMADA,688,6,,R,PRESU,7025,2026,S,2026-03-04 00:00:00,1,,,"PRESUPUESTO 7025/7010/7007, RAMOS-ISIDRO",1109000.0,000000,,N
2026,1,863,863,2026-03-04 00:00:00,GMADA,130,TURIS,,R,PRESU,133,2026,S,2026-03-04 00:00:00,1,,,Mecanica Integral PEREYRA - presupuesto 133 invernada,45000.0,000000,,N
2026,1,864,864,2026-03-04 00:00:00,GMADA,2302,INFOR,,R,PRESU,11376,2026,S,2026-03-04 00:00:00,2,,,"PRESUPUESTO 11376, DGM DE MARTIN SRL",119796.0,000000,,N
2026,1,865,865,2026-03-04 00:00:00,GMADA,3072,1,,R,PRESU,0,2026,S,2026-03-04 00:00:00,1,,,Copia de 2026/40 Correo Oficial de la República Argentina,8070000.0,000000,,N
2026,1,867,867,2026-03-04 00:00:00,GMADA,2330,1,,R,PRESU,0,2026,S,2026-03-04 00:00:00,1,,,"PREVISION PARA DISTINTAS AREAS,COMBUSTIBLE DEL SALADO",8070000.0,000000,,N
2026,1,870,870,2026-03-05 00:00:00,GMADA,313,9,,R,PRESU,0,2026,S,2026-03-05 00:00:00,1,,,PREVISION SIN N°  - ATREUCO PUEL S.A -  ABASTECIMIENTO ANUAL DE COMBIS SECRETARIA DE DEPORTES,2000000.0,000000,,N
2026,1,871,871,2026-03-05 00:00:00,GMADA,2770,ASLEG,,R,PRESU,0,2026,S,2026-03-06 00:00:00,1,,,"PRESUPUESTO 000, MARTIN FERNANDO HIJO",7600.0,000000,,N
2026,1,872,872,2026-03-05 00:00:00,GMADA,3337,6,,R,PRESU,595,2026,S,2026-03-05 00:00:00,1,,,"PRESUPUESTO 595, GARCIA FEDERICO",959710.0,000000,,N
2026,1,883,883,2026-03-06 00:00:00,GMADA,3563,5,,R,PRESU,0,2026,S,2026-03-06 00:00:00,1,,,SONIDO CD  CLAUDIO OSCAR DIAZ  FINAL FOLKLORE EN LOS BARRIOS  EXPTE 224/26,500000.0,000000,,N
2026,1,887,887,2026-03-06 00:00:00,GMADA,33,3,,R,PRESU,0,2026,S,2026-03-06 00:00:00,1,,,"PRESUPUESTO 000, PCIA BS AS",3000000.0,000000,,N
2026,1,888,888,2026-03-09 00:00:00,GMADA,3529,9,,R,PRESU,0,2026,S,2026-03-09 00:00:00,1,,,PRESUPUESTO TISERA SANITARIOS PORTATILES,340000.0,000000,,N
2026,1,889,889,2026-03-09 00:00:00,GMADA,3364,5,,A,PRESU,0,2026,S,2026-03-09 00:00:00,1,2026-03-10 00:00:00,NO,MATIAS LIGARI    FINAL FOLKLORE EN LOS BARRIOS   EXPTE 224/26,250000.0,000000,,N
2026,1,890,890,2026-03-09 00:00:00,GMADA,2330,2,,R,PRESU,0,2026,S,2026-03-09 00:00:00,1,,,"COMBUSTIBLES DEL SALADO. PREVISION DEL 16/02/26 AL 28/02/2026.VEHICULOS HOSPITAL MUNICIPAL.DOMINIOS EQM 605, FJX 453, KYV 365, JQS 879, AA 775 QW, PAA 334, AB 039 OI, AF 591 SU, AF 545 VGL, AF 548 KJ.",6160000.0,000000,,N
2026,1,891,891,2026-03-09 00:00:00,GMADA,1259,CONTR,,R,PRESU,30086,2026,S,2026-03-09 00:00:00,1,,,"PRESUPUESTO 30086, SUC DANNUNZIO JORGE",30121.0,000000,,N
2026,1,892,892,2026-03-09 00:00:00,GMADA,2627,H.ANC,,R,PRESU,2180,2026,S,2026-03-09 00:00:00,1,,,SANTA PAULA- PRESUPUESTO N° 0001-00002180 (SEMANA DEL 11/02 HASTA EL 18/02/26),6500.0,000000,,N
2026,1,893,893,2026-03-09 00:00:00,GMADA,850,2,,R,PRESU,15176,2026,S,2026-03-09 00:00:00,2,,,UNO ELECTROMEDICINA- PRESUPUESTO N° 00003-00015176 (LABORATORIO DE ANALISIS),1330541.03,000000,,N
2026,1,894,894,2026-03-09 00:00:00,GMADA,3165,2,,R,PRESU,10771,2026,S,2026-03-09 00:00:00,2,,,VELIBO SUPPLIES S.A.S- PREUPUESTO N° 0001-00010771,7172480.0,000000,,N
2026,1,895,895,2026-03-09 00:00:00,GMADA,1603,2,,R,PRESU,693953,2026,S,2026-03-09 00:00:00,1,,,PANADERIA ALEM DE GARCIA GLADYS- PRESUPUESTO N° 6939053 HOSPITAL Y HOGAR DE ANCIANOS (DESDE EL 28/02 HASTA EL 14/03/2026),766400.0,000000,,N
2026,1,896,896,2026-03-09 00:00:00,GMADA,3322,2,,R,PRESU,2451,2026,S,2026-03-09 00:00:00,2,,,PINAMAR HIGIENE INSTITUCIONAL - PRESUPUESTO N° 16-2451,287777.01,000000,,N
2026,1,897,897,2026-03-09 00:00:00,GMADA,2109,1,,R,PRESU,0,2026,S,2026-03-09 00:00:00,1,,,Gomez Alberto Daniel,250000.0,000000,,N
2026,1,898,898,2026-03-09 00:00:00,GMADA,3322,2,,R,PRESU,2481,2026,S,2026-03-09 00:00:00,2,,,PINAMAR HIGIENE INSTITUCIONAL - PRESUPUESTO N° 16-2481,244535.63,000000,,N
2026,1,899,899,2026-03-09 00:00:00,GMADA,3322,2,,R,SUM,835,2026,S,2026-03-09 00:00:00,2,,,PINAMAR HIGIENE INSTITUCIONAL - PRESUPUESTO N° 16-2479 (HOSPITAL),89507.56,000115,,N
2026,1,900,900,2026-03-09 00:00:00,GMADA,1440,2,,R,PRESU,91,2026,S,2026-03-09 00:00:00,2,,,QUALIMED- PRESUPUESTO N° 91,5073395.0,000000,,N
2026,1,901,901,2026-03-09 00:00:00,GMADA,850,2,,R,SUM,860,2026,S,2026-03-09 00:00:00,3,,,UNO ELECTROMEDICINA- PRESUPUESTO N° 00003-00015129 (LABORATORIO DE ANALISIS),2833657.09,000115,,N
2026,1,902,902,2026-03-09 00:00:00,GMADA,866,2,,R,SUM,718,2026,S,2026-03-09 00:00:00,1,,,PRESUPUESTO 13/02/26 ´PILOÑA,3048039.07,000115,,N
2026,1,903,903,2026-03-09 00:00:00,GMADA,2627,H.ANC,,R,PRESU,2178,2026,S,2026-03-09 00:00:00,1,,,SANTA PAULA- PRESUPUESTO N° 0001-00002178 (DIARIO),6000.0,000000,,N
2026,1,904,904,2026-03-09 00:00:00,GMADA,2883,2,,R,SUM,848,2026,S,2026-03-09 00:00:00,3,,,INSUMOS GENERALES 3 F- PRESUPUESTO N° 25/02/2026,287047.0,000115,,N
2026,1,905,905,2026-03-09 00:00:00,GMADA,441,2,,R,ORDCO,823,2026,S,2026-03-09 00:00:00,1,,,ALPA- PRESUPUESTO N° 0002-00003880/3881 (DIRECCION- LABORATORIO),78549.86,000115,,N
2026,1,906,906,2026-03-09 00:00:00,GMADA,171,2,,R,SUM,828,2026,S,2026-03-09 00:00:00,1,,,ELECTRICIDAD EL GALLEGO- PRESUPUESTO N° 54899/54810,35900.0,000115,,N
2026,1,907,907,2026-03-09 00:00:00,GMADA,160,13,,R,SUM,830,2026,S,2026-03-09 00:00:00,1,,,AGROVETERINARIA MARZULLO- PRESUPUESTO N° 0001-00001172/1173,282740.0,000115,,N
2026,1,908,908,2026-03-09 00:00:00,GMADA,2869,2,,R,SUM,858,2026,S,2026-03-09 00:00:00,1,,,MADA POY S.A- PRESUPUESTO N° 0001-00000982 (DESDE EL 19/02/2026 AL 26/02/2026),1523303.0,000115,,N
2026,1,909,909,2026-03-09 00:00:00,GMADA,612,2,,R,SUM,829,2026,S,2026-03-09 00:00:00,1,,,MARZULLO COMPUTACION- PRESUPUESTO N° 001-00001296 (ENFERMERIA),94000.0,000115,,N
2026,1,910,910,2026-03-09 00:00:00,GMADA,527,2,,R,SUM,826,2026,S,2026-03-09 00:00:00,2,,,SERVIMED- PRESUPUESTO N° 7269/26 R,151950.0,000115,,N
2026,1,911,911,2026-03-09 00:00:00,GMADA,441,1,,R,SUM,854,2026,S,2026-03-09 00:00:00,1,,,"Matienzo Paola ,presupuesto 00003882",27900.0,000115,,N
2026,1,912,912,2026-03-09 00:00:00,GMADA,1514,6,,R,PRESU,0,2026,S,2026-03-09 00:00:00,2,,,"PRESUPUESTO 000, CASA ELICEIRY, 9/03/2026",10248000.0,000000,,N
2026,1,913,913,2026-03-09 00:00:00,GMADA,717,4,,R,SUM,846,2026,S,2026-03-09 00:00:00,2,,,"PRESUPUESTO N° X  021422 de Marina Irene Pinilla de ""PROVEDURIA LA ILUSION"" Para la oficina del Equipo de Violencias",13000.0,000115,,N
2026,1,914,914,2026-03-09 00:00:00,GMADA,1141,3,,R,SUM,921,2026,S,2026-03-09 00:00:00,1,,,PROV. RUBEN BASTONS PRESUP.0146 LONA PARA CAMION VW 17260 AF497IJ,770000.0,000115,,N
2026,1,835,835,2026-02-27 00:00:00,GMADA,3220,25,,R,SUM,827,2026,S,2026-02-27 00:00:00,1,,,"Ricciuto, presupuesto 023 (AE331 IY)",600000.0,000115,,N
2026,1,837,837,2026-02-27 00:00:00,GMADA,441,25,,R,SUM,821,2026,S,2026-02-27 00:00:00,1,,,"Papelera Alpa, presupuesto 3874 (inspeccion)",45749.7,000115,,N
2026,1,838,838,2026-02-27 00:00:00,GMADA,3220,25,,R,SUM,822,2026,S,2026-02-27 00:00:00,1,,,"Ricciuto, presupuesto 0022 (AB038FH)",600000.0,000115,,N
2026,1,839,839,2026-02-27 00:00:00,GMADA,2330,8,,R,SUM,820,2026,S,2026-02-27 00:00:00,2,,,PROV.COMBUSTIBLE DEL SALADO- SEC PRODUCCION- PREVISION,38160.0,000115,,N
2026,1,599,599,2026-02-11 00:00:00,GMADA,5,2,,R,PRESU,0,2026,S,2026-02-11 00:00:00,1,,,"PREVISION, ANDRES PONSA S.A",500000.0,000000,,N
2026,1,564,564,2026-02-04 00:00:00,GMADA,1943,2,,A,PRESU,7341,2026,S,2026-02-04 00:00:00,4,2026-02-13 00:00:00,NO,B GATE - PRESUPUESTO N° 0005-00007341,1392216.28,000000,,N
2026,1,565,565,2026-02-04 00:00:00,GMADA,1658,24,,R,PRESU,0,2026,S,2026-02-04 00:00:00,2,,,"PREVISION, YELITO",1200000.0,000000,,N
2026,1,566,566,2026-02-04 00:00:00,GMADA,2369,3,,R,PRESU,188113,2026,S,2026-02-04 00:00:00,2,,,"PROV.MERCEDES LA PLATA PRESUP.188113 REPUESTOS PARA MERCEDES XNE245,DMI 232,PJY978,OOI617,",2146194.76,000000,,N
2026,1,567,567,2026-02-04 00:00:00,GMADA,1879,6,,R,PRESU,3041,2026,S,2026-02-04 00:00:00,1,,,"Corresponde presupuesto N° 00003041- ZUBIARRAIN DANIEL ""RODAMIENTOS DEL TUYU""",66800.0,000000,,N
2026,1,568,568,2026-02-04 00:00:00,GMADA,2208,CONTR,,R,PRESU,394,2026,S,2026-02-04 00:00:00,2,,,Corresponde presupuesto N° 394 - Lombardi Martin,228000.0,000000,,N
2026,1,570,570,2026-02-04 00:00:00,GMADA,90,4,,R,PRESU,39,2026,S,2026-02-04 00:00:00,3,,,"PRESUPUESTO NX 00000039 de Lo coco, Marcelo Alejandro de ""TODO COLOR""",8011800.0,000000,,N
2026,1,583,583,2026-02-06 00:00:00,GMADA,400,SECRE,,R,SUM,357,2026,S,2026-02-06 00:00:00,1,,,Corresponde Expte n ° 26/2026 - Servicio de Publicidad- Silvia Tolosa,1080000.0,000115,,N
2026,1,597,597,2026-02-10 00:00:00,GMADA,90,4,,R,EXPED,77,2026,S,2026-02-10 00:00:00,7,,,Licitación Privada enero 2026,96077940.0,000300,,N
2026,1,602,602,2026-02-11 00:00:00,GMADA,3075,CONTR,,R,PRESU,70,2026,S,2026-02-11 00:00:00,1,,,"PRESUPUESTO 0001-000000070, JUAN MARTIN CORREA LORENTE",122500.0,000000,,N
2026,1,603,603,2026-02-11 00:00:00,GMADA,169,9,,R,PRESU,1026,2026,S,2026-02-11 00:00:00,1,,,PRESUPUESTO TERRANOVA QUIMICA N 1026,9600.0,000000,,N
2026,1,604,604,2026-02-11 00:00:00,GMADA,441,1,,R,PRESU,3872,2026,S,2026-02-11 00:00:00,1,,,"Matienzo Paola ,presupuesto 00003872",24000.2,000000,,N
2026,1,605,605,2026-02-11 00:00:00,GMADA,171,9,,R,PRESU,4481,2026,S,2026-02-11 00:00:00,1,,,Presupuesto N 4481 Electricidad El Gallego,15900.0,000000,,N
2026,1,799,799,2026-02-26 00:00:00,GMADA,3481,9,,R,SUM,840,2026,S,2026-02-26 00:00:00,1,,,"PRESUPUESTO 000, CASTRO PATRICIO DANIEL",850000.0,000029,,N
2026,1,802,802,2026-02-26 00:00:00,GMADA,2216,2,,A,SUM,816,2026,S,2026-02-26 00:00:00,1,2026-03-02 00:00:00,NO,PRESUPUESTO 30777 RAFAEL CIOFFI SERVICIO AUTOMOTOR AMBULANCIA DOMINIO PAA 334,2460000.0,000029,,N
2026,1,606,606,2026-02-11 00:00:00,GMADA,3287,4,,R,PRESU,1856,2026,S,2026-02-11 00:00:00,2,,,"PRESUPUESTO N° 1856 de ""Hispanograf"" Bonos de pan para los programas de alimentos",75500.0,000000,,N
2026,1,915,915,2026-03-09 00:00:00,GMADA,777,25,,R,PRESU,122,2026,S,2026-03-09 00:00:00,1,,,"MP repuestos, presupuestos 122-135-134-129 ( AB038FG-AE704AW-AB038FH)",240400.0,000000,,N
2026,1,607,607,2026-02-11 00:00:00,GMADA,41,5,,R,PRESU,0,2026,S,2026-02-11 00:00:00,1,,,SAMUEL CALANDRON        CARNAVAL 2026,1700000.0,000000,,N
2026,1,608,608,2026-02-11 00:00:00,GMADA,3364,5,,R,PRESU,0,2026,S,2026-02-11 00:00:00,1,,,MATIAS LIGARI     CARNAVAL 2026,1050000.0,000000,,N
2026,1,620,620,2026-02-11 00:00:00,GMADA,685,6,,R,PRESU,0,2026,S,2026-02-11 00:00:00,1,,,"PRESUPUESTO DEL 4/02/2026, DRAGOJEVIC SIMON",1275000.0,000000,,N
2026,1,623,623,2026-02-12 00:00:00,GMADA,3441,6,,R,PRESU,0,2026,S,2026-02-12 00:00:00,1,,,"PREVISION, FURNO VANESA SOLEDAD",4000000.0,000000,,N
2026,1,626,626,2026-02-13 00:00:00,GMADA,2917,3,,R,PRESU,5609,2026,S,2026-02-13 00:00:00,4,,,PROV. AMERICAN VIAL PRESUP.5609  FILTROS PARA WECAM X650  EPK06,1068795.02,000029,,N
2026,1,627,627,2026-02-13 00:00:00,GMADA,2410,8,,R,PRESU,1166,2026,S,2026-02-13 00:00:00,1,,,PROV. BOGADO LEANDRO RUBEN - PRESUP. N°1166 - SEC PRODUCCION- FOTON AF591SL,150000.0,000000,,N
2026,1,628,628,2026-02-13 00:00:00,GMADA,441,9,,R,PRESU,3866,2026,S,2026-02-13 00:00:00,1,,,Presupuesto N  00003866 ALPA,4800.0,000000,,N
2026,1,629,629,2026-02-13 00:00:00,GMADA,2410,6,,R,PRESU,1179,2026,S,2026-02-13 00:00:00,1,,,"PRESUPUESTO 1179/1184/1186/1173, BOGADO LEANDRO RUBEN",820000.0,000000,,N
2026,1,630,631,2026-02-13 00:00:00,GMADA,300,DEFCI,,R,PRESU,5933,2026,S,2026-02-13 00:00:00,1,,,PROV.SILVIA MAISTEGUI PRESUP.5933 ARTICULOS DE FERRETERIA PARA  ARREGLO DE FAROLAS CALLE 33 REMPLAZO DE COLUMNAS,64146.0,000000,,N
2026,1,632,632,2026-02-13 00:00:00,GMADA,826,3,,R,PRESU,2642,2026,S,2026-02-13 00:00:00,1,,,PROV.DUENDE AZUL PRESUP.2642 COMISION A LA PLATA REPUSTOS PARA VEHICULOS,65000.0,000000,,N
2026,1,633,633,2026-02-13 00:00:00,GMADA,441,7,,R,PRESU,3862,2026,S,2026-02-13 00:00:00,1,,,PROV.ALPA PRESUP.3862 PARA CEMENTERIO,24550.0,000000,,N
2026,1,635,635,2026-02-13 00:00:00,GMADA,2751,8,,R,PRESU,0,2026,S,2026-02-13 00:00:00,2,,,  PROV. AGRONOMIA HORTICOLA SRL- PRES. N°27/01/26- SEC PRODUCCION,375000.0,000000,,N
2026,1,931,931,2026-03-09 00:00:00,GMADA,1066,35,,R,SUM,641,2026,S,2026-03-09 00:00:00,1,,,Expte.:363/26 Sol. Compra de 450 toneladas de estabilizado,7954200.0,000029,,N
2026,1,723,723,2026-02-19 00:00:00,GMADA,57,2,,R,SUM,705,2026,S,2026-02-19 00:00:00,1,,,IMPRENTA EL ARGENTINO - PRESUPUESTO N° 555,37000.0,000115,,N
2026,1,724,724,2026-02-19 00:00:00,GMADA,527,2,,R,SUM,707,2026,S,2026-02-19 00:00:00,2,,,SERVIMED - PRESUPUESTO N° 298/26 CAJA INSTRUMENTAL PARA SUTURAS,82628.0,000115,,N
2026,1,726,726,2026-02-19 00:00:00,GMADA,413,2,,A,SUM,706,2026,S,2026-02-19 00:00:00,2,2026-02-20 00:00:00,NO,NEUMATICOS PASO - PRESUPUESTO N° 1-4051  VEHICULO DOMINIO AF545GL,8000.0,000115,,N
2026,1,728,728,2026-02-19 00:00:00,GMADA,285,2,,R,SUM,724,2026,S,2026-02-19 00:00:00,3,,,PRESUPUESTO 0000100052481 RADIOGRAFICA OESTE,484803.98,000115,,N
2026,1,730,730,2026-02-19 00:00:00,GMADA,1810,2,,R,SUM,721,2026,S,2026-02-19 00:00:00,1,,,PRESUPUESTO 000374 CATALDO ADOLFO REPARACION COMPRESOR PLANTA OXIGENO Nº 2,200000.0,000115,,N
2026,1,731,731,2026-02-19 00:00:00,GMADA,1810,2,,A,SUM,718,2026,S,2026-02-19 00:00:00,6,2026-02-19 00:00:00,NO,PRESUPUESTO 13/02/26 ´PILOÑA,2132124.7,000115,,N
2026,1,733,733,2026-02-19 00:00:00,GMADA,2595,25,,R,SUM,398,2026,S,2026-02-19 00:00:00,2,,,"Ivanper, presupuesto 7870 (taller del area )",43800.0,000115,,N
2026,1,735,735,2026-02-19 00:00:00,GMADA,413,2,,R,SUM,666,2026,S,2026-02-19 00:00:00,2,,,NEUMATICOS PASO - PRESUPUESTO N° 1-4056 VEHICULO AE619QS,170000.0,000115,,N
2026,1,762,762,2026-02-23 00:00:00,GMADA,2110,CASA,,R,SUM,740,2026,S,2026-02-23 00:00:00,2,,,"PRESUPUESTO N° 542 de ""EDUARDO FUMEGA"" Arreglos en Casa del Adolescente",60000.0,000115,,N
2026,1,764,764,2026-02-23 00:00:00,GMADA,3398,3,,A,SUM,751,2026,S,2026-02-23 00:00:00,2,2026-02-25 00:00:00,NO,PROV.CHAYE HNOS PRESUP.0414 REPUESTO PARA TRACTOR JONH DEERE BNA17,1957867.6,000115,,N
2026,1,766,766,2026-02-23 00:00:00,GMADA,3075,1,,R,SUM,778,2026,S,2026-02-23 00:00:00,2,,,"Correa Lorente Juan Martín,presupuesto 0001-00000072",1084690.62,000115,,N
2026,1,767,767,2026-02-23 00:00:00,GMADA,169,1,,R,SUM,777,2026,S,2026-02-23 00:00:00,3,,,"Terranova , presupesto 001030",296000.0,000115,,N
2026,1,796,796,2026-02-26 00:00:00,GMADA,2110,25,,R,SUM,763,2026,S,2026-02-26 00:00:00,2,,,"Eduardo Fumega, presupuesto 540 ( comisaria de la mujer)",225000.0,000115,,N
2026,1,797,797,2026-02-26 00:00:00,GMADA,1259,25,,R,SUM,764,2026,S,2026-02-26 00:00:00,2,,,"Electri Dannunzio, presupuesto 30183 (COM-tecnica)",5838.0,000115,,N
2026,1,804,805,2026-02-26 00:00:00,GMADA,3454,4,,R,SUM,843,2026,S,2026-02-26 00:00:00,1,,,Expte N° 441/2026 Contrato: Muscia Caldarella Gian Franco - Operador Social Servicio Local. No cumple con el Art. 45 de la Ley 14.656,710717.6,000115,,N
2026,1,808,808,2026-02-26 00:00:00,GMADA,2110,CACUL,,R,SUM,818,2026,S,2026-02-26 00:00:00,1,,,EDUARDO FUMEGA  PRESUPUESTO N° 545,75000.0,000115,,N
2026,1,810,810,2026-02-26 00:00:00,GMADA,3529,9,,A,SUM,812,2026,S,2026-02-26 00:00:00,2,2026-03-09 00:00:00,NO,PRESUPUESTO TISERA SANITARIOS PORTATILES,340000.0,000115,,N
2026,1,813,813,2026-02-26 00:00:00,GMADA,3184,2,,R,SUM,772,2026,S,2026-02-26 00:00:00,2,,,DROGUERIA PERDOMINICI- PRESUPUESTO N° 12/02/2026,5325216.2,000115,,N
2026,1,817,817,2026-02-26 00:00:00,GMADA,850,2,,R,SUM,794,2026,S,2026-02-26 00:00:00,2,,,UNO ELECTROMEDICINA- PRESUPUESTO N° 00003-00015081/15094 (LABORATORIO DE IMAGENES),4024482.54,000115,,N
2026,1,818,818,2026-02-26 00:00:00,GMADA,2306,2,,R,SUM,782,2026,S,2026-02-26 00:00:00,2,,,PRESUPUESTO  OXI - REF  SANTIAGO PEREZ,119000.0,000115,,N
2026,1,819,819,2026-02-26 00:00:00,GMADA,345,2,,R,SUM,776,2026,S,2026-02-26 00:00:00,2,,,DROGUERIA AZCUENAGA - PRESUPUESTO N° 200056152,1186830.0,000115,,N
2026,1,820,820,2026-02-26 00:00:00,GMADA,1573,2,,R,SUM,775,2026,S,2026-02-26 00:00:00,2,,,DROGUERIA ALBERDI S.A- PRESUPUESTO N° 26/01/2026,260976.16,000115,,N
2026,1,823,823,2026-02-26 00:00:00,GMADA,2209,1,,R,SUM,850,2026,S,2026-02-26 00:00:00,1,,,Expte 129/26 Rally 2026.Durante Javier,44640.0,000115,,N
2026,1,824,824,2026-02-26 00:00:00,GMADA,285,2,,R,SUM,769,2026,S,2026-02-26 00:00:00,2,,,RADIOGRAFICAOESTE- PRESUPUESTO N° 100053111 (LABORATORIO DE ANALISIS),1361668.42,000115,,N
2026,1,826,826,2026-02-26 00:00:00,GMADA,1810,2,,R,SUM,780,2026,S,2026-02-26 00:00:00,3,,,CATALDO ADOLFO E HIJOS PRESUPUESTO 000373,180000.0,000115,,N
2026,1,827,827,2026-02-26 00:00:00,GMADA,866,2,,R,SUM,766,2026,S,2026-02-26 00:00:00,2,,,PILOÑA- PRESUPUESTO N° 5/02/26,5916739.18,000115,,N
2026,1,828,828,2026-02-26 00:00:00,GMADA,1658,9,,R,SUM,849,2026,S,2026-02-26 00:00:00,1,,,PREVISION SIN N° - YELITO AGUA - HIDRATACION EN EVENTOS DEPORTIVOS PRIMER SEMESTRE DEL AÑO,500000.0,000115,,N
2026,1,829,829,2026-02-26 00:00:00,GMADA,1876,2,,R,SUM,767,2026,S,2026-03-02 00:00:00,3,,,MAX CONTINENTAL- PRESUPUESTO N° 20/02/2026,2463332.93,000115,,N
2026,1,831,831,2026-02-27 00:00:00,GMADA,1063,2,,R,SUM,805,2026,S,2026-02-27 00:00:00,2,,,PRESUPUESTO LOPEZ MIGUEN ANGEL TELEFONO FIJO PARA CENTRAL TELEFONICA,319000.0,000115,,N
2026,1,832,832,2026-02-27 00:00:00,GMADA,1267,3,,R,SUM,786,2026,S,2026-02-27 00:00:00,1,,,"PROV.SILVIA SORAGNI PRESUP.0607  REPARACION Y REPUESTOS PARA PALA CARGADORA CII58,",292371.0,000115,,N
2026,1,842,842,2026-02-27 00:00:00,GMADA,2869,1,,R,SUM,862,2026,S,2026-02-27 00:00:00,2,,,Mada-Poy.Expte 129/26 Rally 2026,577189.99,000115,,N
2026,1,843,843,2026-02-27 00:00:00,GMADA,3198,9,,R,SUM,863,2026,S,2026-02-27 00:00:00,3,,,Cirucci Silvia (Trofeos).Expte 129/2026,2233674.52,000115,,N
2026,1,844,844,2026-02-27 00:00:00,GMADA,71,TURIS,,R,SUM,750,2026,S,2026-02-27 00:00:00,1,,,Campo y ciudad. presupuesto 15276.,41000.0,000115,,N
2026,1,845,845,2026-02-27 00:00:00,GMADA,3287,9,,R,SUM,867,2026,S,2026-02-27 00:00:00,2,,,Prevision Avellaneda 7163,76020.0,000115,,N
2026,1,660,659,2026-02-18 00:00:00,GMADA,441,2,,R,SUM,649,2026,S,2026-02-18 00:00:00,1,,,ALPA - PRESUPUESTO N° 2-3873 (ADMINISTRACION HOSPITAL),44296.45,000115,,N
2026,1,661,661,2026-02-18 00:00:00,GMADA,2410,25,,R,SUM,674,2026,S,2026-02-18 00:00:00,1,,,L.R.B Bogado presupuesto 1180 (AF345SU),60000.0,000115,,N
2026,1,662,662,2026-02-18 00:00:00,GMADA,2410,25,,R,SUM,671,2026,S,2026-02-18 00:00:00,1,,,"L.R.B bogado , presupuesto 01182 (AE704AW)",120000.0,000115,,N
2026,1,663,663,2026-02-18 00:00:00,GMADA,3220,25,,R,SUM,659,2026,S,2026-02-18 00:00:00,1,,,"Ricciuto, presupouesto 020 (jch 069)",440000.0,000115,,N
2026,1,664,664,2026-02-18 00:00:00,GMADA,879,7,,R,SUM,683,2026,S,2026-02-18 00:00:00,2,,,"PROV.CASA HARISGARAT PRESUP.1025,1031,1022,1034,1036 PARA ARREGLOS EN CEMENTERIO, CORRALON MUNICIPAL Y CORDON DE CALLES ALEM Y VENEZUELA",100000.0,000115,,N
2026,1,665,665,2026-02-18 00:00:00,GMADA,360,5,,R,SUM,704,2026,S,2026-02-18 00:00:00,1,,,CARLOS ARGENTINO LOMBERA PROVEEDOR N° 360,140000.0,000115,,N
2026,1,666,666,2026-02-18 00:00:00,GMADA,164,3,,R,SUM,699,2026,S,2026-02-18 00:00:00,1,,,PROV.JOSE CORREA PRESUP.0209 REPARACION DE INSTALACION ELECTRICA EN CORRALON MUNICIPAL,98000.0,000115,,N
2026,1,667,667,2026-02-18 00:00:00,GMADA,2110,1,,A,SUM,712,2026,S,2026-02-18 00:00:00,1,2026-02-18 00:00:00,NO,"Fumega Eduardo,presuesto 537",55000.0,000115,,N
2026,1,668,668,2026-02-18 00:00:00,GMADA,2110,1,,R,SUM,714,2026,S,2026-02-18 00:00:00,1,,,"Fumega Eduardo,presupuesto 535",130000.0,000115,,N
2026,1,669,669,2026-02-18 00:00:00,GMADA,2110,1,,R,SUM,715,2026,S,2026-02-18 00:00:00,1,,,"Fumega Eduardo,presupuesto 536",295000.0,000115,,N
2026,1,670,670,2026-02-18 00:00:00,GMADA,879,2,,R,SUM,657,2026,S,2026-02-18 00:00:00,2,,,CASA HARISGARAT - PRESUPUESTO N° 1-1042 (PLANTA OXIGENO HOSPITAL),31090.0,000115,,N
2026,1,671,671,2026-02-18 00:00:00,GMADA,879,2,,R,SUM,658,2026,S,2026-02-18 00:00:00,2,,,CASA HARISGARAT - PRESUPUESTO N° 1-1041 (INTERNACION HOSPITAL),46940.0,000115,,N
2026,1,672,672,2026-02-18 00:00:00,GMADA,300,2,,R,SUM,660,2026,S,2026-02-18 00:00:00,1,,,PINTURERIA FERRETERIA TODO COLOR - PRESUPUESTO N° 5941 (ENFERMERIA HOSPITAL),135583.0,000115,,N
2026,1,676,676,2026-02-18 00:00:00,GMADA,300,2,,R,SUM,662,2026,S,2026-02-18 00:00:00,1,,,"PINTURERIA FERRETERIA TODO COLOR - PRESUPUESTO N° 5930 (DIRECCION, TERAPIA, INTERNACION, LABORATORIO)",253260.0,000115,,N
2026,1,680,680,2026-02-18 00:00:00,GMADA,300,2,,R,SUM,663,2026,S,2026-02-18 00:00:00,1,,,PINTURERIA FERRETERIA TODO COLOR - PRESUPUESTO N° 5939 (INTERNACION HOSPITAL),116910.0,000115,,N
2026,1,687,688,2026-02-18 00:00:00,GMADA,2627,H.ANC,,R,SUM,668,2026,S,2026-02-18 00:00:00,1,,,PENACCA SRL PRESUPUESTO 2164,17600.0,000115,,N
2026,1,690,690,2026-02-18 00:00:00,GMADA,2330,2,,R,SUM,634,2026,S,2026-02-18 00:00:00,2,,,"COMBUSTIBLES DEL SALADO. PREVISION DEL 01/02/26 AL 15/02/26.VEHICULOS HOSPITAL MUNICIPAL.. DOMINIOS EQM 605, FJX 453, KYV 365, JQS 879,AA 775 QW, PAA 334, AB 039 OI, AF 591 SU, AF 545 GL, AF 548 KJ.",171197.13,000115,,N
2026,1,694,693,2026-02-18 00:00:00,GMADA,850,2,,R,SUM,698,2026,S,2026-02-18 00:00:00,3,,,UNO ELECTROMEDICINA - PRESUPUESTO N° 3-15020,380739.98,000115,,N
2026,1,705,705,2026-02-18 00:00:00,GMADA,285,2,,R,SUM,697,2026,S,2026-02-18 00:00:00,2,,,RADIOGRAFICAOESTE - PRESUPUESTO N° 100052677,1431762.63,000115,,N
2026,1,709,709,2026-02-18 00:00:00,GMADA,2450,2,,R,SUM,693,2026,S,2026-02-18 00:00:00,2,,,LA FRUTERIA - PRESUPUESTO  del 01/01/26 al 31/01/26,4345200.0,000115,,N
2026,1,711,711,2026-02-18 00:00:00,GMADA,2450,2,,R,SUM,695,2026,S,2026-02-18 00:00:00,1,,,LA FRUTERIA - PRESUPUESTO DEL 01/01/2026 AL 31/01/2026,3925625.0,000115,,N
2026,1,712,712,2026-02-18 00:00:00,GMADA,3556,2,,R,SUM,696,2026,S,2026-02-18 00:00:00,2,,,"LAS MARIAS GRANJA AVICOLA - PRESUPUESTOS N° 27962, 27967, 27971, 27974, 27963 Y 27975 (COCINA Y HOGAR HOSPITAL)",414000.0,000115,,N
2026,1,713,713,2026-02-18 00:00:00,GMADA,2627,H.ANC,,R,SUM,678,2026,S,2026-02-18 00:00:00,1,,,SANTA PAULA - PRESUPUESTO N° 1-2180,6500.0,000115,,N
2026,1,714,714,2026-02-18 00:00:00,GMADA,2883,2,,R,SUM,676,2026,S,2026-02-18 00:00:00,2,,,INSUMOS GENERALES - PRESUPUESTO S/N FECHA 2/2/2026,209462.06,000115,,N
2026,1,715,715,2026-02-18 00:00:00,GMADA,1943,2,,R,SUM,664,2026,S,2026-02-18 00:00:00,2,,,B-GATE INGENIERIA EN GASES - PRESUPUESTO 7482,1614943.44,000115,,N
2026,1,716,716,2026-02-18 00:00:00,GMADA,1259,H.ANC,,R,SUM,665,2026,S,2026-02-18 00:00:00,1,,,ELECTRO DANNUNZIO - PRESUPUESTO N° 30162,146659.8,000115,,N
2026,1,717,717,2026-02-18 00:00:00,GMADA,300,2,,R,SUM,646,2026,S,2026-02-18 00:00:00,1,,,PINTURERIA FERRETERIA TODO COLOR - PRESUPUESTO N° 5945 MATERIAL UTILIZADO EN INTERNACION  Y OTRAS DEPENDENCIAS,150520.0,000115,,N
2026,1,718,718,2026-02-18 00:00:00,GMADA,57,2,,R,SUM,644,2026,S,2026-02-18 00:00:00,1,,,IMPRENTA EL ARGENTINO - PRESUPUESTO N° 554 (MATERNIDAD - HOSPITAL),20000.0,000115,,N
2026,1,719,719,2026-02-18 00:00:00,GMADA,879,25,,R,SUM,685,2026,S,2026-02-18 00:00:00,3,,,"Casa Harisgarat, presupuesto 1026 (comisaria de la mujer)",21840.0,000115,,N
2026,1,720,720,2026-02-18 00:00:00,GMADA,21,25,,R,SUM,684,2026,S,2026-02-18 00:00:00,2,,,"Fabrimar, presupuesto 0296 (AB038FH)",80000.0,000115,,N
2026,1,721,721,2026-02-18 00:00:00,GMADA,300,25,,R,SUM,686,2026,S,2026-02-18 00:00:00,2,,,"Ferreteria Todo Color, presupuesto 5937 (mantenimiento en general del area)",57740.0,000115,,N
2026,1,790,790,2026-02-25 00:00:00,GMADA,2110,JARDM,,R,SUM,803,2026,S,2026-02-25 00:00:00,2,,,"Expte N° 550/2026 PRESUPUESTOS N° 534/544 de ""FUMEGA EDUARDO""",1075000.0,000115,,N
2026,1,884,884,2026-03-06 00:00:00,GMADA,120,8,,R,SUM,922,2026,S,2026-03-06 00:00:00,1,,, PROV. BARRAL LUIS FRANCISCO - PRESUP. N° 02/03/2026 - SEC PRODUCCION- FOTON AF591SL,1350000.0,000010,,N
2026,1,574,574,2026-02-04 00:00:00,GMADA,3218,5,,R,PRESU,0,2026,S,2026-02-04 00:00:00,1,,,"PRESUPUESTO 000, USS SERVICIO DE SEGURIDAD",97262.26,000000,,N
2026,1,575,575,2026-02-04 00:00:00,GMADA,141,2,,R,PRESU,9689,2026,S,2026-02-04 00:00:00,2,,,PRESUPUESTO 9689 SAGITARIO,368508.33,000000,,N
2026,1,584,584,2026-02-06 00:00:00,GMADA,2450,9,,R,PRESU,0,2026,S,2026-02-06 00:00:00,2,,,PREVICION  MARCELO LABATUT,240000.0,000000,,N
2026,1,581,581,2026-02-05 00:00:00,GMADA,685,6,,A,PRESU,0,2026,S,2026-02-05 00:00:00,1,2026-02-11 00:00:00,NO,"PRESUPUESTO DEL 4/02/2026, DRAGOJEVIC SIMON",127500.0,000000,,N
2026,1,585,585,2026-02-06 00:00:00,GMADA,879,5,,R,PRESU,1038,2026,S,2026-02-06 00:00:00,2,,,"Tatano Harisgarat, presupuesto 0001-00001038",53526.0,000000,,N
2026,1,768,768,2026-02-23 00:00:00,GMADA,1063,25,,R,PRESU,0,2026,S,2026-02-23 00:00:00,2,,,"Miguel Lopez, presupuesto (COM)",595000.0,000000,,N
2026,1,885,885,2026-03-06 00:00:00,GMADA,1119,2,,R,SUM,954,2026,S,2026-03-06 00:00:00,1,,, EXPEDIENTE 5/2025 CONTRATO SOMA S.A DEL 01/01/26 AL 30/06/2026 RECOLECCIÓN SERVICIOS RESIDUOS  PATOGENICOS - DIF ORDEN DE COMPRA N° 127,43000.0,000115,,N
2026,1,830,830,2026-02-26 00:00:00,GMADA,3561,3,,R,SUM,787,2026,S,2026-02-26 00:00:00,3,,,PROV. MUNDO CARGO PRESUP.3147 REPUSTOS PARA FOTON AE969PX,116910.0,000115,,N
2026,1,866,866,2026-03-04 00:00:00,GMADA,2869,2,,R,SUM,869,2026,S,2026-03-04 00:00:00,1,,,MADA POY S.A- PRESUPUESTO N° 0001-00000983 DESDE EL 24/02/26 AL 3/03/26,102810.0,000115,,N
2026,1,868,868,2026-03-04 00:00:00,GMADA,167,2,,R,SUM,873,2026,S,2026-03-04 00:00:00,1,,,TODO POLLO - PRESUPUESTO N° 79 (SEMANA DEL 19/02/26 AL 26/02/26),561250.0,000115,,N
2026,1,869,869,2026-03-04 00:00:00,GMADA,2869,2,,R,SUM,870,2026,S,2026-03-04 00:00:00,1,,, MADA POY - PRESUPUESTO N° 0001-00000985/986  SEMANA DEL 26/02/2026 AL 5/03/2026,1302038.0,000115,,N
2026,1,886,886,2026-03-06 00:00:00,GMADA,3430,2,,A,SUM,931,2026,S,2026-03-06 00:00:00,4,2026-03-16 00:00:00,NO,PRESUPUESTO 167212 GLOBAL TONER PARA OFICINA FACTURACION - OFICINA ESTADISTICA - DIRECCION MEDICA - DIRECION ADMINISTRATIVA - INTERNACION - GUARDIA ADULTO - GUARDIA PEDIATRICA - OFICINA DE PERSONAL - CONSULTORIOS EXTERNOS - CAPS BELGRANO - CAPS SAN MARTIN  - CAPS NORTE - CAPS QUINTANILLA,255966.43,000115,,N
2026,1,1060,1060,2026-03-17 00:00:00,GMADA,3511,2,,N,ORDCO,816,2026,S,2026-03-17 00:00:00,1,,,PRESUPUESTO ESPINOSA MARIA SILVIA  SERVICIO AUTOMOTOR AMBULANCIA DOMINIO PAA 334,2847000.0,000115,,N
2026,1,846,846,2026-03-02 00:00:00,GMADA,492,2,,R,SUM,876,2026,S,2026-03-02 00:00:00,3,,,MAXIMO PINASCO S.A PRESUPUESTO 1000354096 SERVICE MINIBUS AF591SU,893711.0,000029,,N
2026,1,972,972,2026-03-10 00:00:00,GMADA,441,H.ANC,,R,ORDCO,957,2026,S,2026-03-10 00:00:00,1,,,ALPA- PRESUPUESTO N° 0002-00003885,38298.5,000115,,N
2026,1,940,941,2026-03-10 00:00:00,GMADA,3322,2,,R,SUM,903,2026,S,2026-03-10 00:00:00,2,,,PINAMAR HIGIENE INSTITUCIONAL - PRESUPUESTO N° 16-2500,627166.83,000115,,N
2026,1,942,942,2026-03-10 00:00:00,GMADA,1603,JARDM,,R,SUM,942,2026,S,2026-03-10 00:00:00,2,,,"PRESUPUESTO N° X 6939051 de Garcia, Gladys de ""PANADERIA ALEM""",64800.0,000115,,N
2026,1,943,943,2026-03-10 00:00:00,GMADA,2330,SECGO,,R,SUM,956,2026,S,2026-03-10 00:00:00,1,,,CORRESPONDE PREVISION COMBUSTIBLES DEL SALADO - SEC GOBIERNO,4750000.0,000115,,N
2026,1,944,944,2026-03-10 00:00:00,GMADA,1206,4,,R,SUM,955,2026,S,2026-03-10 00:00:00,2,,,Presupuesto N°1-459157 nUCLEO MDP GRUPO NUCLEO-para Area de Prestaciones,165000.0,000115,,N
2026,1,946,946,2026-03-10 00:00:00,GMADA,2770,4,,R,SUM,938,2026,S,2026-03-10 00:00:00,2,,,"PRESUPUESTO de ""FERNANDO, MARTIN"" Para computadora de la oficina de género",32500.0,000115,,N
2026,1,947,948,2026-03-10 00:00:00,GMADA,688,25,,R,SUM,934,2026,S,2026-03-10 00:00:00,2,,,"Baterias La Primera, presupuesto 7001-7020-7000 ( jch069,lbn155,ae331iy)",487000.0,000115,,N
2026,1,951,951,2026-03-10 00:00:00,GMADA,216,17,,R,SUM,953,2026,S,2026-03-10 00:00:00,2,,,"PROV. F.A.E.  PRESUP.1549,7711 BOLSA DE RESIDUOS PARA VIVERO MUNICIPAL Y MEDIO AMBIENTE",180500.0,000115,,N
2026,1,953,953,2026-03-10 00:00:00,GMADA,1259,4,,R,SUM,939,2026,S,2026-03-10 00:00:00,2,,,"PRESUPUESTOS N° 00030270/30304 de Sucesión de D annunzio Jorge Neldo de ""ELECTRO D ANNUNZIO"" Para la oficina de Desarrollo Social (afuera)",53970.66,000115,,N
2026,1,962,962,2026-03-10 00:00:00,GMADA,2001,2,,R,SUM,970,2026,S,2026-03-10 00:00:00,1,,,FARMACIA TONANI- PRESUPUESTO S/N° MEDICAMENTOS DISPENSADOS DESDE EL 3/12/25 AL 21/02/26,654621.78,000115,,N
2026,1,963,963,2026-03-10 00:00:00,GMADA,2310,2,,R,SUM,880,2026,S,2026-03-10 00:00:00,3,,,CENTRO HIERRO- PRESUPUESTO N° 11-7791,94095.28,000115,,N
2026,1,964,964,2026-03-10 00:00:00,GMADA,2216,2,,A,ORDCO,816,2026,S,2026-03-10 00:00:00,2,2026-03-17 00:00:00,NO,PRESUPUESTO 30777 RAFAEL CIOFFI SERVICIO AUTOMOTOR AMBULANCIA DOMINIO PAA 334,2847000.0,000115,,N
2026,1,965,965,2026-03-10 00:00:00,GMADA,3322,2,,R,SUM,971,2026,S,2026-03-10 00:00:00,2,,,PRESUPUESTO 2095  REMITO 975 03/01/26 - PRESUPUESTO 2096 - REMITO 968 10/01/2026 PRESUPUESTO 2093 REMITO 967 17/01/2026,830283.53,000115,,N
2026,1,966,966,2026-03-10 00:00:00,GMADA,2209,2,,R,SUM,902,2026,S,2026-03-10 00:00:00,1,,,DURANTE JAVIER - PRESUPUESTO N° 1-857  SEMANA DEL 16/02/26 AL 24/02/26,1747360.48,000115,,N
2026,1,967,967,2026-03-10 00:00:00,GMADA,2209,2,,R,SUM,901,2026,S,2026-03-10 00:00:00,1,,,DURANTE JAVIER- PRESUPUESTO N° 1-858 DEL 18/02/26 AL 25/02/26,1083309.96,000115,,N
2026,1,968,968,2026-03-10 00:00:00,GMADA,3322,2,,R,SUM,948,2026,S,2026-03-10 00:00:00,2,,,PINAMAR HIGIENE INSTITUCIONAL - PRESUPUESTO N° 16-240 SEMANA 20/01/26 AL 26/01/2026,848920.81,000115,,N
2026,1,969,969,2026-03-10 00:00:00,GMADA,441,2,,R,SUM,968,2026,S,2026-03-10 00:00:00,1,,,ALPA- PRESUPUESTO N° 0002-00003886/3887 (FACTURACION- INTERNACION- COCINA),90778.92,000115,,N
2026,1,971,971,2026-03-10 00:00:00,GMADA,3322,2,,R,SUM,951,2026,S,2026-03-10 00:00:00,2,,,PINAMAR HIGIENE INSTITUCIONAL - PRESUPUESTO N° 16-2371 SEMANA DEL 12/03/26 AL 19/03/26,774226.24,000115,,N
2026,1,973,973,2026-03-10 00:00:00,GMADA,1259,2,,R,SUM,960,2026,S,2026-03-10 00:00:00,1,,,ELECTRO D ANNUNZIO- PRESUPUESTO N° 23/02/26,89083.4,000115,,N
2026,1,974,974,2026-03-10 00:00:00,GMADA,2330,2,,R,SUM,972,2026,S,2026-03-10 00:00:00,1,,,"COMBUSTIBLES DEL SALADO. PREVISION DEL 01/03/26 AL 15/03/26.VEHICULOS HOSPITAL MUNICIPAL.DOMINIOS: EQM 605, FJX 453, KYV 365, JQS 879, AA 775 QW, PAA 334, AB 039 OI, AF 591 SU, AF 545 GL. AF 548 KJ.",6160000.0,000115,,N
2026,1,976,976,2026-03-10 00:00:00,GMADA,1810,31,,R,ORDCO,961,2026,S,2026-03-10 00:00:00,1,,,AC REFRIGERACION DE ADOLFO CATALDO E HIJOS - PRESUPUESTO N° 379,140000.0,000115,,N
2026,1,978,978,2026-03-10 00:00:00,GMADA,2627,H.ANC,,A,SUM,965,2026,S,2026-03-10 00:00:00,1,2026-03-13 00:00:00,NO,SANTA PAULA- PRESUPUESTO N° 0001-00002190/2191 (DESDE 3/03 HASTA EL 10/03/26),13400.0,000115,,N
2026,1,738,738,2026-02-19 00:00:00,GMADA,1514,3,,R,SUM,747,2026,S,2026-02-19 00:00:00,3,,,PROV.CASA ELICEIRY GAS OIL PARA MAQUINAS DE PREDIO DE DISPOSICION FINAL DE RESIDUOS RUTA 11 KM 405.5,3295902.0,000115,,N
2026,1,739,739,2026-02-19 00:00:00,GMADA,1514,3,,R,SUM,746,2026,S,2026-02-19 00:00:00,3,,,PROV. CASA ELICEIRY GASOIL PARA MAQUINAS Y VEHICULOS DE ESTA SECRETARIA,9268200.0,000115,,N
2026,1,934,934,2026-03-09 00:00:00,GMADA,395,2,,R,PRESU,0,2026,S,2026-03-09 00:00:00,2,,,LABORATORIO BIOQUIMICO MAR DEL PLATA S.A- PRESUPUESTO S/N° PRACTICAS REALIZADAS EN EL MES DE FEBRERO,97345.0,000000,,N
2026,1,916,916,2026-03-09 00:00:00,GMADA,777,25,,R,PRESU,126,2026,S,2026-03-09 00:00:00,1,,,"MP Repuestos, presupuestos 126-127 (jwg 930-ae704ax)",347100.0,000000,,N
2026,1,917,917,2026-03-09 00:00:00,GMADA,1259,25,,R,PRESU,30268,2026,S,2026-03-09 00:00:00,1,,,"Electro Dannunzio, prespuesto 30268-30315 (COM)",110322.8,000000,,N
2026,1,918,918,2026-03-09 00:00:00,GMADA,717,2,,R,PRESU,21424,2026,S,2026-03-09 00:00:00,1,,,PROVEEDURIA LA ILUSION- PRESPUESTO N° 21424,115200.0,000000,,N
2026,1,920,920,2026-03-09 00:00:00,GMADA,1514,3,,R,PRESU,0,2026,S,2026-03-09 00:00:00,3,,,"PROV. CASA ELICEIY GAS OIL PARA FLOTA VEHICULAR DE ESTA SECRETARIA,9/03/2026",8147160.0,000000,,N
2026,1,922,922,2026-03-09 00:00:00,GMADA,1514,3,,R,PRESU,0,2026,S,2026-03-09 00:00:00,2,,,"PROV. CASA ELICEIRY GAS OIL PARA MAQUINAS DE PREDIO,DISPOSICION FINAL DE RESIDUOS RUTA 11 KM 405.5, 9/03/2026",4270000.0,000000,,N
2026,1,935,935,2026-03-09 00:00:00,GMADA,2209,H.ANC,,R,PRESU,855,2026,S,2026-03-09 00:00:00,1,,,DURANTE JAVIER - PRESUPUESTO N° 1-855 DEL 01/02/2026 AL 28/02/2026,86148.0,000000,,N
2026,1,937,937,2026-03-09 00:00:00,GMADA,3395,3,,R,PRESU,5087,2026,S,2026-03-09 00:00:00,2,,,"PROV. YANINA PECORARI PRESUP.5087,5086 BATERIA PARA CAMION ASZ490 Y EQM607",671000.0,000000,,N
2026,1,995,995,2026-03-11 00:00:00,GMADA,2595,3,,R,SUM,981,2026,S,2026-03-11 00:00:00,1,,,"PROV.IVAN PERICO PRESUP.8088,8237,8241 REPEUSTOS PARA KYV355 LED010, SVN719",234650.0,000115,,N
2026,1,997,997,2026-03-11 00:00:00,GMADA,3336,3,,R,SUM,988,2026,S,2026-03-11 00:00:00,2,,,PROV.ROCIO MORALES PRESUP.09.03 REPARACION PARA LED013N ASZ490,780000.0,000115,,N
2026,1,1001,1001,2026-03-11 00:00:00,GMADA,3395,3,,R,SUM,992,2026,S,2026-03-11 00:00:00,2,,,PROV. YANINA PECORARI PRESUP.5090 BARETIA PARA LED013,430000.0,000115,,N
2026,1,1002,1002,2026-03-11 00:00:00,GMADA,2450,2,,R,ORDCO,991,2026,S,2026-03-11 00:00:00,2,,,LA FRUTERIA - PRESUPUESTO S/N FECHA 26/2/26   HOSPITAL - HOGAR DE ANCIANOS,3270700.0,000115,,N
2026,1,1003,1003,2026-03-11 00:00:00,GMADA,3564,8,,R,SUM,994,2026,S,2026-03-11 00:00:00,1,,,PROV MADRID MIGUEL ANGEL- PRESUP 12/02/26-SEC PRODUCCION-,800000.0,000115,,N
2026,1,1004,1004,2026-03-11 00:00:00,GMADA,1440,2,,R,SUM,1005,2026,S,2026-03-11 00:00:00,3,,,QUALIMED S.A- PRESUPUESTO N° 92,6209745.0,000115,,N
2026,1,1005,1005,2026-03-11 00:00:00,GMADA,2627,2,,R,SUM,999,2026,S,2026-03-11 00:00:00,1,,,SANTA PAULA- PRESUPUESTO N° 0001-00002194 (SEMANA DEL 9/03 AL 16/03/26),60300.0,000115,,N
2026,1,1006,1006,2026-03-11 00:00:00,GMADA,850,2,,R,SUM,974,2026,S,2026-03-11 00:00:00,2,,,UNO ELECTROMEDICINA- PRESUPUESTO N° 00003-00015228 (LABORATORIO DE ANALISIS),2698667.97,000115,,N
2026,1,1008,1007,2026-03-11 00:00:00,GMADA,300,2,,R,SUM,986,2026,S,2026-03-11 00:00:00,1,,,PINTURERIA FERRETERIA TODO COLOR - PRESUPUESTO N° 5949  REPARACIONES EN DIFERENTES SECTORES DEL HOSPITAL,203112.0,000115,,N
2026,1,1009,1009,2026-03-11 00:00:00,GMADA,3165,2,,R,SUM,1004,2026,S,2026-03-11 00:00:00,3,,,VELIBO SUPPLIES S.A.S- PRESUPUESTO N° 0001-00011228,6879680.0,000115,,N
2026,1,1010,1010,2026-03-11 00:00:00,GMADA,2416,25,,R,SUM,943,2026,S,2026-03-11 00:00:00,2,,,"Cesviauto, presupuesto (para colocar en el vehiculo ford ka que pertenecia a salud AC 548KJ)",3029100.0,000115,,N
2026,1,1011,1011,2026-03-11 00:00:00,GMADA,2801,TURIS,,R,SUM,1007,2026,S,2026-03-11 00:00:00,1,,,Pasini refrigeracion - presupuestocon fecha10/03/26,95000.0,000115,,N
2026,1,1012,1012,2026-03-11 00:00:00,GMADA,2627,2,,R,SUM,987,2026,S,2026-03-11 00:00:00,1,,,SANTA PAULA - PRESUPUESTO N° 1-2192,13000.0,000115,,N
2026,1,1013,1013,2026-03-11 00:00:00,GMADA,1879,25,,R,SUM,998,2026,S,2026-03-11 00:00:00,1,,,"Rodamientos Tuyu, presupuesto 3048 (OIG 911-AE704AW-AE331IY-AB038FH)",467800.0,000115,,N
2026,1,1014,1014,2026-03-11 00:00:00,GMADA,1879,25,,R,SUM,1003,2026,S,2026-03-11 00:00:00,1,,,"Rodamientos Tuyu, presupuesto 3901 (AE704AW)",291600.0,000115,,N
2026,1,1015,1015,2026-03-11 00:00:00,GMADA,285,2,,R,ORDCO,1002,2026,S,2026-03-11 00:00:00,2,,,RADIOGRAFICAOESTE - PRESUPUESTO N° 100053328,921363.49,000115,,N
2026,1,1016,1016,2026-03-11 00:00:00,GMADA,2595,25,,R,SUM,1000,2026,S,2026-03-11 00:00:00,2,,,"Ivanper, presupuesto 8244 (ag7143zv-af747pm-oig911)",158560.0,000115,,N
2026,1,1017,1017,2026-03-11 00:00:00,GMADA,1810,2,,R,SUM,1006,2026,S,2026-03-11 00:00:00,1,,,PRESUPUESTO 000378  CATALDO ADOLFO SERVICE + LIMPIEZA AIRE ACONDICIONADO SALA TOMOGRAFO,100000.0,000115,,N
2026,1,919,919,2026-03-09 00:00:00,GMADA,826,3,,R,SUM,912,2026,S,2026-03-09 00:00:00,1,,,PROV.DUENDE AZUL PRESUP.2644 COMISION A LA PLATA POR REPUESTOS,65000.0,000115,,N
2026,1,923,923,2026-03-09 00:00:00,GMADA,2209,H.ANC,,R,SUM,896,2026,S,2026-03-09 00:00:00,1,,,DURANTE JAVIER- PRESUPUESTO N° 0001-0000847 ( DESDE EL 9/02/26 HASTA EL 9/03/26),1225473.99,000115,,N
2026,1,925,925,2026-03-09 00:00:00,GMADA,777,3,,R,SUM,911,2026,S,2026-03-09 00:00:00,1,,,"PROV. MP REPUESTOS PRESUP.131,0120 REPUESTOS PARA INI856,CAR748",201500.0,000115,,N
2026,1,926,926,2026-03-09 00:00:00,GMADA,3287,8,,R,SUM,923,2026,S,2026-03-09 00:00:00,1,,, PROV. HISPANOGRAF- SEC PRODUCCION-TALLER TEXTIL,52500.0,000115,,N
2026,1,851,851,2026-03-03 00:00:00,GMADA,866,2,,R,SUM,881,2026,S,2026-03-03 00:00:00,2,,,PILOÑA- PRESUPUESTO N° 1646764,4900407.05,000115,,N
2026,1,852,852,2026-03-03 00:00:00,GMADA,2408,2,,R,SUM,878,2026,S,2026-03-03 00:00:00,2,,,EL CENTRO DEL KINESIOLOGO- PRESUPUESTO S/N° 26/02/26,131969.53,000115,,N
2026,1,853,853,2026-03-03 00:00:00,GMADA,57,2,,R,SUM,877,2026,S,2026-03-03 00:00:00,1,,,EL ARGENTINO- PRESUPUESTO N° 556,19000.0,000115,,N
2026,1,638,638,2026-02-13 00:00:00,GMADA,2330,SECGO,,R,SUM,584,2026,S,2026-02-13 00:00:00,2,,,CORRESPONDE PREVISION COMBUSTIBLES DEL SALADO - SEC GOBIERNO,267670.45,000115,,N
2026,1,647,647,2026-02-13 00:00:00,GMADA,2450,JARDM,,R,SUM,675,2026,S,2026-02-13 00:00:00,2,,,"PRESUPUESTO de Labatut, Marcelo de ""LA FRUTERIA"" enero 2026",263500.0,000115,,N
2026,1,649,649,2026-02-13 00:00:00,GMADA,879,2,,R,SUM,655,2026,S,2026-02-13 00:00:00,3,,,CASA HARISGARAT - PRESUPUESTO N° 1-1029 (GUARDIA HOSPITAL),9620.0,000115,,N
2026,1,754,755,2026-02-23 00:00:00,GMADA,3562,27,,R,SUM,761,2026,S,2026-02-23 00:00:00,2,,,desarrollo de software portal de proveedores,3630000.0,000029,,N
2026,1,769,769,2026-02-24 00:00:00,GMADA,3169,TURIS,,R,PRESU,0,2026,S,2026-02-24 00:00:00,1,,,Casa Yoseli de Marta Zaupa. Alojamiento rally. DECRETO 78/26,210000.0,000000,,N
2026,1,770,770,2026-02-24 00:00:00,GMADA,2593,1,,R,PRESU,0,2026,S,2026-02-24 00:00:00,1,,,"Balletto Urrutia ,Juan Ignacio",21000.0,000000,,N
2026,1,771,771,2026-02-24 00:00:00,GMADA,3287,TURIS,,R,PRESU,1862,2026,S,2026-02-24 00:00:00,2,,,Avellaneda 7163 - Hispanograf.Triptico fiestas y eventos anuales. Presupuesto 1862,274000.0,000000,,N
2026,1,772,772,2026-02-24 00:00:00,GMADA,441,3,,R,PRESU,3871,2026,S,2026-02-24 00:00:00,1,,,PROV.ALPÁ MADARIAGA PRESUP.3871 SELLO PARA CEMENTERIO,8500.0,000000,,N
2026,1,773,773,2026-02-24 00:00:00,GMADA,2151,7,,R,PRESU,262,2026,S,2026-02-24 00:00:00,2,,,PROV. BARRACA MARIBEL PRESUP.0262  REPUESTO PARA MOTOGUADAÑA,15000.0,000000,,N
2026,1,774,774,2026-02-24 00:00:00,GMADA,413,6,,R,PRESU,4043,2026,S,2026-02-24 00:00:00,1,,,Corresponde presupuesto N° 0001-00004043/000004038/00004029/00004021/00004018/00004015/00004046/00004049/00004053/00004045 PASO AGUSTIN,1109600.0,000000,,N
2026,1,778,778,2026-02-24 00:00:00,GMADA,2367,9,,R,EXPED,129,2026,S,2026-02-24 00:00:00,1,,,"PRESUPUESTO 000, FED REG DE AUT DEP MAR Y SIERRA",3501000.0,000000,,N
2026,1,561,561,2026-02-04 00:00:00,GMADA,1514,RESID,,R,SUM,564,2026,S,2026-02-04 00:00:00,3,,,PROV. CASA ELICEIRY GASOIL PARA MAQUINAS DE PREDIOS DISPOSICION FINAL DE RESIDUOS RUTA 11 KM 405.5,2439000.0,000115,,N
2026,1,562,562,2026-02-04 00:00:00,GMADA,1514,3,,R,SUM,563,2026,S,2026-02-04 00:00:00,3,,,PROV. CASA ELICEIRY GAS OIL PARA FLOTA VEHICULAR DE ESTA SECRETARIA,5691000.0,000115,,N
2026,1,587,587,2026-02-09 00:00:00,GMADA,3558,2,,R,SUM,605,2026,S,2026-02-09 00:00:00,2,,,Corresponde cto. Villafañe Elvira A. Expte N° 436,13800000.0,000115,,N
2026,1,588,588,2026-02-09 00:00:00,GMADA,2692,TESOR,,R,SUM,611,2026,S,2026-02-09 00:00:00,2,,,Corresponde presupuesto PAIS HERNAN HORACIO-,3600000.0,000115,,N
2026,1,595,595,2026-02-09 00:00:00,GMADA,2110,8,,R,SUM,586,2026,S,2026-02-09 00:00:00,2,,,PROV. FUMEGA EDUARDO- PRESUP. N°5201 - SEC PRODUCCION- SALA DE ELABORACION,70000.0,000115,,N
2026,1,596,596,2026-02-09 00:00:00,GMADA,1259,DESPA,,R,SUM,573,2026,S,2026-02-09 00:00:00,1,,,CORRESPONDE PRESUPUESTO N ° 00030122 - SUC DANNUNZIO,29483.0,000115,,N
2026,1,625,625,2026-02-12 00:00:00,GMADA,3560,5,,R,SUM,700,2026,S,2026-02-12 00:00:00,1,,,JUAN MARCELO GUTIERREZ  PROVEEDOR 3560   BARRA LIBRE CUMBIA  CARNAVAL 2026  EXPTE 224/26,450000.0,000115,,N
2026,1,641,641,2026-02-13 00:00:00,GMADA,879,9,,R,SUM,650,2026,S,2026-02-13 00:00:00,2,,,PRESUPUESTO N° 1027 - CASA HARISGARAT - REPARACIONES ESTADIO MUNICIPAL,193682.0,000115,,N
2026,1,642,642,2026-02-13 00:00:00,GMADA,879,2,,R,SUM,654,2026,S,2026-02-13 00:00:00,2,,,CASA HARISGARAT - PRESUPUESTO N° 1-1033 (INTERNACION HOSPITAL),15220.0,000115,,N
2026,1,984,984,2026-03-11 00:00:00,GMADA,300,9,,A,SUM,989,2026,S,2026-03-11 00:00:00,1,2026-03-11 00:00:00,NO,PRESUPUESTO N° 5950 - FERRETERIA TODO COLOR - MATERIALES PARA REACONDICIONAMIENTO ESPACIO PROGRAMA NUESTROS ABUELOS,128380.0,000115,,N
2026,1,985,985,2026-03-11 00:00:00,GMADA,300,9,,R,SUM,983,2026,S,2026-03-11 00:00:00,1,,,PRESUPUESTO N° 7206 - FERRETERIA TODO COLOR -MATERIALES PARA MEJORAS ANTE EVENTOS DEPORTIVOS,151247.0,000115,,N
2026,1,986,986,2026-03-11 00:00:00,GMADA,3332,3,,R,SUM,962,2026,S,2026-03-11 00:00:00,1,,,PROV. ANA PAOLA RODRIGUEZ PRESUP.0192 REPUSTOS PARA MUSTANG BMV14,329200.0,000115,,N
2026,1,987,987,2026-03-11 00:00:00,GMADA,300,3,,R,SUM,963,2026,S,2026-03-11 00:00:00,1,,,PROV. SILVIA MAISTEGUI PRESUP.5948 ARTICULSO DE FERRETERIA PARA USO EN CORRALON Y PINTURA DE CORDON ILLIA Y PELEGRINI Y BS.AS Y PELEGRINI,633330.0,000115,,N
2026,1,988,988,2026-03-11 00:00:00,GMADA,300,DEFCI,,R,SUM,964,2026,S,2026-03-11 00:00:00,1,,,PROV.SILVIA MAISTEGUI PRESUP.5943 PARA   PINTURA DE CORDONES Y PREPARATIVOS PARA EL RALLY,629362.0,000115,,N
2026,1,989,989,2026-03-11 00:00:00,GMADA,300,22,,R,SUM,966,2026,S,2026-03-11 00:00:00,1,,,PROV.SILVA MAISTEGUI  PRESUP.7204 PARA ARREGLOS  DE DEFENSA CIVIL,353626.0,000115,,N
2026,1,990,990,2026-03-11 00:00:00,GMADA,68,3,,R,SUM,973,2026,S,2026-03-11 00:00:00,1,,,PROV.ATMOSFERICO LA PRIMERA PRESUP.0246 DESTAPE DE CAÑERIA Y REGISTRO EN CORRALON MUNICIPAL,380000.0,000115,,N
2026,1,993,992,2026-03-11 00:00:00,GMADA,285,2,,R,SUM,969,2026,S,2026-03-11 00:00:00,2,,,RADIOGRAFICAOESTE - PRESUPUESTO N° 100053327,417597.28,000115,,N
2026,1,643,643,2026-02-13 00:00:00,GMADA,167,H.ANC,,R,SUM,653,2026,S,2026-02-13 00:00:00,1,,,TODO POLLO - PRESUPUESTO N° 75  SEMANA DEL 29/01 AL05/02,467699.98,000115,,N
2026,1,645,645,2026-02-13 00:00:00,GMADA,2371,3,,R,SUM,638,2026,S,2026-02-13 00:00:00,3,,,PROV.MERIO INDUSTRIA PRESUP.10/02/2026 CEPILLOS DE BARRENDERO PARA BARRIDO DE CALLES,423200.0,000115,,N
2026,1,646,646,2026-02-13 00:00:00,GMADA,1879,25,,R,SUM,673,2026,S,2026-02-13 00:00:00,1,,,"Rodamientos Tuyu, presupuesto 3046 (AE704AX)",110000.0,000115,,N
2026,1,648,648,2026-02-13 00:00:00,GMADA,3297,25,,R,SUM,670,2026,S,2026-02-13 00:00:00,1,,,"Frenos Madariaga, presupuesto 093 (AW704AX- OIG911-AF747PM)",811100.0,000115,,N
2026,1,650,650,2026-02-13 00:00:00,GMADA,1995,25,,R,SUM,661,2026,S,2026-02-13 00:00:00,3,,,"Carpinteria San Sebastian, presupuesto 060 (escalera COM)",337800.0,000115,,N
2026,1,848,848,2026-03-03 00:00:00,GMADA,3534,5,,R,SUM,889,2026,S,2026-03-03 00:00:00,1,,," Corresponde Cto. Melisa Pinto Expte n° 329/2026, ADENDAS POR PARITARIAS DURANTE EL AÑO",500000.0,000115,,N
2026,1,849,849,2026-03-03 00:00:00,GMADA,3296,CACUL,,R,SUM,875,2026,S,2026-03-03 00:00:00,1,,,PINTURERIA CONCEPTO,74572.88,000115,,N
2026,1,740,740,2026-02-20 00:00:00,GMADA,3557,TURIS,,R,SUM,730,2026,S,2026-02-20 00:00:00,1,,,Daniel Goñi. Alojamiento Rally. Decreto 78/26,880000.0,000115,,N
2026,1,742,742,2026-02-20 00:00:00,GMADA,169,JARDM,,R,SUM,741,2026,S,2026-02-20 00:00:00,2,,,"PRESUPUESTO N° 001025 de Terranova, Lucas Hernán de ""TERRANOVAQUÍMICA"" Parra lavar toallas, repasadores, etc. en La Casita de Chocolate",16100.0,000115,,N
2026,1,745,745,2026-02-20 00:00:00,GMADA,3169,TURIS,,R,SUM,720,2026,S,2026-02-20 00:00:00,1,,,Marta Cristina Zaupa - Alquiler alojamiento Rally. DECRETO 78/26,1456000.0,000115,,N
2026,1,591,591,2026-02-09 00:00:00,GMADA,2593,5,,R,PRESU,1124729,2026,S,2026-02-09 00:00:00,1,,,"PRESUPUESTO 11247296, BALLETTO URRUTIA JUAN",28000.0,000000,,N
2026,1,593,593,2026-02-09 00:00:00,GMADA,2627,2,,R,PRESU,2170,2026,S,2026-02-09 00:00:00,1,,,SANTA PAULA- PRESUPUESTO N° 0001-00002170 - DESDE EL 19/01/26 AL 26/01/26,24100.0,000000,,N
2026,1,598,598,2026-02-10 00:00:00,GMADA,3324,5,,R,PRESU,0,2026,S,2026-02-10 00:00:00,3,,,"PRESUPUESTO 000, PROST EMILIANO AGUSTIN",164735.0,000000,,N
2026,1,752,753,2026-02-23 00:00:00,GMADA,2846,TURIS,,R,PRESU,0,2026,S,2026-02-23 00:00:00,1,,,Cueli Miguel. Alojamiento Rally. DECRETO 78/26.,640000.0,000000,,N
2026,1,755,754,2026-02-23 00:00:00,GMADA,186,TURIS,,R,PRESU,0,2026,S,2026-02-23 00:00:00,1,,,Marcelo Pasini - Hotel London. Alojamiento Rally. Decreto 78/26,540000.0,000000,,N
2026,1,756,756,2026-02-23 00:00:00,GMADA,3322,2,,R,PRESU,2452,2026,S,2026-02-23 00:00:00,2,,,PINAMAR HIGIENE INSTITUCIONAL - PRESUPUESTO N° 16-2452 (COCINA HOSPITAL),70902.9,000000,,N
2026,1,757,757,2026-02-23 00:00:00,GMADA,1259,4,,R,PRESU,30134,2026,S,2026-02-23 00:00:00,2,,,"PRESUPUESTOS N° 00030134/30174/30182/30193/ de Sucesión de D annunzio Jorge Neldo de ELECTRO D ANNUNZIO"" Para oficinas de sede, prestaciones, género, casita de chocolate",81196.44,000000,,N
2026,1,1059,1059,2026-03-17 00:00:00,GMADA,1527,25,,N,SUM,1058,2026,S,2026-03-17 00:00:00,1,,,"Gomeria La Diagonal, presupuesto 0572",203000.0,000115,,N
2026,1,631,630,2026-02-13 00:00:00,GMADA,3287,3,,R,SUM,599,2026,S,2026-02-13 00:00:00,1,,,PROV. HISPANOGRAF PRESUP.1859 CARTELES PARA BADEN DE CALLE,78000.0,000115,,N
2026,1,634,634,2026-02-13 00:00:00,GMADA,300,DEFCI,,R,SUM,597,2026,S,2026-02-13 00:00:00,1,,,"PROV.SILVIA MAISTEGUI PRESUP.5936 ARTICULOS DE FERRETERIA PARA BANCOS DE PLAZA,FUENTE DEL BICENTENARIO REPARACION DE COLUMNAS DE ALUMBRADO MOTOR PARA BOMBEADOR DE ESTADIO MUNICIPAL",563612.0,000115,,N
2026,1,636,636,2026-02-13 00:00:00,GMADA,1879,3,,R,SUM,596,2026,S,2026-02-13 00:00:00,1,,,"PROV.DANIEL ZUBIARRAIN PRESUP.3043 REPUESTOS PARA OOI617,PPU739",161600.0,000115,,N
2026,1,637,637,2026-02-13 00:00:00,GMADA,300,3,,R,SUM,595,2026,S,2026-02-13 00:00:00,1,,,PROV.MAISTEGUI SILVIA 5923 ARTICULOS DE FERRETERIA PARA REPARACIONS EN CORRALON MUNICIPAL CAMION OOI617 LAN 557,163971.0,000115,,N
2026,1,651,651,2026-02-13 00:00:00,GMADA,879,2,,R,SUM,656,2026,S,2026-02-13 00:00:00,3,,,CASA HARISGARAT - PRESUPUESTO N° 1-1020 (CIC QUINTANILLA),132760.0,000115,,N
2026,1,652,652,2026-02-13 00:00:00,GMADA,57,2,,R,SUM,632,2026,S,2026-02-13 00:00:00,1,,,IMPRENTA EL ARGENTINO. IRMA CRISTINA BONOMI. PRESPUESTO Nº 553. DIAGNOSTICO POR IMAGENES.,32000.0,000115,,N
2026,1,654,654,2026-02-13 00:00:00,GMADA,413,3,,R,SUM,642,2026,S,2026-02-13 00:00:00,1,,,"PROV.AGUSTIN PASO PRESUP.4031,4041,4039,4036,4033,4027,4017,4009,4007,4005,4002,4047,4050,4048,4052  PARA CAMION XNE244,SOG742,DMI232RFJ13,CII59, FSL723,",534000.0,000115,,N
2026,1,675,675,2026-02-18 00:00:00,GMADA,688,9,,R,PRESU,6978,2026,S,2026-02-18 00:00:00,1,,,PRESUPUESTO N° 6978 - PRESUPUESTO N° 6987- BATERIAS LA PRIMERA - ACEITE QUEMADO PARA PINTAR QUEBRACHOS DEL PARQUE ANCHORENA,70000.0,000000,,N
2026,1,678,678,2026-02-18 00:00:00,GMADA,2330,8,,R,PRESU,0,2026,S,2026-02-18 00:00:00,2,,,PROV. COMBUSTIBLE DEL SALADO- SEC PRODUCCION- PREVISION,85300.01,000000,,N
2026,1,681,681,2026-02-18 00:00:00,GMADA,300,9,,R,PRESU,5928,2026,S,2026-02-18 00:00:00,1,,,Presupuesto N 5938 Pintureria Todo Color presupuesto N 5928 - MANTENIMIENTO GRAL DEL AREA DE DEPORTES,182177.0,000000,,N
2026,1,682,682,2026-02-18 00:00:00,GMADA,2410,13,,R,PRESU,1183,2026,S,2026-02-18 00:00:00,1,,,LEANDRO RUBEN BOGADO - PRESUPUESTO N° 1-1183  VEHICULO REANULT KANGOO DOMINIO AB437WY,60000.0,000000,,N
2026,1,684,684,2026-02-18 00:00:00,GMADA,1259,2,,R,PRESU,30100,2026,S,2026-02-18 00:00:00,1,,,"ELECTRO DANNUNZIO - PRESUPUESTO N° 30100 (COCINA, INTERNACION HOSPITAL)",52122.0,000000,,N
2026,1,686,686,2026-02-18 00:00:00,GMADA,163,3,,R,PRESU,7028,2026,S,2026-02-18 00:00:00,3,,,PROV.ALFIO DISTEFANO PRESP.079-7028 REPARACION DE TOPADORA LUILONG EUF96,1988250.0,000000,,N
2026,1,688,687,2026-02-18 00:00:00,GMADA,2410,3,,R,SUM,618,2026,S,2026-02-18 00:00:00,3,,,"PROV.LEANDRO BOGAD PRESUP.1160,1159,1163,1187,1188,1174,1185 REPARACIONES DE ALTERNADOR E INSTALACIONES ELECTRICAS PARA :DKT498,SVN719,BNA17,FSL723",950000.0,000115,,N
2026,1,692,692,2026-02-18 00:00:00,GMADA,879,8,,R,PRESU,1040,2026,S,2026-02-18 00:00:00,2,,,"PROV. TATANO HARISGARAT SRL- SEC PRODUCCION- SALA DE ELABORACION,PRESUPUESTO 1040/1045",52440.0,000000,,N
2026,1,696,696,2026-02-18 00:00:00,GMADA,3075,2,,R,PRESU,71,2026,S,2026-02-18 00:00:00,1,,,PRESUPUESTO 71 CORREA JUAN MARTIN,63892.95,000000,,N
2026,1,697,698,2026-02-18 00:00:00,GMADA,2627,2,,R,PRESU,2177,2026,S,2026-02-18 00:00:00,1,,,PRESUPUESTO 2177 PENACCA SRL SEMANA DEL 01/02/26 AL 08/02/2026,26000.0,000000,,N
2026,1,700,700,2026-02-18 00:00:00,GMADA,2110,1,,R,PRESU,537,2026,S,2026-02-18 00:00:00,1,,,"Fumega Eduardo,presuesto 537",130000.0,000000,,N
2026,1,701,701,2026-02-18 00:00:00,GMADA,2627,H.ANC,,R,PRESU,2176,2026,S,2026-02-18 00:00:00,1,,,PRESUPUESTO 2176 PENACCA SRL SEMANA DEL 01/02/26 AL 08/02/2026,24100.0,000000,,N
2026,1,702,702,2026-02-18 00:00:00,GMADA,1259,1,,R,PRESU,30129,2026,S,2026-02-18 00:00:00,1,,,"Suc. D´annunzio Jorge Neldo,presupuesto 00030129",20654.2,000000,,N
2026,1,704,704,2026-02-18 00:00:00,GMADA,879,JARDM,,R,PRESU,1028,2026,S,2026-02-18 00:00:00,3,,,"PRESUPUESTO N° X 0001-00001028 / 1035 / 1039 / de Tatano Harisgarat S.R.L. de ""CASA HARISGARAT"" Para arreglo en baño y tanque de agua",136500.0,000000,,N
2026,1,725,725,2026-02-19 00:00:00,GMADA,2209,6,,R,SUM,717,2026,S,2026-02-19 00:00:00,1,,,CORRESPONDE PRESUPUESTO N° 0001-00000846 - C.A.S.E.R,133294.0,000115,,N
2026,1,727,727,2026-02-19 00:00:00,GMADA,1578,37,,R,SUM,716,2026,S,2026-02-19 00:00:00,1,,,Corresponde presupuesto N° 0001-00000390 FERRARO LILIANA N.,59000.0,000115,,N
2026,1,729,729,2026-02-19 00:00:00,GMADA,2110,3,,R,SUM,713,2026,S,2026-02-19 00:00:00,1,,,"PROV.EDUARDO FUMEGA PRESUP.0539,0538 TRABAJOS DE PLOMERIA PARA VIVERO MUNICIPAL Y BAÑOS TERMINAL",110000.0,000115,,N
2026,1,732,732,2026-02-19 00:00:00,GMADA,212,3,,R,SUM,732,2026,S,2026-02-19 00:00:00,1,,,PROV.JOSE ANGEL FERNADEZ PRESUP.0073 REPARACION DE RADIADOR  MINICARDORA MUSTANG BMV14,250000.0,000115,,N
2026,1,734,734,2026-02-19 00:00:00,GMADA,2790,3,,R,SUM,736,2026,S,2026-02-19 00:00:00,2,,,PROV.I DE ARTE ARTISTICA PRESP.03/02/2026 CARTEL DE INGRESO EN PELLEGRINI,160000.0,000115,,N
2026,1,736,736,2026-02-19 00:00:00,GMADA,1810,1,,R,SUM,733,2026,S,2026-02-19 00:00:00,2,,,"PRESUPUESTO 377, CATALDO ADOLFO",100000.0,000115,,N
2026,1,737,737,2026-02-19 00:00:00,GMADA,441,2,,R,SUM,648,2025,S,2026-02-19 00:00:00,1,,,ALPA - PRESUPUESTO N° 2-3867 (COCINA - HOGAR HOSPITAL),97509.9,000115,,N
2026,1,847,847,2026-03-03 00:00:00,GMADA,3514,4,,R,SUM,882,2026,S,2026-03-03 00:00:00,1,,,"Expte N° 604/2026 Contrato: Sra. Suaréz Acevedo, Sheila,  Psicóloga Servicio Local - No cumple con el Art. 45 de la Ley 14.656",4204784.0,000029,,N
2026,1,1029,1029,2026-03-13 00:00:00,GMADA,68,4,,R,SUM,1010,2025,S,2026-03-13 00:00:00,1,,,"PRESUPUESTO N° X 7390248 de Peyrano, Sergio de ""ATMOSFERICO LA PRIMERA""",990000.0,000115,,N
2026,1,1032,1032,2026-03-13 00:00:00,GMADA,17,3,,R,SUM,1018,2026,S,2026-03-13 00:00:00,1,,,PROV.LUIS LOMBARDIA PRESP.0063 INSUMOS PARA MAQUINAS CORTA PASTO,775000.0,000115,,N
2026,1,1034,1034,2026-03-13 00:00:00,GMADA,17,3,,R,SUM,1030,2026,S,2026-03-13 00:00:00,1,,,PROV. LUIS LOMBARDIA PRESUP.0061 REPEUSTOS E ISUMOS PARA MAQUINAS CORTA PASTO,543500.0,000115,,N
2026,1,1038,1038,2026-03-13 00:00:00,GMADA,1879,25,,R,SUM,1034,2026,S,2026-03-13 00:00:00,1,,,"Rodamientos Tuyu, presupuesto 3044 ( AE704AW-LBN 155)",348500.0,000115,,N
2026,1,1040,1040,2026-03-13 00:00:00,GMADA,2261,2,,R,SUM,1024,2026,S,2026-03-13 00:00:00,2,,,MATAFUEGOS AVELLANEDA - PRESUPUESTO N° 1-7271 MATAFUEGOS NUEVOS POR VENCIMIENTO DE LOS  CILINDRO,1785000.0,000115,,N
2026,1,1044,1044,2026-03-16 00:00:00,GMADA,167,H.ANC,,R,SUM,1013,2026,S,2026-03-16 00:00:00,1,,,TODO POLLO - PRESUPUESTO N° 83 SEMANA DEL 02/03/26 AL 08/03/2026,536900.0,000115,,N
2026,1,1047,1047,2026-03-16 00:00:00,GMADA,167,2,,R,SUM,1015,2026,S,2026-03-16 00:00:00,1,,,TODO POLLO - PRESUPUESTO N° 84 SEMANA DEL 02/03/2026 AL 09/03/2026,970305.0,000115,,N
2026,1,1050,1050,2026-03-16 00:00:00,GMADA,2595,2,,R,SUM,1016,2026,S,2026-03-16 00:00:00,1,,,IVANPER REPUESTOS - PRESUPUESTO N°8243  PARA AMBULANCIA DOMINIO PAA334 - PARA COMPRESOR DE PLANTA OXIGENO - PARA MINIBUS AF591SU,75210.0,000115,,N
2026,1,1053,1053,2026-03-16 00:00:00,GMADA,2595,25,,N,SUM,1057,2026,S,2026-03-16 00:00:00,1,,,"Ivanper, presupuesto 8087 ( kyv 375- ae704aw)",238565.0,000115,,N
2026,1,1054,1054,2026-03-16 00:00:00,GMADA,2595,6,,N,SUM,1056,2026,S,2026-03-16 00:00:00,1,,,Corresponde presupuesto N° 00008078 -00008242 IVAN PER,133090.0,000115,,N
2026,1,1056,1055,2026-03-16 00:00:00,GMADA,879,32,,N,SUM,1036,2026,S,2026-03-16 00:00:00,1,,,PRESUPUESTO N° 1072 - CASA HARISGARAT - ARENA PARA RELLENADO DE CANCHA DE TEJO PROGRAMA NUESTROS ABUELOS,12600.0,000115,,N
2026,1,614,614,2026-02-11 00:00:00,GMADA,2810,CASA,,R,SUM,581,2026,S,2026-02-11 00:00:00,2,,,"PRESUPUESTO N° X 0001- 00000785 / 00000787 / 00000796 de Arriola, María Teresa de ""MERCERIA EL DEDAL"" Para el taller de costura del Programa Envión",38750.0,000115,,N
2026,1,615,615,2026-02-11 00:00:00,GMADA,300,CASA,,R,SUM,576,2026,S,2026-02-11 00:00:00,2,,,"PRESUPUESTO N° 00005935  de Silvia Beatriz Maistegui de ""PINTURERIA - FERRETERIA TODO COLOR"" Para el taller de carpintería del Programa Envión",75116.0,000115,,N
2026,1,616,616,2026-02-11 00:00:00,GMADA,1603,4,,R,SUM,602,2026,S,2026-02-11 00:00:00,2,,,"PRESUPUESTO N° X 1342398 de Gracia Gladys ""PANADERIA ALEM"" Esfuerzo Solidario 2026",110000.0,000115,,N
2026,1,617,617,2026-02-11 00:00:00,GMADA,3296,CASA,,R,SUM,608,2026,S,2026-02-11 00:00:00,2,,,"PRESUPUESTO N° 0003-00003519 de ""PINTURERIA CONCEPTO S.CAP I""Para Proyecto de Diseño",62920.0,000115,,N
2026,1,618,618,2026-02-11 00:00:00,GMADA,2410,4,,R,SUM,610,2026,S,2026-02-11 00:00:00,2,,,"PRESUPUESTO N° X 0001-00001167 de Leandro Ruben Bogado de ""L.R.B"" Camioneta Ford Ranger JYN 229",180000.0,000115,,N
2026,1,619,619,2026-02-11 00:00:00,GMADA,2593,29,,R,SUM,621,2026,S,2026-02-11 00:00:00,1,,,"PRESUPUESTO 11247298, BALLETTO URRUTIA JUAN",95000.0,000115,,N
2026,1,655,655,2026-02-18 00:00:00,GMADA,2410,25,,R,SUM,672,2026,S,2026-02-18 00:00:00,1,,,"L.R.B Bogado, presupuesto 1178 (KYV375)",120000.0,000115,,N
2026,1,656,656,2026-02-18 00:00:00,GMADA,1259,25,,R,SUM,667,2026,S,2026-02-18 00:00:00,1,,,"Electro Dannunzio, presupuestos 30163 (inspeccion)",8125.6,000115,,N
2026,1,657,657,2026-02-18 00:00:00,GMADA,1259,3,,R,SUM,682,2026,S,2026-02-18 00:00:00,1,,,PROV.ELECTRO DANNUNZIO PRESUP.30143 PARA CORRALON MUNICIPAL,44370.2,000115,,N
2026,1,658,658,2026-02-18 00:00:00,GMADA,441,2,,R,SUM,651,2026,S,2026-02-18 00:00:00,1,,,ALPA - PRESUPUESTO N° 2-3864 (DIRECCION HOSPITAL),12500.0,000115,,N
2026,1,659,660,2026-02-18 00:00:00,GMADA,413,1,,R,SUM,669,2026,S,2026-02-18 00:00:00,1,,,"PRESUPUESTO 4014, PASO AGUSTIN",8000.0,000115,,N
2026,1,691,691,2026-02-18 00:00:00,GMADA,300,DEFCI,,R,SUM,607,2026,S,2026-02-18 00:00:00,1,,,PROV.SILVIA MAISTEGUI PRESUP.5925 PARA ARREGLOS GENERALES DEFENSA CIVIL,199954.0,000115,,N
2026,1,693,694,2026-02-18 00:00:00,GMADA,300,25,,R,SUM,687,2026,S,2026-02-18 00:00:00,1,,,"Todo Color, presupuesto 5944 (mantenimiento general del area)",98633.0,000115,,N
2026,1,695,695,2026-02-18 00:00:00,GMADA,300,25,,R,SUM,688,2026,S,2026-02-18 00:00:00,1,,,"Todo Color, presupuesto 5924 (mantenimiento en general del area )",57931.0,000115,,N
2026,1,698,697,2026-02-18 00:00:00,GMADA,776,25,,R,SUM,689,2026,S,2026-02-18 00:00:00,1,,,Gomeria V+B presupuestos 0727-0729-0730-0731-0732-0733-0735-0737-0738-0739-0740-0742-0743-0744,103000.0,000115,,N
2026,1,699,699,2026-02-18 00:00:00,GMADA,776,25,,R,SUM,690,2026,S,2026-02-18 00:00:00,1,,,"Gomeria V+B, presupuesto 0745-0741",50000.0,000115,,N
2026,1,703,703,2026-02-18 00:00:00,GMADA,1527,25,,R,SUM,691,2026,S,2026-02-18 00:00:00,1,,,"Gomeria La Diagonal, presupuesto 0568-0569-0570",306000.0,000115,,N
2026,1,706,706,2026-02-18 00:00:00,GMADA,2770,25,,R,SUM,692,2026,S,2026-02-18 00:00:00,1,,,"Systec, presupuesto 0800 (COM)",47400.0,000115,,N
2026,1,707,707,2026-02-18 00:00:00,GMADA,2410,9,,R,SUM,652,2026,S,2026-02-18 00:00:00,1,,,PREUSPUESTO N° 1181 - L.R.B  ELECTRICIDAD AUTOMOTOR - ARRANQUE IVECO AB603TW,250000.0,000115,,N
2026,1,708,708,2026-02-18 00:00:00,GMADA,441,1,,R,SUM,703,2026,S,2026-02-18 00:00:00,1,,,"Matienzo Paola, presupuesto 00003878",34500.0,000115,,N
2026,1,710,710,2026-02-18 00:00:00,GMADA,2701,9,,R,SUM,587,2026,S,2026-02-18 00:00:00,1,,,PRESUPUESTO ALUCOR REMITO N 0880 PRESUPUESTO N 0879 -  PARA ARMADO DE RECONOCIMIENTOS A ENTREGAR A DEPORTISTAS,42000.0,000115,,N
2026,1,743,743,2026-02-20 00:00:00,GMADA,2209,2,,R,SUM,711,2026,S,2026-02-20 00:00:00,1,,,DURANTE JAVIER - PRESUPUESTO N° 1-850 (COCINA HOSPITAL),460766.0,000115,,N
2026,1,744,744,2026-02-20 00:00:00,GMADA,2593,DMACE,,R,SUM,744,2026,S,2026-02-20 00:00:00,1,,,"PRESUPUESTO 9748501, BALLETTO JUAN",179000.0,000115,,N
2026,1,746,746,2026-02-20 00:00:00,GMADA,186,TURIS,,R,SUM,727,2026,S,2026-02-20 00:00:00,1,,,Marcelo Pasini - Hotel London. Alojamiento Rally. decreto 78/26,540000.0,000115,,N
2026,1,747,747,2026-02-20 00:00:00,GMADA,3331,TURIS,,R,SUM,731,2026,S,2026-02-20 00:00:00,1,,,Liliana Señorans - Parroquinos departamentos. Alojamiento rally. Decreto 78/26,450000.0,000115,,N
2026,1,748,748,2026-02-20 00:00:00,GMADA,572,TURIS,,R,SUM,722,2026,S,2026-02-20 00:00:00,1,,,Leonardo Soraire - Alojamiento para rally. Decreto 78/26,360000.0,000115,,N
2026,1,741,741,2026-02-20 00:00:00,GMADA,441,9,,R,SUM,735,2026,S,2026-02-20 00:00:00,1,,,PRESUPUESTO N° 3876 - N° 3877 PAPELERA ALPA MADARIAGA - MATERIALES A UTILIZAR DURANTE EL AÑO EN PROGRAMA NUESTROS ABUELOS,78016.89,000115,,N
2026,1,673,673,2026-02-18 00:00:00,GMADA,3011,3,,R,SUM,708,2026,S,2026-02-18 00:00:00,2,,,PROV. LUCAS NAHUEL SARMIENTO PRESUP.13/02/2026 REPUESTOS PARA MOTONIVELADRA NEW HOLLAND RG 140 CII59,3005640.0,000115,,N
2026,1,674,674,2026-02-18 00:00:00,GMADA,2069,JARDM,,R,SUM,625,2025,S,2026-02-18 00:00:00,2,,,"PRESUPUESTO de ""CARPINTERIA MUNTION"" Para realización de puerta en la Casita de Chocolate",850000.0,000115,,N
2026,1,677,677,2026-02-18 00:00:00,GMADA,879,4,,R,SUM,622,2026,S,2026-02-18 00:00:00,3,,,"PRESUPUESTO N° X 0001-00001021 de Tatano Harisgarat S.R.L. de ""CASA HARISGARAT"" Familia: Rodriguez, Belén Soledad",72320.0,000115,,N
2026,1,679,679,2026-02-18 00:00:00,GMADA,413,6,,A,SUM,640,2026,S,2026-02-18 00:00:00,1,2026-02-20 00:00:00,NO,Corresponde presupuesto N° 0001-00004043/000004038/00004029/00004021/00004018/00004015/00004046/00004049/00004053/00004045 PASO AGUSTIN,1041500.0,000115,,N
2026,1,683,683,2026-02-18 00:00:00,GMADA,2593,29,,R,SUM,624,2026,S,2026-02-18 00:00:00,1,,,"PRESUPUESTO 11247299, BALLETTO URRUTIA JUAN",14000.0,000115,,N
2026,1,685,685,2026-02-18 00:00:00,GMADA,879,3,,R,SUM,619,2026,S,2026-02-18 00:00:00,2,,,PROV.CASA HARISGARAT PRESUP.1023 ARTICULOS DE PLOMERIA PARA ARREGLO EN MEDIO AMBIENTE,53370.0,000115,,N
2026,1,689,689,2026-02-18 00:00:00,GMADA,879,3,,R,PRESU,1024,2026,S,2026-02-18 00:00:00,5,,,PROV. CASA HARISGARAT PRESUP.1024 PARA OFICINA DE DEFENASA CIVIL,9620.0,000000,,N
2026,1,600,600,2026-02-11 00:00:00,GMADA,5,5,,R,SUM,615,2026,S,2026-02-11 00:00:00,2,,,CORRESPONDE PREVISION PONSA S.A  CARNAVAL,800000.0,000115,,N
2026,1,601,601,2026-02-11 00:00:00,GMADA,2365,5,,R,SUM,614,2026,S,2026-02-11 00:00:00,3,,,CORRESPONDE PREVISION GONZALEZ FARIAS J. CARNAVAL,440000.0,000115,,N
2026,1,609,609,2026-02-11 00:00:00,GMADA,2330,4,,R,SUM,583,2026,S,2026-02-11 00:00:00,1,,,Corresponde a Previsón de Combustible del Salado. Desarrollo Social,2470000.0,000115,,N
2026,1,610,610,2026-02-11 00:00:00,GMADA,2810,JARDM,,R,SUM,579,2026,S,2026-02-11 00:00:00,2,,,"PRESUPUESTO N° X 0001-00000768 / 771 / 795 / 851  de Arriola, María Teresa de ""MERCERIA EL DEDAL"" Para la realización de adornos para celebración aniversario de la Casita",62720.0,000115,,N
2026,1,611,611,2026-02-11 00:00:00,GMADA,441,26,,R,SUM,603,2026,S,2026-02-11 00:00:00,1,,,Corresponde presupuesto N° 0002-00003870 - MATIENZO PAOLA,16200.0,000115,,N
2026,1,612,612,2026-02-11 00:00:00,GMADA,19,CASA,,R,SUM,600,2026,S,2026-02-11 00:00:00,2,,,"PRESUPUESTO N° X 0002-00002957/2959 de Inocencio Cimos de ""FERRETERIA CIMOS"" Para el taller de carpintería y arreglos en la Casa del Adolescente",12934.0,000115,,N
2026,1,613,613,2026-02-11 00:00:00,GMADA,1603,CASA,,R,SUM,601,2026,S,2026-02-11 00:00:00,2,,,"PRESUPUESTO N° X 1342396 de Garcia Mabel de ""PANADERIA ALEM""",66000.0,000115,,N
2026,1,722,722,2026-02-18 00:00:00,GMADA,3003,2,,R,SUM,742,2026,S,2026-02-18 00:00:00,3,,,EXPEDIENTE 463/26 SOLICITUD CONTRATO HEALTCHARE SOLUTIONS del 01/01/26 al 30/06/2026,24000000.0,000115,,N
2026,1,749,749,2026-02-23 00:00:00,GMADA,2593,5,,R,SUM,734,2026,S,2026-02-23 00:00:00,1,,,JUAN AGUSTIN BALLETTO,67500.0,000115,,N
2026,1,750,750,2026-02-23 00:00:00,GMADA,441,1,,R,SUM,745,2026,S,2026-02-23 00:00:00,1,,,"Matienzo Paola ,presupuesto 0002-00003875",13200.0,000115,,N
2026,1,751,751,2026-02-23 00:00:00,GMADA,2627,2,,R,SUM,709,2026,S,2026-02-23 00:00:00,1,,,SANTA PAULA - PRESUPUESTO N° 1-2182 (HOSPITAL),26000.0,000115,,N
2026,1,753,752,2026-02-23 00:00:00,GMADA,186,TURIS,,R,SUM,729,2026,S,2026-02-23 00:00:00,1,,,Marcelo Pasini - Hotel London. Alojamiento rally. Decreto 78/26,675000.0,000115,,N
2026,1,758,758,2026-02-23 00:00:00,GMADA,186,TURIS,,R,SUM,726,2026,S,2026-02-23 00:00:00,1,,,Marcelo Pasini - Hotel London - Alojamiento Rally. decreto 78/26,300000.0,000115,,N
2026,1,759,759,2026-02-23 00:00:00,GMADA,2846,TURIS,,R,SUM,723,2026,S,2026-02-23 00:00:00,1,,,Miguel Cueli. Alojamiento Rally. DECRETO 78/26,960000.0,000115,,N
2026,1,760,760,2026-02-23 00:00:00,GMADA,1169,TURIS,,A,SUM,748,2026,S,2026-02-23 00:00:00,1,2026-02-23 00:00:00,NO,Aldaz Oscar Alfredo y Garmendia Mirta condominio. Alojamiento rally. DECRETO 78/26,1000000.0,000115,,N
2026,1,761,761,2026-02-23 00:00:00,GMADA,3552,4,,R,SUM,739,2026,S,2026-02-23 00:00:00,3,,,"PRESUPUESTO N° X 9178 de ""MATAFUEGOS RUTA 11"" Para el aréa de prestaciones",120000.0,000115,,N
2026,1,763,763,2026-02-23 00:00:00,GMADA,160,3,,R,SUM,737,2026,S,2026-02-23 00:00:00,1,,,PROV. AGROVETERINARIA MARZULLO PRESUP.1168 INSECTISIDA PARA  ESPACIOS PÚBLICOS,292000.0,000115,,N
2026,1,765,765,2026-02-23 00:00:00,GMADA,3330,TURIS,,R,SUM,748,2026,S,2026-02-23 00:00:00,1,,,Aldaz Oscar Alfredo y Garmendia Mirta condominio. Alojamiento rally. DECRETO 78/26,1000000.0,000115,,N
2026,1,779,779,2026-02-25 00:00:00,GMADA,3287,9,,R,PRESU,1863,2026,S,2026-02-25 00:00:00,1,,,PRESUPUESTO N° 1863 - HISPANOGRAF - RALLY PAGOS DEL TUYU,426000.0,000000,,N
2026,1,780,780,2026-02-25 00:00:00,GMADA,3180,5,,R,PRESU,0,2026,S,2026-02-25 00:00:00,1,,,CARLA MARTINEZ  PROGRAMACION INCAA,150000.0,000000,,N
2026,1,781,781,2026-02-25 00:00:00,GMADA,163,6,,R,PRESU,7045,2026,S,2026-02-25 00:00:00,2,,,Alfio Distefano.Tractor Pauny presupuesto N° 079-7045.,4378030.0,000000,,N
2026,1,782,782,2026-02-25 00:00:00,GMADA,163,6,,R,PRESU,0,2026,S,2026-02-25 00:00:00,2,,,"Alfio Distefano Tractor Pauny,presupuesto 079-7046",383250.0,000000,,N
2026,1,783,783,2026-02-25 00:00:00,GMADA,413,2,,R,PRESU,4051,2026,S,2026-02-25 00:00:00,1,,,NEUMATICOS PASO - PRESUPUESTO N° 1-4051/823  VEHICULO DOMINIO AF545GL,16000.0,000000,,N
2026,1,789,789,2026-02-25 00:00:00,GMADA,2548,4,,R,PRESU,0,2026,S,2026-02-25 00:00:00,1,,,"PRESUPUESTO de Speziale, Ana María de "" CASA SAINZ"" Sr. Molina, José Arturo DNI: 4.923.674 fallecido el 31/12/2025",200000.0,000000,,N
2026,1,791,791,2026-02-25 00:00:00,GMADA,1608,8,,R,PRESU,0,2026,S,2026-02-25 00:00:00,1,,,PROV.HOTEL SAN CARLOS - PRES. N°25/02/2026- SEC. PRODUCCION,120000.0,000000,,N
2026,1,792,792,2026-02-25 00:00:00,GMADA,3398,3,,R,PRESU,414,2026,S,2026-02-25 00:00:00,1,,,PROV.CHAYE HNOS PRESUP.0414 REPUESTO PARA TRACTOR JONH DEERE BNA17,1977927.97,000000,,N
2026,1,793,793,2026-02-25 00:00:00,GMADA,2869,2,,R,PRESU,979,2026,S,2026-02-25 00:00:00,1,,,PRESUPUESTO 979 MADA POY,1081796.0,000000,,N
2026,1,794,794,2026-02-25 00:00:00,GMADA,1603,2,,R,PRESU,1342395,2026,S,2026-02-25 00:00:00,1,,,PANADERIA ALEM - PRESUPUESTO N° 1342395 (HOGAR Y HOSPITAL),833000.0,000000,,N
2026,1,795,795,2026-02-25 00:00:00,GMADA,2869,2,,A,PRESU,981,2026,S,2026-02-25 00:00:00,1,2026-02-26 00:00:00,NO,PRESUPUESTO 981 MADA POY,411147.0,000000,,N
2026,1,800,800,2026-02-26 00:00:00,GMADA,21352,9,,R,PRESU,0,2026,S,2026-02-26 00:00:00,2,,," PRESUPUESTO 000, VILLALIBRE JOSE",120000.0,000000,,N
2026,1,798,798,2026-02-26 00:00:00,GMADA,822,3,,R,PRESU,20166,2026,S,2026-02-26 00:00:00,3,,,PROV.ESCANDINAVIA DEL PLATA PRESUP.20166 REPUESTO PARA CARGADORA SDLG 936 CII58,424136.94,000000,,N
2026,1,801,801,2026-02-26 00:00:00,GMADA,2869,2,,R,PRESU,981,2026,S,2026-02-26 00:00:00,1,,,PRESUPUESTO 981 MADA POY,412137.0,000000,,N
2026,1,803,803,2026-02-26 00:00:00,GMADA,879,9,,R,PRESU,46079,2026,S,2026-02-26 00:00:00,2,,,PRESUPUESTO 0002-46079 CASA HARISGARAT - RALLY,192140.0,000000,,N
2026,1,805,804,2026-02-26 00:00:00,GMADA,3177,5,,R,PRESU,0,2026,S,2026-02-26 00:00:00,1,,,GUSTAVO ADOLFO FARIAS,1800000.0,000000,,N
2026,1,806,806,2026-02-26 00:00:00,GMADA,2299,9,,R,PRESU,0,2026,S,2026-02-26 00:00:00,1,,,PREVISION SIN N° - LAGOS - HIDRATACION EN EVENTOS DEPORTIVOS PRIMER SEMESTRE,500000.0,000000,,N
2026,1,807,807,2026-02-26 00:00:00,GMADA,163,3,,R,PRESU,7052,2026,S,2026-02-26 00:00:00,2,,,PROV. ALFIO DISTEFANO PRESUP.079-7052 REPUSTOS PARA MOTONIVELADARA NEW HOLLAND CII59,1276200.0,000000,,N
2026,1,809,809,2026-02-26 00:00:00,GMADA,3287,9,,R,PRESU,1864,2026,S,2026-02-27 00:00:00,1,,,PRESUPUESTO N° 1864 - HISPANOGRAF - SEÑALETICA RALLY 2026,166500.0,000000,,N
2026,1,811,811,2026-02-26 00:00:00,GMADA,3297,25,,R,PRESU,94,2026,S,2026-02-26 00:00:00,1,,,"Frenos Madariaga, presupuesto 094 (AE 704 AW-LBN 155- JCH 069)",1570000.0,000000,,N
2026,1,812,812,2026-02-26 00:00:00,GMADA,3322,2,,R,PRESU,2455,2026,S,2026-02-26 00:00:00,2,,,PINAMAR HIGIENE INSTITUCIONAL - PRESUPUESTO N° 16-2455,497777.59,000000,,N
2026,1,814,814,2026-02-26 00:00:00,GMADA,3075,H.ANC,,R,PRESU,73,2026,S,2026-02-26 00:00:00,1,,,JUAN MARTIN CORREA LORENTE - PRESUPUESTO N° 1-73,185293.58,000000,,N
2026,1,815,815,2026-02-26 00:00:00,GMADA,1078,2,,R,PRESU,0,2026,S,2026-02-26 00:00:00,2,,,OPAZO DANIEL- PRESUPUESTO N° 20/02/2026 ( LABORATORIO- PLANTA DE OXIGENO- INTERNACION),170000.0,000000,,N
2026,1,816,816,2026-02-26 00:00:00,GMADA,612,2,,R,PRESU,783,2026,S,2026-02-26 00:00:00,2,,,PRESUPUESTO JOSE MARZULLO SECRETARIA INTERNACION,450000.0,000000,,N
2026,1,821,821,2026-02-26 00:00:00,GMADA,160,13,,R,PRESU,1169,2026,S,2026-02-26 00:00:00,1,,,AGROVETERINARIA MARZULLO- PRESUPUESTO N° 1169/1170,52900.0,000000,,N
2026,1,822,822,2026-02-26 00:00:00,GMADA,171,9,,R,PRESU,20013,2026,S,2026-02-26 00:00:00,1,,,PRESUPUESTO N° 20013 - ELECTRICIDAD EL GALLEGO -  REPARACION ELECTRICIDAD EN PROGRAMA NUESTROS ABUELOS,4000.0,000000,,N
2026,1,825,825,2026-02-26 00:00:00,GMADA,1876,2,,R,PRESU,768,2026,S,2026-02-26 00:00:00,2,,,MAX CONTINENTAL- PRESUPUESTO N° 20/02/26,2321489.69,000000,,N
2026,1,836,836,2026-02-27 00:00:00,GMADA,3529,9,,R,EXPED,129,2026,S,2026-03-03 00:00:00,2,,,"PRESUPUESTO, TISERA BRAIAN, EXPTE.129/26",140000.0,000000,,N
2026,1,873,873,2026-03-05 00:00:00,GMADA,1468,2,,R,SUM,801,2026,S,2026-03-05 00:00:00,2,,,NOVAFARMA- PRESUPUESTO N° 23/02/2026,4167621.15,000115,,N
2026,1,874,874,2026-03-05 00:00:00,GMADA,3180,CACUL,,R,SUM,890,2026,S,2026-03-05 00:00:00,1,,,CARLA MARTINEZ        PROGRAMACION INCAA,1925000.0,000115,,N
2026,1,875,875,2026-03-05 00:00:00,GMADA,517,2,,R,SUM,879,2026,S,2026-03-05 00:00:00,3,,,PRESUPUESTO 260226 LALOSECVICH  INSUMOS PARA INTERNACION - CAPS NORTE,495800.0,000115,,N
2026,1,876,876,2026-03-05 00:00:00,GMADA,300,TURIS,,R,SUM,752,2026,S,2026-03-05 00:00:00,1,,,Pintureria - ferreteria TODO COLOR - presupuesto 5506 - invernada,15820.0,000115,,N
2026,1,877,877,2026-03-05 00:00:00,GMADA,2627,2,,R,SUM,871,2026,S,2026-03-05 00:00:00,1,,,SANTA PAULA- PRESUPUESTO N° 0001-00002184 (SEMANA DEL 26/02/26 AL 23/02/26),36000.0,000115,,N
2026,1,878,878,2026-03-05 00:00:00,GMADA,688,1,,R,SUM,865,2026,S,2026-03-05 00:00:00,1,,,"PRESUPUESTO 7018, RAMOS-ISIDRO",18000.0,000115,,N
2026,1,879,879,2026-03-05 00:00:00,GMADA,2627,2,,R,SUM,872,2026,S,2026-03-05 00:00:00,1,,,SANTA PAULA- PRESUPUESTO N° 0001-00002188 (SEMANA  DEL 23/02/26 AL 2/03/26),50800.0,000115,,N
2026,1,880,880,2026-03-05 00:00:00,GMADA,3492,4,,R,SUM,919,2026,S,2026-03-05 00:00:00,1,,,"EXpte N° 632/2026 Contrato: Sra. Baigorria, Daniela Operadora Grupal -  Equipo Envión. No cumple con el Art. 45 de la Ley 14.656",2723827.2,000115,,N
2026,1,881,881,2026-03-05 00:00:00,GMADA,3218,5,,A,ORDCO,936,2026,S,2026-03-05 00:00:00,1,2026-03-11 00:00:00,NO,"PRESUPUESTO 000, USS SERVICIO DE SEGURIDAD DIFERENCIA OC 574",2723.33,000115,,N
2026,1,882,882,2026-03-05 00:00:00,GMADA,3540,35,,R,SUM,918,2026,S,2026-03-05 00:00:00,1,,,"Exp.:507/26 Sol. Reparacion de Cubierta de EP Nº17 ""9 de Julio de 1986"" del Paraje Medaland - Prov.:Baigorria Gonzalo Ezequiel (3540) - Presup.:Contrato",7900000.0,000115,,N
2026,1,563,563,2026-02-04 00:00:00,GMADA,1876,2,,R,SUM,542,2026,S,2026-02-04 00:00:00,2,,,MAX CONTINENTAL- PRESUPUESTO N° 0001-00158849/158994/159040,1803048.5,000120,,N
2026,1,569,569,2026-02-04 00:00:00,GMADA,3184,2,,R,SUM,534,2026,S,2026-02-04 00:00:00,2,,,DROGUERIA PERDOMIINICI- PRESUPUESTO N° 27/01/2026,6548379.18,000115,,N
2026,1,571,571,2026-02-04 00:00:00,GMADA,395,2,,R,SUM,556,2026,S,2026-02-04 00:00:00,3,,,PRESUPUESTO LABORATORIO BIOQUIMICO PRACTICAS MES DE ENERO,197600.0,000115,,N
2026,1,572,572,2026-02-04 00:00:00,GMADA,3322,2,,R,SUM,535,2026,S,2026-02-04 00:00:00,2,,,PINAMAR HIGIENE INSTITUCIONAL SRL- PRESUPUESTO N° 0016-00002341/2342/2365 (COCINA- OFFICE MUCAMAS),328102.69,000115,,N
2026,1,573,573,2026-02-04 00:00:00,GMADA,167,2,,R,SUM,539,2026,S,2026-02-04 00:00:00,1,,,""" TODO POLLÑO"" Gonzalo A. Bustamasnte. PRESUPUESTO Nº 72.COCINA HOSPITAL.SEMAN DEL 19/01/26 AL 26/01/26",1132905.5,000115,,N
2026,1,921,921,2026-03-09 00:00:00,GMADA,3322,2,,R,SUM,929,2026,S,2026-03-09 00:00:00,2,,,PINAMAR HIGIENE INSTITUCIONAL SRL- PRESUPUESTO N° 0016-00002427/2428/2496/2511/2512 (COCINA-LAVADERO- OFFICE DE MUCAMAS),958575.56,000115,,N
2026,1,924,924,2026-03-09 00:00:00,GMADA,171,5,,R,SUM,926,2026,S,2026-03-09 00:00:00,1,,,ELECTRICIDAD EL GALLEGO   PRESUP. N° 54883,78600.0,000115,,N
2026,1,927,927,2026-03-09 00:00:00,GMADA,777,25,,R,SUM,930,2026,S,2026-03-09 00:00:00,1,,,"MP Repuestos, presupuestos 136-123-121-137 (oig911-jwg930-ae704aw)",361000.0,000115,,N
2026,1,928,928,2026-03-09 00:00:00,GMADA,216,2,,R,SUM,859,2026,S,2026-03-09 00:00:00,2,,,FAE- PRESUPUESTO N° 3397710,231400.0,000115,,N
2026,1,929,929,2026-03-09 00:00:00,GMADA,3322,2,,R,SUM,798,2026,S,2026-03-09 00:00:00,2,,,PINAMAR HIGIENE INSTITUCIONAL - PRESUPUESTO N° 16-2480,191750.12,000115,,N
2026,1,930,930,2026-03-09 00:00:00,GMADA,3322,2,,R,SUM,800,2026,S,2026-03-09 00:00:00,2,,,PINAMAR HIGIENE INSTITUCIONAL - PRESUPUESTO N° 16-2497 (HOSPITAL),203339.51,000115,,N
2026,1,932,932,2026-03-09 00:00:00,GMADA,866,2,,R,SUM,804,2026,S,2026-03-09 00:00:00,2,,,PILOÑA- PRESUPUESTO N° 5/02/2026,3942134.28,000115,,N
2026,1,933,933,2026-03-09 00:00:00,GMADA,169,2,,R,SUM,837,2026,S,2026-03-09 00:00:00,1,,,TERRANOVA QUIMICA - PRESUPUESTO N° 1032 (QUIROFANO HOSPITAL),90600.0,000115,,N
2026,1,936,936,2026-03-09 00:00:00,GMADA,169,32,,R,SUM,914,2026,S,2026-03-09 00:00:00,1,,,PRESUPUESTO N° 1031 - TERRANOVA QUIMICA - ARTICULOS PARA TAREAS DE LIMPIEZA EN EL POLIDEPORTIVO,42550.0,000115,,N
2026,1,938,938,2026-03-09 00:00:00,GMADA,2310,3,,R,SUM,904,2026,S,2026-03-09 00:00:00,2,,,PROV.CENTRO HIERRO PRESUP.7798 HIERRO PARA REPARACION DE CAMION AF987IJ,60834.34,000115,,N
2026,1,949,949,2026-03-10 00:00:00,GMADA,1810,31,,R,PRESU,380,2026,S,2026-03-10 00:00:00,1,,,AC REFRIGERACION - CATALDO ADOLFO PRESUPUESTO N° 380 AIRE ACONDIONADO CONSULTORIO DE CLINICA,140000.0,000000,,N
2026,1,950,950,2026-03-10 00:00:00,GMADA,688,2,,R,PRESU,898,2026,S,2026-03-10 00:00:00,1,,,BATERIAS LA PRIMERA - PRESUPUESTO N° 7008 VEHICULOL FORD KA AE619QS,150000.0,000000,,N
2026,1,954,954,2026-03-10 00:00:00,GMADA,2450,JARDM,,R,PRESU,0,2026,S,2026-03-10 00:00:00,2,,,"PRESUPUESTO de Labatut, Marcelo de ""LA FRUTERIA"" Febrero 2026",249550.0,000000,,N
2026,1,970,970,2026-03-10 00:00:00,GMADA,3364,5,,R,PRESU,0,2026,S,2026-03-10 00:00:00,1,,,MATIAS LIGARI    FINAL FOLKLORE EN LOS BARRIOS   EXPTE 224/26,250000.0,000000,,N
2026,1,975,975,2026-03-10 00:00:00,GMADA,3184,2,,R,PRESU,0,2026,S,2026-03-10 00:00:00,2,,,DROGUERIA PERDOMINICI- PRESUPUESTO N° 4/03/26,473237.9,000000,,N
2026,1,977,977,2026-03-10 00:00:00,GMADA,1578,9,,R,PRESU,394,2026,S,2026-03-10 00:00:00,1,,,PRESUPUESTO N° 0394 - COLOMBRARO - SILLAS PLASTICAS PARA SER UTILIZADAS EN DIFERENTES DISCIPLINAS DURANTE EL AÑO,140000.0,000000,,N
2026,1,979,979,2026-03-10 00:00:00,GMADA,167,2,,R,PRESU,80,2026,S,2026-03-10 00:00:00,1,,, TODO POLLO - PRESUPUESTO N° 80 ( SEMANA  DEL 26/02/26 AL  5/03/26),776750.0,000000,,N
2026,1,980,980,2026-03-10 00:00:00,GMADA,300,9,,R,PRESU,7201,2026,S,2026-03-10 00:00:00,1,,,PRESUPUESTO N° 7201 - FERRETERIA TODO COLOR - MATERIALES PARA REACONDICIONAMIENTO ESPACIO PROGRAMA ABUELOS,271146.0,000000,,N
2026,1,981,981,2026-03-10 00:00:00,GMADA,300,9,,R,PRESU,7202,2026,S,2026-03-10 00:00:00,1,,,PRESUPUESTO N° 7202 - FERRETERIA TODO COLOR - REACONDICIONAMIENTO PARA PROGRAMA ABUELOS,136971.0,000000,,N
2026,1,982,982,2026-03-10 00:00:00,GMADA,3529,9,,R,PRESU,0,2026,S,2026-03-10 00:00:00,1,,,PREUSPUESTO S/N TISERA SANITARIOS PORTATILES - ALQUILER BAÑOS CARRERA DE LA MUJER,140000.0,000000,,N
2026,1,983,983,2026-03-10 00:00:00,GMADA,2643,1,,R,PRESU,4,2026,S,2026-03-10 00:00:00,2,,,"PRESUPUESTO 0004,EMPRESA DE TRANSPORTE 12 DE OCTUBRE",172800.0,000000,,N
2026,1,991,991,2026-03-11 00:00:00,GMADA,300,3,,R,PRESU,5922,2026,S,2026-03-11 00:00:00,1,,,"PROV. SILVIA MAISTEGUI PRESUP.5922 PARA REPARAR TARIMAS,RAMPA DE RALLY,REPARACION EN VIVERO",267470.0,000000,,N
2026,1,992,993,2026-03-11 00:00:00,GMADA,2595,9,,R,PRESU,8131,2026,S,2026-03-11 00:00:00,1,,,PRESUPUESTO N° 8131 - IVANPER - REPUESTO PARA REPARACION ELECTRICA IVECO AB603TW,16150.0,000000,,N
2026,1,994,994,2026-03-11 00:00:00,GMADA,2209,2,,R,PRESU,852,2026,S,2026-03-11 00:00:00,1,,,DURANTE JAVIER- PRESUPUESTO N° 1-852 del 09/02/16 al 16/02/26,511306.5,000000,,N
2026,1,996,996,2026-03-11 00:00:00,GMADA,2310,8,,R,PRESU,7802,2026,S,2026-03-11 00:00:00,2,,,PROV.CENTRO DE HIERRO PRESUP.11-7802- SEC PRODUCCION,345802.8,000000,,N
2026,1,998,998,2026-03-11 00:00:00,GMADA,2369,3,,R,PRESU,216,2022,S,2026-03-11 00:00:00,3,,,"PROV.MERCEDES LA PLATA PRESUP.0216 REPUESTOS PARA XNE245,DMI232,LAN557,LED013",787121.82,000000,,N
2026,1,999,999,2026-03-11 00:00:00,GMADA,2595,3,,R,PRESU,8086,2026,S,2026-03-11 00:00:00,1,,,"PROV. IVAN  PERICO PRESP. 8086 REPUESTOS PARA  DMI 232, FSL723, PJY978",51620.0,000000,,N
2026,1,1000,1000,2026-03-11 00:00:00,GMADA,2595,3,,R,PRESU,8270,2026,S,2026-03-11 00:00:00,2,,,PROV.IVAN PERICO PRESUP.8270 REPEUSTOS PARA LAN557 LED010,69420.0,000000,,N
2026,1,1007,1008,2026-03-11 00:00:00,GMADA,2259,1,,R,PRESU,0,2026,S,2026-03-11 00:00:00,1,,,PREVISION PARA DISTINTAS ACTIVIDADES DURANTE EL AÑO,800000.0,000000,,N
2026,1,1018,1018,2026-03-12 00:00:00,GMADA,300,9,,R,PRESU,5950,2026,S,2026-03-12 00:00:00,1,,,PRESUPUESTO N° 5950 - FERRETERIA TODO COLOR - MATERIALES PARA REACONDICIONAMIENTO ESPACIO PROGRAMA NUESTROS ABUELOS,128380.0,000000,,N
2026,1,1051,1051,2026-03-16 00:00:00,GMADA,1206,25,,R,PRESU,239915,2026,S,2026-03-16 00:00:00,2,,,"Grupo Nucleo, presupuesto 239915 (inspeccion)",79500.0,000000,,N
2026,1,1019,1019,2026-03-12 00:00:00,GMADA,2675,25,,R,PRESU,687,2026,S,2026-03-12 00:00:00,2,,,"Repuestos LC, presupuesto 000687 (AF747PM- AE704AW)",242000.0,000000,,N
2026,1,1020,1020,2026-03-12 00:00:00,GMADA,2675,25,,R,PRESU,670,2026,S,2026-03-12 00:00:00,2,,,"Repuestos LC, presupuesto 000670 (taller del area)",809600.0,000000,,N
2026,1,1021,1021,2026-03-13 00:00:00,GMADA,169,37,,R,PRESU,1036,2026,S,2026-03-13 00:00:00,2,,,"PRESUPUESTO 1036, TERRANOVA LUCAS HERNAN",656400.0,000000,,N
2026,1,1022,1022,2026-03-13 00:00:00,GMADA,3075,37,,R,PRESU,83,2026,S,2026-03-13 00:00:00,2,,,"PRESUPUESTO 83, CORREA LORENTE JUAN MARTIN",1039354.3,000000,,N
2026,1,1023,1023,2026-03-13 00:00:00,GMADA,3516,4,,R,EXPED,709,2026,S,2026-03-13 00:00:00,1,,,"Expte N° 709/2026 Renovación de contrato . Sr. Lopéz, Luis Miguel - Barbero - Programa Envión",340000.0,000000,,N
2026,1,1024,1024,2026-03-13 00:00:00,GMADA,3454,4,,R,EXPED,441,2026,S,2026-03-13 00:00:00,1,,,"Expte N° 441/2026 Renovación de contrato. Sr. Muscia Caldarella, Gian Franco - Operador Social Servicio Local -  No cumple con el Art. 45 de la Ley 14.656",710717.6,000000,,N
2026,1,1028,1028,2026-03-13 00:00:00,GMADA,17,3,,R,PRESU,64,2026,S,2026-03-13 00:00:00,1,,,PROV. LUIS LOMBARDIA PRESUP.0064 INSUMOS Y REPUESTOS PARA MAQUINAS CORTA PASTO MOTOGUADAÑA,388000.0,000000,,N
2026,1,1030,1030,2026-03-13 00:00:00,GMADA,17,DEFCI,,R,PRESU,66,2026,S,2026-03-13 00:00:00,1,,,PROV. LUIS LOMBARDIA PRESP.0066 REPUSTOS PARA MOTOGUADAÑAS Y MOTOSIERRA,304800.0,000000,,N
2026,1,1031,1031,2026-03-13 00:00:00,GMADA,604,3,,R,PRESU,1623,2026,S,2026-03-13 00:00:00,2,,,PROV.PROCAM ITURRARTE GUSTAVO PRESUP.1623 PARA FORD 14000 AWK675,630894.0,000000,,N
2026,1,1033,1033,2026-03-13 00:00:00,GMADA,2988,9,,R,PRESU,0,2026,S,2026-03-13 00:00:00,1,,,PRESUPUESTO S/N°   COTTINI MARTIN -  ORGANIZACION CARRERA DE LA MUJER,280000.0,000000,,N
2026,1,1035,1035,2026-03-13 00:00:00,GMADA,441,9,,R,PRESU,3888,2026,S,2026-03-13 00:00:00,1,,,PRESUPUESTO N° 03888 - ALPA MADARIAGA- MATERIAL A UTILIZAR EN LA CONFECCION DE JUEGOS PROGRAMA NUESTROS ABUELOS,7650.0,000000,,N
2026,1,1036,1036,2026-03-13 00:00:00,GMADA,1879,25,,R,PRESU,3033,2026,S,2026-03-13 00:00:00,1,,,"Rodamientos Tuyu, presupuesto 3033 ( OIG911-AE331IY-AB038FH)",455500.0,000000,,N
2026,1,1037,1037,2026-03-13 00:00:00,GMADA,1879,25,,R,PRESU,3037,2026,S,2026-03-13 00:00:00,1,,,"Rodamientos Tuyu, presupuesto 3037(AB038FH-NUF386-OIG911-AE331IY  )",459000.0,000000,,N
2026,1,1039,1039,2026-03-13 00:00:00,GMADA,300,25,,R,PRESU,5946,2026,S,2026-03-13 00:00:00,1,,,"Pintureria Todo Color, presupuesto 5946 ( matenimiento )",210689.0,000000,,N
2026,1,1041,1041,2026-03-16 00:00:00,GMADA,1440,2,,R,PRESU,93,2026,S,2026-03-16 00:00:00,2,,,QUALIMED- PRESUPUESTO N° 93,5973340.0,000000,,N
2026,1,1042,1042,2026-03-16 00:00:00,GMADA,866,2,,R,PRESU,0,2026,S,2026-03-16 00:00:00,1,,,PILOÑA- PRESUPUESTO N° 9/03/2026,7928060.23,000000,,N
2026,1,1043,1043,2026-03-16 00:00:00,GMADA,2595,2,,R,PRESU,8105,2026,S,2026-03-16 00:00:00,1,,,Copia de 2026/1019 IVANPER REPUESTOS - PRESUPUESTO N° 8105 DOMINIO AG180HE - LAMAPRA AMBULANCIA DOMINIO AA775QWDOMINIO,77500.0,000000,,N
2026,1,1045,1045,2026-03-16 00:00:00,GMADA,3322,2,,R,PRESU,2514,2026,S,2026-03-16 00:00:00,1,,,PINAMAR HIGIENE INSTITUCIONAL - PRESUPUESTO N° 16-2514,638481.85,000000,,N
2026,1,1046,1046,2026-03-16 00:00:00,GMADA,2450,2,,R,PRESU,0,2026,S,2026-03-16 00:00:00,1,,,LA FRUTERIA - PRESUPUESTO S/N FECHA 26/2/26 HOSPITAL - HOGAR DE ANCIANOS,3048800.0,000000,,N
2026,1,1048,1048,2026-03-16 00:00:00,GMADA,57,2,,R,PRESU,1012,2026,S,2026-03-16 00:00:00,1,,,IMPRENTA EL ARGENTINO - PRESUPUESTO N° 557 (INTERNACION CIRUGIA HOSPITAL),50000.0,000000,,N
2026,1,1049,1049,2026-03-16 00:00:00,GMADA,2595,13,,R,PRESU,8310,2026,S,2026-03-16 00:00:00,1,,,IVANPER REPUESTOS - PRESUPUESTO N°8310 VEHICULO DOMINIO AB437WY,82500.0,000000,,N
2026,1,1052,1052,2026-03-16 00:00:00,GMADA,3552,2,,R,PRESU,9308,2026,S,2026-03-16 00:00:00,2,,,MATAFUEGOS RUTA 11 - PRESUPUESTO N°9308  REVISION Y CARGAS MATAFUEGOS,876000.0,000000,,N
2026,1,1055,1056,2026-03-16 00:00:00,GMADA,688,6,,N,PRESU,7003,2026,S,2026-03-16 00:00:00,1,,,Corresponde presupuesto N° 0000007003- RAMOS E ISIDRO,263000.0,000000,,N
2026,1,1057,1057,2026-03-16 00:00:00,GMADA,2627,H.ANC,,N,PRESU,2190,2026,S,2026-03-16 00:00:00,1,,,SANTA PAULA- PRESUPUESTO N° 0001-00002190/2191 (DESDE 3/03 HASTA EL 10/03/26),18800.0,000000,,N
2026,1,1058,1058,2026-03-16 00:00:00,GMADA,3430,2,,N,PRESU,167212,2026,S,2026-03-16 00:00:00,2,,,PRESUPUESTO 167212 GLOBAL TONER PARA OFICINA FACTURACION - OFICINA ESTADISTICA - DIRECCION MEDICA - DIRECION ADMINISTRATIVA - INTERNACION - GUARDIA ADULTO - GUARDIA PEDIATRICA - OFICINA DE PERSONAL - CONSULTORIOS EXTERNOS - CAPS BELGRANO - CAPS SAN MARTIN  - CAPS NORTE - CAPS QUINTANILLA,255966.48,000000,,N
2026,1,577,577,2026-02-05 00:00:00,GMADA,313,3,,R,SUM,565,2026,S,2026-02-05 00:00:00,1,,,PROV. ATREUCO PUEL COMBUSTIBLES PARA MAQUINAS CORTA PASTO Y CAMION VW 17260 AF947IJ,8000000.0,000115,,N
2026,1,939,939,2026-03-10 00:00:00,GMADA,803,3,,R,SUM,907,2026,S,2026-03-10 00:00:00,2,,,"PROV. BLUECAR PRESUP.0545 FILTROS PARA VEHICULOS SVN719,SOG742,AWK675,XNE245,XNE244,UQV264,UQV265,DMI232,FSL723,HKO983,INI856,BMV14,LED10,LED013,CII59,CII58,OOI617,AF947IJ,AF947IN",2884844.92,000115,,N
2026,1,941,940,2026-03-10 00:00:00,GMADA,169,GRAN,,R,SUM,847,2026,S,2026-03-10 00:00:00,1,,,"PRESUPUESTO N° 001033 de Terranova Lucas Hernán de ""TERRANOVAQUIMICA"" Para uso de la granja de contención",9700.0,000115,,N
2026,1,945,945,2026-03-10 00:00:00,GMADA,2110,35,,R,SUM,839,2026,S,2026-03-10 00:00:00,1,,,Prov.:Eduardo Fumega - Presup.:543,65000.0,000115,,N
2026,1,948,947,2026-03-10 00:00:00,GMADA,2627,2,,R,SUM,857,2026,S,2026-03-10 00:00:00,1,,,SANTA PAULA- PRESUPUESTO N° 0001-00002400 (DESDE EL 28/01/26 AL 4/02/2026),14400.0,000115,,N
2026,1,952,952,2026-03-10 00:00:00,GMADA,2627,2,,R,SUM,856,2026,S,2026-03-10 00:00:00,1,,,SANTA PAULA- PRESUPUESTO N° 0001-00002173 DESDE EL 27/01/26 AL 3/02/26,58800.0,000115,,N
2026,1,955,955,2026-03-10 00:00:00,GMADA,1573,2,,R,SUM,853,2026,S,2026-03-10 00:00:00,2,,,DROGUERIA ALBERDI- PRESUPUESTO N° 25/02/2026,4495905.85,000115,,N
2026,1,956,956,2026-03-10 00:00:00,GMADA,167,2,,R,SUM,897,2026,S,2026-03-10 00:00:00,1,,,TODO POLLO - PRESUPUESTO N° 81 ( SEMANA  DEL 26/02/26 AL  5/03/26),513900.0,000115,,N
2026,1,957,957,2026-03-10 00:00:00,GMADA,717,2,,R,SUM,925,2026,S,2026-03-10 00:00:00,1,,,PROVEEDURIA LA ILUSION- PRESUPUESTO N° 21425,67760.0,000115,,N
2026,1,958,958,2026-03-10 00:00:00,GMADA,167,2,,R,SUM,927,2026,S,2026-03-10 00:00:00,1,,,TODO POLLO- PRESUPUESTO N° 82 ( SEMANA DEL 26/02 HASTA EL 5/03/26),758900.0,000115,,N
2026,1,959,959,2026-03-10 00:00:00,GMADA,3287,4,,R,SUM,937,2026,S,2026-03-10 00:00:00,2,,,"PRESUPUESTO N° 1866 de ""HISPANOGRAF"" Certificados del curso de barbería",22869.0,000115,,N
2026,1,960,960,2026-03-10 00:00:00,GMADA,3296,GRAN,,R,SUM,940,2026,S,2026-03-10 00:00:00,2,,,"PRESUPUESTO N° 0003-00003620 de ""PINTURERIA CONCEPTO S. CAP 1"" Para pintar mástil en la granja de contención",57112.0,000115,,N
2026,1,961,961,2026-03-10 00:00:00,GMADA,1603,4,,R,SUM,944,2026,S,2026-03-10 00:00:00,2,,,"PRESUPUESTO N° X 6939054 de Garcia Gladys de ""PANADERIA ALEM"" Esfuerzo Solidario 2026",132000.0,000115,,N
2026,1,1025,1025,2026-03-13 00:00:00,GMADA,441,9,,R,SUM,1032,2026,S,2026-03-13 00:00:00,1,,,PRESPUESTO N° 20042 - PAPELERA ALPA MADARIAGA - VASOS PARA HIDRATACION CARRERA DE LA MUJER,15300.0,000115,,N
2026,1,1026,1026,2026-03-13 00:00:00,GMADA,2991,9,,R,SUM,1031,2026,S,2026-03-13 00:00:00,1,,,PRESUPUESTO N° 3101 - SIP EVENTOS - SONIDO PARA LOCUCION Y MUSICALIZACION EN LA  XI EDICON DE LA CARRERA DE LA MUJER,450000.0,000115,,N
2026,1,1027,1027,2026-03-13 00:00:00,GMADA,2450,9,,R,SUM,1041,2026,S,2026-03-13 00:00:00,2,,,PREVISION S/N MARCELO LABATUT - FRUTAS PARA ENTRAGAR A CORRERDORES EN CARRERA DE LA MUJER,116000.0,000115,,N
