EJERCICIO,NUM_PED,LUG_EMI,FECH_EMI,NUM_PED_ORI,FECH_EMI_ORI,CODIGO_DEP,CODIGO_UE,JURISDICCION,COSTO_TOT,OBSERVACIONES,PED_ESTADO,CANT_IMP,FECH_MODI_ULT,CODIGO_FF,COD_LUG_ENT,PLAZO_ENT,PER_CONSUMO,FECH_ING_COMP,RESP_RETIRA_PED
2026,605,GMADA,2026-02-09 00:00:00,,,HOSP,5,1110104000,13800000.0,Corresponde cto. Villafañe Elvira A. Expte N° 436,G,0,2026-02-09 09:33:15,131,2,000000,,,
2026,615,GMADA,2026-02-09 00:00:00,,,CULTUR,6,1110105000,800000.0,CORRESPONDE PREVISION PONSA S.A  CARNAVAL,G,0,2026-02-09 12:13:23,110,5,000000,,,
2026,611,GMADA,2026-02-09 00:00:00,,,TESOR,19,1110112000,3600000.0,Corresponde presupuesto PAIS HERNAN HORACIO-,G,0,2026-02-09 11:46:23,110,TESOR,000000,,,
2026,614,GMADA,2026-02-09 00:00:00,,,CULTUR,6,1110105000,500000.0,CORRESPONDE PREVISION GONZALEZ FARIAS J. CARNAVAL,G,0,2026-02-09 12:11:45,110,5,000000,,,
2026,641,GMADA,2026-02-11 00:00:00,,,OPP,3,1110103000,7954200.0,Expte.:363/26 Sol. Compra de 450 toneladas de estabilizado,G,0,2026-03-09 12:30:04,110,35,000000,,,
2026,647,GMADA,2026-02-11 00:00:00,,,PROD,14,1110108000,52440.0,PROV. TATANO HARISGARAT SRL- SEC PRODUCCION- SALA DE ELABORACION,G,0,2026-02-11 09:13:01,110,8,000000,,,
2026,786,GMADA,2026-02-24 00:00:00,,,000SU,25,1110118000,292371.0,"PROV.SILVIA SORAGNI PRESUP.0607  REPARACION Y REPUESTOS PARA PALA CARGADORA CII58,",G,0,2026-02-24 07:45:26,110,3,000000,,,
2026,759,GMADA,2026-02-20 00:00:00,,,18C,25,1110118000,8500.0,PROV.ALPÁ MADARIAGA PRESUP.3871 SELLO PARA CEMENTERIO,G,0,2026-02-20 07:35:51,110,3,000000,,,
2026,784,GMADA,2026-02-24 00:00:00,,,000SU,25,1110118000,1276200.0,PROV. ALFIO DISTEFANO PRESUP.23/02 REPUSTOS PARA MOTONIVELADARA NEW HOLLAND CII59,G,0,2026-02-24 07:30:31,110,3,000000,,,
2026,788,GMADA,2026-02-24 00:00:00,,,000SU,25,1110118000,39840000.0,,G,0,2026-02-25 07:57:47,110,3,000000,,,
2026,814,GMADA,2026-02-24 00:00:00,,,COC,5,1110104000,1081796.0,PRESUPUESTO 979 MADA POY,G,0,2026-02-24 13:29:17,131,2,000000,,,
2026,787,GMADA,2026-02-24 00:00:00,,,000SU,25,1110118000,116910.0,PROV. MUNDO CARGO PRESUP.3147 REPUSTOS PARA FOTON AE969PX,G,0,2026-02-24 08:07:15,110,3,000000,,,
2026,805,GMADA,2026-02-24 00:00:00,,,ADM,5,1110104000,319000.0,PRESUPUESTO LOPEZ MIGUEN ANGEL TELEFONO FIJO PARA CENTRAL TELEFONICA,G,0,2026-02-24 11:03:36,131,2,000000,,,
2026,837,GMADA,2026-02-25 00:00:00,,,INTER,5,1110104000,90600.0,TERRANOVA QUIMICA - PRESUPUESTO N° 1032 (QUIROFANO HOSPITAL),G,0,2026-02-27 10:52:36,131,2,000000,,,
2026,835,GMADA,2026-02-25 00:00:00,,,LAB,5,1110104000,89507.56,PINAMAR HIGIENE INSTITUCIONAL - PRESUPUESTO N° 16-2479 (HOSPITAL),G,0,2026-02-27 10:49:49,131,2,000000,,,
2026,907,GMADA,2026-03-04 00:00:00,,,000SU,25,1110118000,2884844.92,"PROV. BLUECAR PRESUP.0545 FILTROS PARA VEHICULOS SVN719,SOG742,AWK675,XNE245,XNE244,UQV264,UQV265,DMI232,FSL723,HKO983,INI856,BMV14,LED10,LED013,CII59,CII58,OOI617,AF947IJ,AF947IN",G,0,2026-03-04 08:12:26,110,3,000000,,,
2026,836,GMADA,2026-02-25 00:00:00,,,COC,5,1110104000,511306.5,DURANTE JAVIER- PRESUPUESTO N° 1-852 del 09/02/16 al 16/02/26,G,0,2026-03-05 07:46:36,131,2,000000,,,
2026,904,GMADA,2026-03-04 00:00:00,,,000SU,25,1110118000,60834.34,PROV.CENTRO HIERRO PRESUP.7798 HIERRO PARA REPARACION DE CAMION AF987IJ,G,0,2026-03-04 07:22:36,110,3,000000,,,
2026,912,GMADA,2026-03-04 00:00:00,,,000SU,25,1110118000,65000.0,PROV.DUENDE AZUL PRESUP.2644 COMISION A LA PLATA POR REPUESTOS,G,0,2026-03-04 09:20:32,110,3,000000,,,
2026,906,GMADA,2026-03-04 00:00:00,,,000SU,25,1110118000,671000.0,"PROV. YANINA PECORARI PRESUP.5087,5086 BATERIA PARA CAMION ASZ490 Y EQM607",G,0,2026-03-04 07:29:15,110,3,000000,,,
2026,911,GMADA,2026-03-04 00:00:00,,,000SU,25,1110118000,201500.0,"PROV. MP REPUESTOS PRESUP.131,0120 REPUESTOS PARA INI856,CAR748",G,0,2026-03-04 09:18:18,110,3,000000,,,
2026,930,GMADA,2026-03-05 00:00:00,,,SECSEG,20,1110113000,361000.0,"MP Repuestos, presupuestos 136-123-121-137 (oig911-jwg930-ae704aw)",G,0,2026-03-05 09:30:57,110,25,000000,,,
2026,610,GMADA,2026-02-09 00:00:00,,,ACCSOC,7,1110106000,180000.0,"PRESUPUESTO N° X 0001-00001167 de Leandro Ruben Bogado de ""L.R.B"" Camioneta Ford Ranger JYN 229",G,0,2026-02-09 11:03:41,110,4,000000,,,
2026,608,GMADA,2026-02-09 00:00:00,,,ENV,7,1110106000,62920.0,"PRESUPUESTO N° 0003-00003519 de ""PINTURERIA CONCEPTO S.CAP I""Para Proyecto de Diseño",G,0,2026-02-09 10:40:53,132,CASA,000000,,,
2026,686,GMADA,2026-02-12 00:00:00,,,SECSEG,20,1110113000,57740.0,"Ferreteria Todo Color, presupuesto 5937 (mantenimiento en general del area)",G,0,2026-02-12 08:01:07,110,25,000000,,,
2026,684,GMADA,2026-02-12 00:00:00,,,SECSEG,20,1110113000,80000.0,"Fabrimar, presupuesto 0296 (AB038FH)",G,0,2026-02-12 07:34:52,110,25,000000,,,
2026,685,GMADA,2026-02-12 00:00:00,,,SECSEG,20,1110113000,21840.0,"Casa Harisgarat, presupuesto 1026 (comisaria de la mujer)",G,0,2026-02-12 07:46:56,110,25,000000,,,
2026,688,GMADA,2026-02-12 00:00:00,,,SECSEG,20,1110113000,57931.0,"Todo Color, presupuesto 5924 (mantenimiento en general del area )",G,0,2026-02-12 08:26:39,110,25,000000,,,
2026,690,GMADA,2026-02-12 00:00:00,,,SECSEG,20,1110113000,50000.0,"Gomeria V+B, presupuesto 0745-0741",G,0,2026-02-12 08:39:16,110,25,000000,,,
2026,687,GMADA,2026-02-12 00:00:00,,,SECSEG,20,1110113000,98633.0,"Todo Color, presupuesto 5944 (mantenimiento general del area)",G,0,2026-02-12 08:13:08,110,25,000000,,,
2026,692,GMADA,2026-02-12 00:00:00,,,SECSEG,20,1110113000,47400.0,"Systec, presupuesto 0800 (COM)",G,0,2026-02-12 08:49:42,110,25,000000,,,
2026,689,GMADA,2026-02-12 00:00:00,,,SECSEG,20,1110113000,103000.0,Gomeria V+B presupuestos 0727-0729-0730-0731-0732-0733-0735-0737-0738-0739-0740-0742-0743-0744,G,0,2026-02-12 08:35:41,110,25,000000,,,
2026,710,GMADA,2026-02-13 00:00:00,,,LAB,5,1110104000,70902.9,PINAMAR HIGIENE INSTITUCIONAL - PRESUPUESTO N° 16-2452 (COCINA HOSPITAL),G,0,2026-02-18 09:41:03,131,2,000000,,,
2026,691,GMADA,2026-02-12 00:00:00,,,SECSEG,20,1110113000,306000.0,"Gomeria La Diagonal, presupuesto 0568-0569-0570",G,0,2026-02-13 12:57:46,110,25,000000,,,
2026,709,GMADA,2026-02-13 00:00:00,,,COC,5,1110104000,26000.0,SANTA PAULA - PRESUPUESTO N° 1-2182 (HOSPITAL),G,0,2026-02-18 09:40:05,131,2,000000,,,
2026,708,GMADA,2026-02-13 00:00:00,,,000SU,25,1110118000,3005640.0,PROV. LUCAS NAHUEL SARMIENTO PRESUP.13/02/2026 REPUESTOS PARA MOTONIVELADRA NEW HOLLAND RG 140 CII59,G,0,2026-02-18 07:57:57,110,3,000000,,,
2026,713,GMADA,2026-02-13 00:00:00,,,000SU,25,1110118000,110000.0,"PROV.EDUARDO FUMEGA PRESUP.0539,0538 TRABAJOS DE PLOMERIA PARA VIVERO MUNICIPAL Y BAÑOS TERMINAL",G,0,2026-02-13 09:29:22,110,3,000000,,,
2026,778,GMADA,2026-02-23 00:00:00,,,CONTRA,19,1110112000,1084690.62,"Correa Lorente Juan Martín,presupuesto 0001-00000072",G,0,2026-02-23 10:23:54,110,1,000000,,,
2026,711,GMADA,2026-02-13 00:00:00,,,COC,5,1110104000,460766.0,DURANTE JAVIER - PRESUPUESTO N° 1-850 (COCINA HOSPITAL),G,0,2026-02-18 09:43:28,131,2,000000,,,
2026,756,GMADA,2026-02-19 00:00:00,,,CAS,3,1110111000,383250.0,"Alfio Distefano Tractor Pauny,presupuesto 079-7046",G,0,2026-02-19 12:33:23,131,6,000000,,,
2026,777,GMADA,2026-02-23 00:00:00,,,SEHA,19,1110112000,296000.0,"Terranova , presupesto 001030",G,0,2026-02-23 10:10:16,110,1,000000,,,
2026,757,GMADA,2026-02-19 00:00:00,,,CAS,3,1110111000,4378030.0,Alfio Distefano.Tractor Pauny presupuesto N° 079-7045.,G,0,2026-02-19 12:45:30,131,6,000000,,,
2026,803,GMADA,2026-02-24 00:00:00,,,JARD,7,1110106000,1075000.0,"Expte N° 550/2026 PRESUPUESTOS N° 534/544 de ""FUMEGA EDUARDO""",G,0,2026-02-24 10:33:28,132,JARDM,000000,,,
2026,781,GMADA,2026-02-23 00:00:00,,,ENV,7,1110106000,17990.0,"PRESUPUESTO N° X 0001-00000980 de ""MADA POY S.A."" Taller de cocina",G,0,2026-02-23 12:14:54,132,CASA,000000,,,
2026,850,GMADA,2026-02-26 00:00:00,,,DEP,13,1110109000,44640.0,Expte 129/26 Rally 2026.Durante Javier,G,0,2026-02-26 12:06:47,110,1,000000,,,
2026,849,GMADA,2026-02-26 00:00:00,,,DEP,13,1110109000,500000.0,PREVISION SIN N° - YELITO AGUA - HIDRATACION EN EVENTOS DEPORTIVOS PRIMER SEMESTRE DEL AÑO,G,0,2026-02-26 11:37:03,110,9,000000,,,
2026,809,GMADA,2026-02-24 00:00:00,,,ACCSOC,7,1110106000,200000.0,"PRESUPUESTO de Speziale, Ana María de "" CASA SAINZ"" Sr. Molina, José Arturo DNI: 4.923.674 fallecido el 31/12/2025",G,0,2026-02-24 12:18:32,132,4,000000,,,
2026,855,GMADA,2026-02-27 00:00:00,,,COC,5,1110104000,115200.0,PROVEEDURIA LA ILUSION- PRESPUESTO N° 21424,G,0,2026-03-05 08:26:38,131,2,000000,,,
2026,853,GMADA,2026-02-27 00:00:00,,,FARM,5,1110104000,4495905.85,DROGUERIA ALBERDI- PRESUPUESTO N° 25/02/2026,G,0,2026-02-27 09:05:47,131,2,000000,,,
2026,858,GMADA,2026-02-27 00:00:00,,,HOGANC,5,1110104000,1523303.0,MADA POY S.A- PRESUPUESTO N° 0001-00000982 (DESDE EL 19/02/2026 AL 26/02/2026),G,0,2026-02-28 10:29:46,131,2,000000,,,
2026,854,GMADA,2026-02-27 00:00:00,,,DECI,25,1110118000,27900.0,"Matienzo Paola ,presupuesto 00003882",G,0,2026-02-27 09:13:17,110,1,000000,,,
2026,857,GMADA,2026-02-27 00:00:00,,,COC,5,1110104000,14400.0,SANTA PAULA- PRESUPUESTO N° 0001-00002174 (DESDE EL 28/01/26 AL 4/02/2026),G,0,2026-02-27 09:48:09,131,2,000000,,,
2026,856,GMADA,2026-02-27 00:00:00,,,HOGANC,5,1110104000,58800.0,SANTA PAULA- PRESUPUESTO N° 0001-00002173 DESDE EL 27/01/26 AL 3/02/26,G,0,2026-02-27 09:41:06,131,2,000000,,,
2026,860,GMADA,2026-02-27 00:00:00,,,LAB,5,1110104000,2833657.09,UNO ELECTROMEDICINA- PRESUPUESTO N° 00003-00015129 (LABORATORIO DE ANALISIS),G,0,2026-02-27 10:19:35,131,2,000000,,,
2026,862,GMADA,2026-02-27 00:00:00,,,DEP,13,1110109000,800000.0,Mada-Poy.Expte 129/26 Rally 2026,G,0,2026-02-27 11:16:09,110,1,000000,,,
2026,859,GMADA,2026-02-27 00:00:00,,,HOSP,5,1110104000,231400.0,FAE- PRESUPUESTO N° 3397710,G,0,2026-02-27 10:08:43,131,2,000000,,,
2026,956,GMADA,2026-03-06 00:00:00,,,GOB,2,1110102000,4750000.0,CORRESPONDE PREVISION COMBUSTIBLES DEL SALADO - SEC GOBIERNO,G,0,2026-03-06 08:24:58,110,SECGO,000000,,,
2026,861,GMADA,2026-02-27 00:00:00,,,INGPUB,19,1110112000,250000.0,Gomez Alberto Daniel,G,0,2026-02-27 10:46:37,110,1,000000,,,
2026,863,GMADA,2026-02-27 00:00:00,,,DEP,13,1110109000,2233674.52,Cirucci Silvia (Trofeos).Expte 129/2026,G,0,2026-02-27 11:39:06,110,9,000000,,,
2026,868,GMADA,2026-02-27 00:00:00,,,FARM,5,1110104000,7172480.0,VELIBO SUPPLIES S.A.S- PREUPUESTO N° 0001-00010771,G,0,2026-02-27 13:13:00,131,2,000000,,,
2026,954,GMADA,2026-03-06 00:00:00,,,HOSP,5,1110104000,43000.0, EXPEDIENTE 5/2025 CONTRATO SOMA S.A DEL 01/01/26 AL 30/06/2026 RECOLECCIÓN SERVICIOS RESIDUOS  PATOGENICOS - DIF ORDEN DE COMPRA N° 127,G,0,2026-03-06 07:20:38,131,2,000000,,,
2026,928,GMADA,2026-03-05 00:00:00,,,SECSEG,20,1110113000,240400.0,"MP repuestos, presupuestos 122-135-134-129 ( AB038FG-AE704AW-AB038FH)",G,0,2026-03-05 08:55:12,110,25,000000,,,
2026,933,GMADA,2026-03-05 00:00:00,,,SECSEG,20,1110113000,110322.8,"Electro Dannunzio, prespuesto 30268-30315 (COM)",G,0,2026-03-05 09:45:08,110,25,000000,,,
2026,972,GMADA,2026-03-07 00:00:00,,,HOSP,5,1110104000,6160000.0,"COMBUSTIBLES DEL SALADO. PREVISION DEL 01/03/26 AL 15/03/26.VEHICULOS HOSPITAL MUNICIPAL.DOMINIOS: EQM 605, FJX 453, KYV 365, JQS 879, AA 775 QW, PAA 334, AB 039 OI, AF 591 SU, AF 545 GL. AF 548 KJ.",G,0,2026-03-07 14:27:46,131,2,000000,,,
2026,932,GMADA,2026-03-05 00:00:00,,,SECSEG,20,1110113000,347100.0,"MP Repuestos, presupuestos 126-127 (jwg 930-ae704ax)",G,0,2026-03-05 09:38:38,110,25,000000,,,
2026,945,GMADA,2026-03-05 00:00:00,,,DEP,13,1110109000,7650.0,PRESUPUESTO N° 03888 - ALPA MADARIAGA- MATERIAL A UTILIZAR EN LA CONFECCION DE JUEGOS PROGRAMA NUESTROS ABUELOS,G,0,2026-03-10 11:00:02,132,9,000000,,,
2026,934,GMADA,2026-03-05 00:00:00,,,SECSEG,20,1110113000,487000.0,"Baterias La Primera, presupuesto 7001-7020-7000 ( jch069,lbn155,ae331iy)",G,0,2026-03-05 11:35:46,110,25,000000,,,
2026,1025,GMADA,2026-03-11 00:00:00,,,SECSEG,20,1110113000,242000.0,"Repuestos LC, presupuesto 000687 (AF747PM- AE704AW)",G,0,2026-03-11 11:35:10,110,25,000000,,,
2026,1077,GMADA,2026-03-17 00:00:00,,,BARU,25,1110118000,98000.0,"PRESUPUESTO 9341, MATAFUEGOS RUTA 11",N,0,2026-03-17 12:19:50,110,42,000000,,,
2026,1026,GMADA,2026-03-11 00:00:00,,,SECSEG,20,1110113000,809600.0,"Repuestos LC, presupuesto 000670 (taller del area)",G,0,2026-03-11 11:41:43,110,25,000000,,,
2026,581,GMADA,2026-02-05 00:00:00,,,ENV,7,1110106000,38750.0,"PRESUPUESTO N° X 0001- 00000785 / 00000787 / 00000796 de Arriola, María Teresa de ""MERCERIA EL DEDAL"" Para el taller de costura del Programa Envión",G,0,2026-02-05 10:04:13,132,CASA,000000,,,
2026,576,GMADA,2026-02-05 00:00:00,,,ENV,7,1110106000,75116.0,"PRESUPUESTO N° 00005935  de Silvia Beatriz Maistegui de ""PINTURERIA - FERRETERIA TODO COLOR"" Para el taller de carpintería del Programa Envión",G,0,2026-02-05 08:48:01,132,CASA,000000,,,
2026,579,GMADA,2026-02-05 00:00:00,,,JARD,7,1110106000,62720.0,"PRESUPUESTO N° X 0001-00000768 / 771 / 795 / 851  de Arriola, María Teresa de ""MERCERIA EL DEDAL"" Para la realización de adornos para celebración aniversario de la Casita",G,0,2026-02-05 09:37:57,132,JARDM,000000,,,
2026,583,GMADA,2026-02-05 00:00:00,,,ACCSOC,7,1110106000,2470000.0,Corresponde a Previsón de Combustible del Salado. Desarrollo Social,G,0,2026-02-06 06:58:34,110,4,000000,,,
2026,603,GMADA,2026-02-09 00:00:00,,,SEHA,19,1110112000,16200.0,Corresponde presupuesto N° 0002-00003870 - MATIENZO PAOLA,G,0,2026-02-09 09:13:12,110,26,000000,,,
2026,828,GMADA,2026-02-25 00:00:00,,,TERINT,5,1110104000,35900.0,ELECTRICIDAD EL GALLEGO- PRESUPUESTO N° 54899/54810,G,0,2026-02-25 10:43:04,131,2,000000,,,
2026,823,GMADA,2026-02-25 00:00:00,,,HOSP,5,1110104000,78549.86,ALPA- PRESUPUESTO N° 0002-00003880/3881 (DIRECCION- LABORATORIO),G,0,2026-02-25 10:15:04,131,2,000000,,,
2026,938,GMADA,2026-03-05 00:00:00,,,ACCSOC,7,1110106000,32500.0,"PRESUPUESTO de ""FERNANDO, MARTIN"" Para computadora de la oficina de género",G,0,2026-03-05 11:23:05,110,4,000000,,,
2026,826,GMADA,2026-02-25 00:00:00,,,HOSP,5,1110104000,151950.0,SERVIMED- PRESUPUESTO N° 7269/26 R,G,0,2026-02-25 10:31:44,131,2,000000,,,
2026,830,GMADA,2026-02-25 00:00:00,,,BROM,11,1110104000,282740.0,AGROVETERINARIA MARZULLO- PRESUPUESTO N° 0001-00001172/1173,G,0,2026-02-25 11:41:54,110,13,000000,,,
2026,829,GMADA,2026-02-25 00:00:00,,,HOSP,5,1110104000,94000.0,MARZULLO COMPUTACION- PRESUPUESTO N° 001-00001296 (ENFERMERIA),G,0,2026-02-25 10:53:50,131,2,000000,,,
2026,831,GMADA,2026-02-25 00:00:00,,,FARM,5,1110104000,38425000.0,CONCURSO DE PRECIOS 2026-  SOLUCIONES PARA LA FARMACIA DEL HOSPITAL,G,0,2026-02-25 12:02:20,131,2,000000,,,
2026,833,GMADA,2026-02-25 00:00:00,,,FARM,5,1110104000,5073395.0,QUALIMED- PRESUPUESTO N° 91,G,0,2026-02-25 12:33:03,131,2,000000,,,
2026,940,GMADA,2026-03-05 00:00:00,,,GRAN,7,1110106000,57112.0,"PRESUPUESTO N° 0003-00003620 de ""PINTURERIA CONCEPTO S. CAP 1"" Para pintar mástil en la granja de contención",G,0,2026-03-05 11:42:58,110,GRAN,000000,,,
2026,939,GMADA,2026-03-05 00:00:00,,,ACCSOC,7,1110106000,53970.66,"PRESUPUESTOS N° 00030270/30304 de Sucesión de D annunzio Jorge Neldo de ""ELECTRO D ANNUNZIO"" Para la oficina de Desarrollo Social (afuera)",G,0,2026-03-05 11:31:52,110,4,000000,,,
2026,942,GMADA,2026-03-05 00:00:00,,,ENV,7,1110106000,64800.0,"PRESUPUESTO N° X 6939051 de Garcia, Gladys de ""PANADERIA ALEM""",G,0,2026-03-05 12:10:22,132,JARDM,000000,,,
2026,970,GMADA,2026-03-07 00:00:00,,,HOSP,5,1110104000,654621.78,FARMACIA TONANI- PRESUPUESTO S/N° MEDICAMENTOS DISPENSADOS DESDE EL 3/12/25 AL 21/02/26,G,0,2026-03-07 09:35:26,131,2,000000,,,
2026,941,GMADA,2026-03-05 00:00:00,,,JARD,7,1110106000,249550.0,"PRESUPUESTO de Labatut, Marcelo de ""LA FRUTERIA"" Febrero 2026",G,0,2026-03-05 11:51:06,132,JARDM,000000,,,
2026,944,GMADA,2026-03-05 00:00:00,,,ACCSOC,7,1110106000,132000.0,"PRESUPUESTO N° X 6939054 de Garcia Gladys de ""PANADERIA ALEM"" Esfuerzo Solidario 2026",G,0,2026-03-05 12:13:06,132,4,000000,,,
2026,1010,GMADA,2026-03-11 00:00:00,,,ACCSOC,7,1110106000,990000.0,"PRESUPUESTO N° X 7390248 de Peyrano, Sergio de ""ATMOSFERICO LA PRIMERA""",G,0,2026-03-11 09:50:35,132,4,000000,,,
2026,586,GMADA,2026-02-05 00:00:00,,,PROD,14,1110108000,70000.0,PROV. FUMEGA EDUARDO- PRESUP. N°5201 - SEC PRODUCCION- SALA DE ELABORACION,G,0,2026-02-05 12:08:22,110,8,000000,,,
2026,704,GMADA,2026-02-12 00:00:00,,,CULTUR,6,1110105000,140000.0,CARLOS ARGENTINO LOMBERA PROVEEDOR N° 360,G,0,2026-02-13 08:22:50,110,5,000000,,,
2026,815,GMADA,2026-02-25 00:00:00,,,COC,5,1110104000,412137.0,PRESUPUESTO 981 MADA POY,G,0,2026-02-26 09:05:45,131,2,000000,,,
2026,817,GMADA,2026-02-25 00:00:00,,,HOSP,5,1110104000,76472.0,PRESUPUESTO 74562 INSTITUTO RADIOLOGICO S.R.L PACIENTE BIGORITO  MILAGROS CATALINA,G,0,2026-02-25 07:53:59,131,2,000000,,,
2026,816,GMADA,2026-02-25 00:00:00,,,HOSP,5,1110104000,2847000.0,PRESUPUESTO 30777 RAFAEL CIOFFI SERVICIO AUTOMOTOR AMBULANCIA DOMINIO PAA 334,G,0,2026-03-09 07:26:50,131,2,000000,,,
2026,958,GMADA,2026-03-06 00:00:00,,,CULTUR,6,1110105000,500000.0,SONIDO CD  CLAUDIO OSCAR DIAZ  FINAL FOLKLORE EN LOS BARRIOS  EXPTE 224/26,G,0,2026-03-06 08:44:45,110,5,000000,,,
2026,890,GMADA,2026-03-03 00:00:00,,,CULTUR,6,1110105000,1925000.0,CARLA MARTINEZ        PROGRAMACION INCAA,G,0,2026-03-03 09:00:19,110,CACUL,000000,,,
2026,922,GMADA,2026-03-05 00:00:00,,,PROD,14,1110108000,1350000.0, PROV. BARRAL LUIS FRANCISCO - PRESUP. N° 02/03/2026 - SEC PRODUCCION- FOTON AF591SL,G,0,2026-03-05 08:14:19,110,8,000000,,,
2026,923,GMADA,2026-03-05 00:00:00,,,PROD,14,1110108000,52500.0, PROV. HISPANOGRAF- SEC PRODUCCION-TALLER TEXTIL,G,0,2026-03-05 08:23:10,110,8,000000,,,
2026,943,GMADA,2026-03-05 00:00:00,,,SECSEG,20,1110113000,3029100.0,"Cesviauto, presupuesto (para colocar en el vehiculo ford ka que pertenecia a salud AC 548KJ)",G,0,2026-03-10 08:10:36,110,25,000000,,,
2026,1007,GMADA,2026-03-10 00:00:00,,,TURIS,6,1110105000,95000.0,Pasini refrigeracion - presupuestocon fecha10/03/26,G,0,2026-03-10 12:03:31,110,TURIS,000000,,,
2026,1055,GMADA,2026-03-13 00:00:00,,,CAS,3,1110111000,263000.0,Corresponde presupuesto N° 0000007003- RAMOS E ISIDRO,G,0,2026-03-13 08:50:24,131,6,000000,,,
2026,1056,GMADA,2026-03-13 00:00:00,,,CAS,3,1110111000,133090.0,Corresponde presupuesto N° 00008078 -00008242 IVAN PER,G,0,2026-03-13 09:32:45,131,6,000000,,,
2026,879,GMADA,2026-03-02 00:00:00,,,INTER,5,1110104000,495800.0,PRESUPUESTO 260226 LALOSECVICH  INSUMOS PARA INTERNACION - CAPS NORTE,G,0,2026-03-02 09:22:45,131,2,000000,,,
2026,643,GMADA,2026-02-11 00:00:00,,,CULTUR,6,1110105000,1800000.0,GUSTAVO ADOLFO FARIAS,G,0,2026-02-26 10:46:27,110,5,000000,,,
2026,876,GMADA,2026-03-02 00:00:00,,,HOSP,5,1110104000,894161.0,MAXIMO PINASCO S.A PRESUPUESTO 1000354096 SERVICE MINIBUS AF591SU,G,0,2026-03-02 09:05:35,131,2,000000,,,
2026,937,GMADA,2026-03-05 00:00:00,,,ENV,7,1110106000,22869.0,"PRESUPUESTO N° 1866 de ""HISPANOGRAF"" Certificados del curso de barbería",G,0,2026-03-05 11:19:55,132,4,000000,,,
2026,926,GMADA,2026-03-05 00:00:00,,,CULTUR,6,1110105000,78600.0,ELECTRICIDAD EL GALLEGO   PRESUP. N° 54883,G,0,2026-03-05 08:38:11,110,5,000000,,,
2026,594,GMADA,2026-02-09 00:00:00,,,000SU,25,1110118000,65000.0,PROV.DUENDE AZUL PRESUP.2642 COMISION A LA PLATA REPUSTOS PARA VEHICULOS,G,0,2026-02-09 07:40:42,110,3,000000,,,
2026,595,GMADA,2026-02-09 00:00:00,,,000SU,25,1110118000,163971.0,PROV.MAISTEGUI SILVIA 5923 ARTICULOS DE FERRETERIA PARA REPARACIONS EN CORRALON MUNICIPAL CAMION OOI617 LAN 557,G,0,2026-02-09 07:55:22,110,3,000000,,,
2026,597,GMADA,2026-02-09 00:00:00,,,DECI,25,1110118000,563612.0,"PROV.SILVIA MAISTEGUI PRESUP.5936 ARTICULOS DE FERRETERIA PARA BANCOS DE PLAZA,FUENTE DEL BICENTENARIO REPARACION DE COLUMNAS DE ALUMBRADO MOTOR PARA BOMBEADOR DE ESTADIO MUNICIPAL",G,0,2026-02-09 08:30:08,110,DEFCI,000000,,,
2026,596,GMADA,2026-02-09 00:00:00,,,000SU,25,1110118000,161600.0,"PROV.DANIEL ZUBIARRAIN PRESUP.3043 REPUESTOS PARA OOI617,PPU739",G,0,2026-02-09 08:00:11,110,3,000000,,,
2026,604,GMADA,2026-02-09 00:00:00,,,DECI,25,1110118000,64146.0,PROV.SILVIA MAISTEGUI PRESUP.5933 ARTICULOS DE FERRETERIA PARA  ARREGLO DE FAROLAS CALLE 33 REMPLAZO DE COLUMNAS,G,0,2026-02-09 09:25:10,110,DEFCI,000000,,,
2026,599,GMADA,2026-02-09 00:00:00,,,000SU,25,1110118000,78000.0,PROV. HISPANOGRAF PRESUP.1859 CARTELES PARA BADEN DE CALLE,G,0,2026-02-09 08:39:48,110,3,000000,,,
2026,1066,GMADA,2026-03-14 00:00:00,,,HOGANC,5,1110104000,502050.0,MADA POY S.A- PRESUPUESTO N° 0001-00000989 (SEMANA DESDE EL 6/03/26 AL 13/06/26),G,0,2026-03-14 10:53:55,131,2,000000,,,
2026,607,GMADA,2026-02-09 00:00:00,,,DECI,25,1110118000,199954.0,PROV.SILVIA MAISTEGUI PRESUP.5925 PARA ARREGLOS GENERALES DEFENSA CIVIL,G,0,2026-02-09 10:29:31,110,DEFCI,000000,,,
2026,609,GMADA,2026-02-09 00:00:00,,,000SU,25,1110118000,1068795.02,PROV. AMERICAN VIAL PRESUP.5609  FILTROS PARA WECAM X650  EPK06,G,0,2026-02-09 10:54:23,110,3,000000,,,
2026,820,GMADA,2026-02-25 00:00:00,,,PROD,14,1110108000,1660000.0,PROV.COMBUSTIBLE DEL SALADO- SEC PRODUCCION- PREVISION,G,0,2026-02-25 09:25:44,110,8,000000,,,
2026,841,GMADA,2026-02-26 00:00:00,,,COC,5,1110104000,310500.0,PRESUPUESTO AVICOLA DEL TUYU ANDERS VICTOR REMITOS 30048 - 30063 - 31125 - 31134,G,0,2026-02-26 09:03:45,131,2,000000,,,
2026,875,GMADA,2026-03-02 00:00:00,,,CASA,6,1110105000,74572.88,PINTURERIA CONCEPTO,G,0,2026-03-02 08:32:23,110,CACUL,000000,,,
2026,1011,GMADA,2026-03-11 00:00:00,,,DECI,25,1110118000,388000.0,PROV. LUIS LOMBARDIA PRESUP.0064 INSUMOS Y REPUESTOS PARA MAQUINAS CORTA PASTO MOTOGUADAÑA,G,0,2026-03-11 10:16:45,110,3,000000,,,
2026,1018,GMADA,2026-03-11 00:00:00,,,000SU,25,1110118000,775000.0,PROV.LUIS LOMBARDIA PRESP.0063 INSUMOS PARA MAQUINAS CORTA PASTO,G,0,2026-03-11 11:08:02,110,,,,,
2026,1014,GMADA,2026-03-11 00:00:00,,,000SU,25,1110118000,304800.0,PROV. LUIS LOMBARDIA PRESP.0066 REPUSTOS PARA MOTOGUADAÑAS Y MOTOSIERRA,G,0,2026-03-11 10:27:51,110,DEFCI,000000,,,
2026,1063,GMADA,2026-03-14 00:00:00,,,FARM,5,1110104000,2625900.0,SORRENTINO S.A- PRESUPUESTO 09/03/26,G,0,2026-03-14 10:44:09,131,2,000000,,,
2026,1072,GMADA,2026-03-16 00:00:00,,,ACCSOC,7,1110106000,149800.0,"PRESUPUESTO N° 0001-00002958 / 2959  de Carlos Alberto Ochoa, de ""PANADERIA LA UNION"" Esfuerzo Solidario",N,0,2026-03-16 12:22:21,132,4,000000,,,
2026,1065,GMADA,2026-03-14 00:00:00,,,HOSP,5,1110104000,1242147.0,MADA POY S.A- PRESUPUESTO N° 0001-00000990 (SEMANA DEL 6/03 AL 13/03/26),G,0,2026-03-14 10:50:46,131,2,000000,,,
2026,1075,GMADA,2026-03-16 00:00:00,,,ENV,7,1110106000,224500.0,"PRESUPUESTO N° X 6926957 de Rost, Tamara de ""FRUTERIA NEGRIN"" taller de cocnina y Desayuno de los chicos del Programa Envión",N,0,2026-03-17 07:05:16,132,CASA,000000,,,
2026,1071,GMADA,2026-03-16 00:00:00,,,ACCSOC,7,1110106000,105000.0,"PRESUPUESTO N° 0001-00003116 de Carlos Alberto Ochoa de ""PANADERÍA LA UNION"" Esfuerzo Solidario",N,0,2026-03-16 11:56:03,132,4,000000,,,
2026,1074,GMADA,2026-03-16 00:00:00,,,ACCSOC,7,1110106000,195500.0,"PRESUPUESTO N° 00000085 de Gonzalo A. Bustamante de ""TODO POLLO""Esfuerzo Solidario",N,0,2026-03-16 12:27:22,132,4,000000,,,
2026,580,GMADA,2026-02-05 00:00:00,,,DEP,13,1110109000,500000.0,PREVICION  MARCELO LABATUT,G,0,2026-02-05 09:53:56,110,9,000000,,,
2026,578,GMADA,2026-02-05 00:00:00,,,DEP,13,1110109000,70000.0,PRESUPUESTO N° 6978 - PRESUPUESTO N° 6987- BATERIAS LA PRIMERA - ACEITE QUEMADO PARA PINTAR QUEBRACHOS DEL PARQUE ANCHORENA,G,0,2026-02-12 07:32:00,110,9,000000,,,
2026,742,GMADA,2026-02-18 00:00:00,,,HOSP,5,1110104000,24000000.0,EXPEDIENTE 463/26 SOLICITUD CONTRATO HEALTCHARE SOLUTIONS del 01/01/26 al 30/06/2026,G,0,2026-02-18 11:04:36,131,2,000000,,,
2026,582,GMADA,2026-02-05 00:00:00,,,DEP,13,1110109000,9600.0,PRESUPUESTO TERRANOVA QUIMICA N 1026,G,0,2026-02-05 10:09:45,110,9,000000,,,
2026,976,GMADA,2026-03-09 00:00:00,,,DEP,13,1110109000,140000.0,PREUSPUESTO S/N TISERA SANITARIOS PORTATILES - ALQUILER BAÑOS CARRERA DE LA MUJER,G,0,2026-03-10 12:35:48,110,9,000000,,,
2026,989,GMADA,2026-03-09 00:00:00,,,DEP,13,1110109000,128380.0,PRESUPUESTO N° 5950 - FERRETERIA TODO COLOR - MATERIALES PARA REACONDICIONAMIENTO ESPACIO PROGRAMA NUESTROS ABUELOS,G,0,2026-03-12 10:18:12,210,9,000100,,,
2026,977,GMADA,2026-03-09 00:00:00,,,DEP,13,1110109000,136971.0,PRESUPUESTO N° 7202 - FERRETERIA TODO COLOR - REACONDICIONAMIENTO PARA PROGRAMA ABUELOS,G,0,2026-03-09 09:49:48,110,9,000000,,,
2026,1041,GMADA,2026-03-12 00:00:00,,,DEP,13,1110109000,250000.0,PREVISION S/N MARCELO LABATUT - FRUTAS PARA ENTRAGAR A CORRERDORES EN CARRERA DE LA MUJER,G,0,2026-03-12 12:16:06,110,9,000000,,,
2026,696,GMADA,2026-02-12 00:00:00,,,COC,5,1110104000,414000.0,"LAS MARIAS GRANJA AVICOLA - PRESUPUESTOS N° 27962, 27967, 27971, 27974, 27963 Y 27975 (COCINA Y HOGAR HOSPITAL)",G,0,2026-02-12 11:32:44,131,2,000000,,,
2026,574,GMADA,2026-02-04 00:00:00,,,DEP,13,1110109000,850000.0,PRESUPUESTO COTTINI CARLOS MARTIN - 5 MILLAS NOCTURNAS,G,0,2026-02-05 07:11:26,110,9,000000,,,
2026,693,GMADA,2026-02-12 00:00:00,,,COC,5,1110104000,4345200.0,LA FRUTERIA - PRESUPUESTO  del 01/01/26 al 31/01/26,G,0,2026-02-12 11:23:22,131,2,000000,,,
2026,698,GMADA,2026-02-12 00:00:00,,,LAB,5,1110104000,380739.98,UNO ELECTROMEDICINA - PRESUPUESTO N° 3-15020,G,0,2026-02-12 11:35:42,131,2,000000,,,
2026,695,GMADA,2026-02-12 00:00:00,,,COC,5,1110104000,3925625.0,LA FRUTERIA - PRESUPUESTO DEL 01/01/2026 AL 31/01/2026,G,0,2026-02-12 11:30:42,131,2,000000,,,
2026,703,GMADA,2026-02-12 00:00:00,,,INTIM,19,1110112000,34500.0,"Matienzo Paola, presupuesto 00003878",G,0,2026-02-12 11:10:27,110,1,000000,,,
2026,697,GMADA,2026-02-12 00:00:00,,,LAB,5,1110104000,1431762.63,RADIOGRAFICAOESTE - PRESUPUESTO N° 100052677,G,0,2026-02-12 11:35:03,131,2,000000,,,
2026,714,GMADA,2026-02-13 00:00:00,,,SEHA,19,1110112000,130000.0,"Fumega Eduardo,presupuesto 535",G,0,2026-02-13 09:30:16,110,1,000000,,,
2026,699,GMADA,2026-02-12 00:00:00,,,000SU,25,1110118000,98000.0,PROV.JOSE CORREA PRESUP.0209 REPARACION DE INSTALACION ELECTRICA EN CORRALON MUNICIPAL,G,0,2026-02-12 10:31:14,110,3,000000,,,
2026,712,GMADA,2026-02-13 00:00:00,,,PRESID,8,1110200000,130000.0,"Fumega Eduardo,presuesto 537",G,0,2026-02-18 09:52:51,110,1,000000,,,
2026,715,GMADA,2026-02-13 00:00:00,,,GOBHAC,2,1110102000,295000.0,"Fumega Eduardo,presupuesto 536",G,0,2026-02-13 09:39:01,110,1,000000,,,
2026,719,GMADA,2026-02-13 00:00:00,,,DEP,13,1110109000,504900.0,Expte 129/26 Edición de Rally pagos del Tuyo 2026.Sodor Pablo,G,0,2026-02-13 11:13:44,110,9,000000,,,
2026,783,GMADA,2026-02-23 00:00:00,,,INTER,5,1110104000,450000.0,PRESUPUESTO JOSE MARZULLO SECRETARIA INTERNACION,G,0,2026-02-23 13:12:12,131,2,000000,,,
2026,718,GMADA,2026-02-13 00:00:00,,,FARM,5,1110104000,3048039.07,PRESUPUESTO 13/02/26 ´PILOÑA,G,0,2026-02-25 10:50:37,131,2,000000,,,
2026,721,GMADA,2026-02-13 00:00:00,,,PO,5,1110104000,200000.0,PRESUPUESTO 000374 CATALDO ADOLFO REPARACION COMPRESOR PLANTA OXIGENO Nº 2,G,0,2026-02-13 11:23:22,131,2,000000,,,
2026,780,GMADA,2026-02-23 00:00:00,,,PO,5,1110104000,180000.0,CATALDO ADOLFO E HIJOS PRESUPUESTO 000373,G,0,2026-02-23 11:44:07,131,2,000000,,,
2026,724,GMADA,2026-02-13 00:00:00,,,LAB,5,1110104000,484803.98,PRESUPUESTO 0000100052481 RADIOGRAFICA OESTE,G,0,2026-02-13 11:40:23,131,2,000000,,,
2026,880,GMADA,2026-03-02 00:00:00,,,PO,5,1110104000,94095.28,CENTRO HIERRO- PRESUPUESTO N° 11-7791,G,0,2026-03-05 09:46:20,131,2,000000,,,
2026,782,GMADA,2026-02-23 00:00:00,,,QUI,5,1110104000,119000.0,PRESUPUESTO  OXI - REF  SANTIAGO PEREZ,G,0,2026-02-23 13:09:08,131,2,000000,,,
2026,877,GMADA,2026-03-02 00:00:00,,,QUI,5,1110104000,19000.0,EL ARGENTINO- PRESUPUESTO N° 556,G,0,2026-03-02 09:06:10,131,2,000000,,,
2026,975,GMADA,2026-03-09 00:00:00,,,DEP,13,1110109000,271146.0,PRESUPUESTO N° 7201 - FERRETERIA TODO COLOR - MATERIALES PARA REACONDICIONAMIENTO ESPACIO PROGRAMA ABUELOS,G,0,2026-03-09 09:04:56,110,9,000100,,,
2026,878,GMADA,2026-03-02 00:00:00,,,HOSP,5,1110104000,131969.53,EL CENTRO DEL KINESIOLOGO- PRESUPUESTO S/N° 26/02/26,G,0,2026-03-02 09:20:02,131,2,000000,,,
2026,887,GMADA,2026-03-02 00:00:00,,,FARM,5,1110104000,7192684.39,VELIBO SUPPLIES S.A.S- PRESUPUESTO N° 0001-00010772,N,0,2026-03-03 09:26:32,131,2,000000,,,
2026,881,GMADA,2026-03-02 00:00:00,,,FARM,5,1110104000,4900407.05,PILOÑA- PRESUPUESTO N° 1646764,G,0,2026-03-02 10:17:02,131,2,000000,,,
2026,894,GMADA,2026-03-03 00:00:00,,,PROD,14,1110108000,400000.0, PROV. MARC ALICIA BEATRIZ - PRESUP. 03/03/2026- SEC PRODUCCION-,G,0,2026-03-03 10:14:04,110,8,000000,,,
2026,955,GMADA,2026-03-06 00:00:00,,,ACCSOC,7,1110106000,165000.0,Presupuesto N°1-459157 nUCLEO MDP GRUPO NUCLEO-para Area de Prestaciones,G,0,2026-03-06 07:21:37,110,4,000000,,,
2026,983,GMADA,2026-03-09 00:00:00,,,DEP,13,1110109000,151247.0,PRESUPUESTO N° 7206 - FERRETERIA TODO COLOR -MATERIALES PARA MEJORAS ANTE EVENTOS DEPORTIVOS,G,0,2026-03-09 10:50:17,110,9,000000,,,
2026,994,GMADA,2026-03-09 00:00:00,,,PROD,14,1110108000,800000.0,PROV MADRID MIGUEL ANGEL- PRESUP 12/02/26-SEC PRODUCCION-,G,0,2026-03-10 10:48:56,110,8,000000,,,
2026,588,GMADA,2026-02-05 00:00:00,,,DEP,13,1110109000,15900.0,Presupuesto N 4481 Electricidad El Gallego,G,0,2026-02-05 12:29:58,110,9,000000,,,
2026,587,GMADA,2026-02-05 00:00:00,,,DEP,13,1110109000,42000.0,PRESUPUESTO ALUCOR REMITO N 0880 PRESUPUESTO N 0879 -  PARA ARMADO DE RECONOCIMIENTOS A ENTREGAR A DEPORTISTAS,G,0,2026-02-12 07:35:45,110,9,000000,,,
2026,628,GMADA,2026-02-10 00:00:00,,,CULTUR,6,1110105000,1700000.0,SAMUEL CALANDRON        CARNAVAL 2026,G,0,2026-02-10 11:07:41,110,5,000000,,,
2026,667,GMADA,2026-02-11 00:00:00,,,SECSEG,20,1110113000,8125.6,"Electro Dannunzio, presupuestos 30163 (inspeccion)",G,0,2026-02-11 10:15:35,110,25,000000,,,
2026,626,GMADA,2026-02-10 00:00:00,,,CULTUR,6,1110105000,1050000.0,MATIAS LIGARI     CARNAVAL 2026,G,0,2026-02-10 10:57:40,110,5,000000,,,
2026,659,GMADA,2026-02-11 00:00:00,,,SECSEG,20,1110113000,440000.0,"Ricciuto, presupouesto 020 (jch 069)",G,0,2026-02-11 09:45:30,110,25,000000,,,
2026,775,GMADA,2026-02-23 00:00:00,,,FARM,5,1110104000,260976.16,DROGUERIA ALBERDI S.A- PRESUPUESTO N° 26/01/2026,G,0,2026-02-23 09:02:20,131,2,000000,,,
2026,661,GMADA,2026-02-11 00:00:00,,,SECSEG,20,1110113000,337800.0,"Carpinteria San Sebastian, presupuesto 060 (escalera COM)",G,0,2026-02-11 09:50:20,110,25,000000,,,
2026,668,GMADA,2026-02-11 00:00:00,,,HOGANC,5,1110104000,17600.0,PENACCA SRL PRESUPUESTO 2164,G,0,2026-02-11 10:34:16,131,H.ANC,000000,,,
2026,755,GMADA,2026-02-19 00:00:00,,,18C,25,1110118000,15000.0,PROV. BARRACA MARIBEL PRESUP.0262  REPUESTO PARA MOTOGUADAÑA,G,0,2026-02-19 10:35:07,110,7,000000,,,
2026,670,GMADA,2026-02-11 00:00:00,,,SECSEG,20,1110113000,811100.0,"Frenos Madariaga, presupuesto 093 (AW704AX- OIG911-AF747PM)",G,0,2026-02-11 10:45:36,110,25,000000,,,
2026,813,GMADA,2026-02-24 00:00:00,,,DEP,13,1110109000,3501000.0,"PRESUPUESTO 000, FED REG DE AUT DEP MAR Y SIERRA",G,0,2026-02-24 12:36:52,110,9,000000,,,
2026,794,GMADA,2026-02-24 00:00:00,,,LAB,5,1110104000,4024482.54,UNO ELECTROMEDICINA- PRESUPUESTO N° 00003-00015081/15094 (LABORATORIO DE IMAGENES),G,0,2026-02-24 08:41:43,131,2,000000,,,
2026,776,GMADA,2026-02-23 00:00:00,,,FARM,5,1110104000,1186830.0,DROGUERIA AZCUENAGA - PRESUPUESTO N° 200056152,G,0,2026-02-23 09:31:14,131,2,000000,,,
2026,801,GMADA,2026-02-24 00:00:00,,,FARM,5,1110104000,4167621.15,NOVAFARMA- PRESUPUESTO N° 23/02/2026,G,0,2026-02-24 09:19:48,131,2,000000,,,
2026,802,GMADA,2026-02-24 00:00:00,,,HOSP,5,1110104000,170000.0,OPAZO DANIEL- PRESUPUESTO N° 20/02/2026 ( LABORATORIO- PLANTA DE OXIGENO- INTERNACION),G,0,2026-02-24 10:42:43,131,2,000000,,,
2026,804,GMADA,2026-02-24 00:00:00,,,FARM,5,1110104000,3942134.28,PILOÑA- PRESUPUESTO N° 5/02/2026,G,0,2026-02-24 11:16:32,131,2,000000,,,
2026,807,GMADA,2026-02-24 00:00:00,,,BROM,11,1110104000,8000.0,ALPA- PRESUPUESTO N° 0002-00003869,G,0,2026-02-24 11:30:29,110,13,000000,,,
2026,832,GMADA,2026-02-25 00:00:00,,,HOSP,5,1110104000,833000.0,PANADERIA ALEM - PRESUPUESTO N° 1342395 (HOGAR Y HOSPITAL),G,0,2026-02-25 12:10:07,131,2,000000,,,
2026,848,GMADA,2026-02-26 00:00:00,,,FARM,5,1110104000,287048.13,INSUMOS GENERALES 3 F- PRESUPUESTO N° 25/02/2026,G,0,2026-02-26 13:36:03,131,2,000000,,,
2026,918,GMADA,2026-03-04 00:00:00,,,OPP,3,1110103000,7900000.0,"Exp.:507/26 Sol. Reparacion de Cubierta de EP Nº17 ""9 de Julio de 1986"" del Paraje Medaland - Prov.:Baigorria Gonzalo Ezequiel (3540) - Presup.:Contrato",G,0,2026-03-04 10:52:24,132,35,000000,,,
2026,652,GMADA,2026-02-11 00:00:00,,,DEP,13,1110109000,250000.0,PREUSPUESTO N° 1181 - L.R.B  ELECTRICIDAD AUTOMOTOR - ARRANQUE IVECO AB603TW,G,0,2026-02-12 07:28:48,110,9,000000,,,
2026,650,GMADA,2026-02-11 00:00:00,,,DEP,13,1110109000,193682.0,PRESUPUESTO N° 1027 - CASA HARISGARAT - REPARACIONES ESTADIO MUNICIPAL,G,0,2026-02-11 09:19:24,110,9,000000,,,
2026,744,GMADA,2026-02-18 00:00:00,,,DMACED,2,1110102000,179000.0,"PRESUPUESTO 9748501, BALLETTO JUAN",G,0,2026-02-18 12:51:34,110,DMACE,000000,,,
2026,701,GMADA,2026-02-12 00:00:00,,,OPP,3,1110103000,3500000.0,Exp.:699/25 Sol. Reparaciones p/ Oficina de Medio Ambiente - Prov.:Solari Federico - Presup.:Contrato,G,0,2026-02-12 10:50:07,110,35,000000,,,
2026,733,GMADA,2026-02-18 00:00:00,,,SEHA,19,1110112000,100000.0,"PRESUPUESTO 377, CATALDO ADOLFO",G,0,2026-02-18 07:38:39,110,1,000000,,,
2026,953,GMADA,2026-03-06 00:00:00,,,000SU,25,1110118000,180500.0,"PROV. F.A.E.  PRESUP.1549,7711 BOLSA DE RESIDUOS PARA VIVERO MUNICIPAL Y MEDIO AMBIENTE",G,0,2026-03-06 08:29:17,110,17,000000,,,
2026,737,GMADA,2026-02-18 00:00:00,,,DECI,25,1110118000,292000.0,PROV. AGROVETERINARIA MARZULLO PRESUP.1168 INSECTISIDA PARA  ESPACIOS PÚBLICOS,G,0,2026-02-18 09:18:44,110,3,000000,,,
2026,1030,GMADA,2026-03-12 00:00:00,,,000SU,25,1110118000,543500.0,PROV. LUIS LOMBARDIA PRESUP.0061 REPEUSTOS E ISUMOS PARA MAQUINAS CORTA PASTO,G,0,2026-03-12 07:34:25,110,3,000000,,,
2026,736,GMADA,2026-02-18 00:00:00,,,DECI,25,1110118000,160000.0,PROV.I DE ARTE ARTISTICA PRESP.03/02/2026 CARTEL DE INGRESO EN PELLEGRINI,G,0,2026-02-18 08:43:05,110,3,000000,,,
2026,921,GMADA,2026-03-05 00:00:00,,,000SU,25,1110118000,770000.0,PROV. RUBEN BASTONS PRESUP.0146 LONA PARA CAMION VW 17260 AF497IJ,G,0,2026-03-05 07:34:25,110,3,000000,,,
2026,1029,GMADA,2026-03-12 00:00:00,,,000SU,25,1110118000,630894.0,PROV.PROCAM ITURRARTE GUSTAVO PRESUP.1623 PARA FORD 14000 AWK675,G,0,2026-03-12 07:26:33,110,3,000000,,,
2026,1040,GMADA,2026-03-12 00:00:00,,,ACCSOC,7,1110106000,340000.0,"Expte N° 709/2026 Renovación de contrato . Sr. Lopéz, Luis Miguel - Barbero - Programa Envión",G,0,2026-03-12 10:52:41,132,4,000000,,,
2026,1038,GMADA,2026-03-12 00:00:00,,,ACCSOC,7,1110106000,710717.6,"Expte N° 441/2026 Renovación de contrato. Sr. Muscia Caldarella, Gian Franco - Operador Social Servicio Local -  No cumple con el Art. 45 de la Ley 14.656",G,0,2026-03-12 10:39:08,131,4,000000,,,
2026,1036,GMADA,2026-03-12 00:00:00,,,DEP,13,1110109000,12600.0,PRESUPUESTO N° 1072 - CASA HARISGARAT - ARENA PARA RELLENADO DE CANCHA DE TEJO PROGRAMA NUESTROS ABUELOS,G,0,2026-03-12 10:01:19,132,32,000000,,,
2026,1031,GMADA,2026-03-12 00:00:00,,,DEP,13,1110109000,450000.0,PRESUPUESTO N° 3101 - SIP EVENTOS - SONIDO PARA LOCUCION Y MUSICALIZACION EN LA  XI EDICON DE LA CARRERA DE LA MUJER,G,0,2026-03-12 08:53:31,110,9,000000,,,
2026,1032,GMADA,2026-03-12 00:00:00,,,DEP,13,1110109000,15300.0,PRESPUESTO N° 20042 - PAPELERA ALPA MADARIAGA - VASOS PARA HIDRATACION CARRERA DE LA MUJER,G,0,2026-03-12 09:01:50,110,9,000000,,,
2026,971,GMADA,2026-03-07 00:00:00,,,COC,5,1110104000,830283.53,PRESUPUESTO 2095  REMITO 975 03/01/26 - PRESUPUESTO 2096 - REMITO 968 10/01/2026 PRESUPUESTO 2093 REMITO 967 17/01/2026,G,0,2026-03-09 07:23:23,131,2,000000,,,
2026,995,GMADA,2026-03-10 00:00:00,,,DEP,13,1110109000,16150.0,PRESUPUESTO N° 8131 - IVANPER - REPUESTO PARA REPARACION ELECTRICA IVECO AB603TW,G,0,2026-03-10 07:34:17,110,9,000000,,,
2026,1001,GMADA,2026-03-10 00:00:00,,,DEP,13,1110109000,3323000.0,Previcion sin  N / COMBUSTIBLE DEL SALADO YPF /diferentes trabajos y logistica del año,G,0,2026-03-13 12:32:47,110,13,000000,,,
2026,1009,GMADA,2026-03-10 00:00:00,,,GOBHAC,2,1110102000,172800.0,"PRESUPUESTO 0004,EMPRESA DE TRANSPORTE 12 DE OCTUBRE",G,0,2026-03-10 12:52:20,110,1,000000,,,
2026,1020,GMADA,2026-03-11 00:00:00,,,GOBHAC,2,1110102000,800000.0,PREVISION PARA DISTINTAS ACTIVIDADES DURANTE EL AÑO,G,0,2026-03-11 10:47:34,110,1,000000,,,
2026,1053,GMADA,2026-03-13 00:00:00,,,MAYOR,2,1110102000,656400.0,"PRESUPUESTO 1036, TERRANOVA LUCAS HERNAN",G,0,2026-03-13 08:31:21,110,37,000000,,,
2026,1054,GMADA,2026-03-13 00:00:00,,,MAYOR,2,1110102000,1039354.3,"PRESUPUESTO 83, CORREA LORENTE JUAN MARTIN",G,0,2026-03-13 08:41:37,110,37,000000,,,
2026,845,GMADA,2026-02-26 00:00:00,,,ACCSOC,7,1110106000,8042585.0,"PRESUPUESTO N° X 00000040 de Lo coco, Marcelo Alejandro de ""TODO COLOR""",G,0,2026-02-27 12:20:20,132,4,000000,,,
2026,843,GMADA,2026-02-26 00:00:00,,,ACCSOC,7,1110106000,710717.6,Expte N° 441/2026 Contrato: Muscia Caldarella Gian Franco - Operador Social Servicio Local. No cumple con el Art. 45 de la Ley 14.656,G,0,2026-02-26 10:21:58,131,4,000000,,,
2026,846,GMADA,2026-02-26 00:00:00,,,ACCSOC,7,1110106000,13000.0,"PRESUPUESTO N° X  021422 de Marina Irene Pinilla de ""PROVEDURIA LA ILUSION"" Para la oficina del Equipo de Violencias",G,0,2026-02-26 11:04:30,110,4,000000,,,
2026,974,GMADA,2026-03-09 00:00:00,,,LAB,5,1110104000,2698667.97,UNO ELECTROMEDICINA- PRESUPUESTO N° 00003-00015228 (LABORATORIO DE ANALISIS),G,0,2026-03-09 08:42:51,131,2,000000,,,
2026,847,GMADA,2026-02-26 00:00:00,,,GRAN,7,1110106000,9700.0,"PRESUPUESTO N° 001033 de Terranova Lucas Hernán de ""TERRANOVAQUIMICA"" Para uso de la granja de contención",G,0,2026-02-26 11:08:31,110,GRAN,000000,,,
2026,1069,GMADA,2026-03-16 00:00:00,,,SECSEG,20,1110113000,79500.0,"Grupo Nucleo, presupuesto 239915 (inspeccion)",G,0,2026-03-16 09:34:15,110,25,000000,,,
2026,606,GMADA,2026-02-09 00:00:00,,,CAS,3,1110111000,820000.0,"PRESUPUESTO 1179/1184/1186/1173, BOGADO LEANDRO RUBEN",G,0,2026-02-09 09:52:02,131,6,000000,,,
2026,571,GMADA,2026-02-04 00:00:00,,,INTER,5,1110104000,368508.33,Copia de 2026/527 PRESUPUESTO 9689 SAGITARIO,N,0,2026-02-04 12:07:56,131,2,000000,,,
2026,624,GMADA,2026-02-10 00:00:00,,,BA,6,1110105000,14000.0,"PRESUPUESTO 11247299, BALLETTO URRUTIA JUAN",G,0,2026-02-10 10:12:45,110,29,000000,,,
2026,683,GMADA,2026-02-12 00:00:00,,,18C,25,1110118000,100000.0,"PROV.CASA HARISGARAT PRESUP.1025,1031,1022,1034,1036 PARA ARREGLOS EN CEMENTERIO, CORRALON MUNICIPAL Y CORDON DE CALLES ALEM Y VENEZUELA",G,0,2026-02-12 07:30:01,110,7,000000,,,
2026,621,GMADA,2026-02-10 00:00:00,,,MUSH,6,1110105000,95000.0,"PRESUPUESTO 11247298, BALLETTO URRUTIA JUAN",G,0,2026-02-10 08:46:34,110,29,000000,,,
2026,682,GMADA,2026-02-12 00:00:00,,,000SU,25,1110118000,44370.2,PROV.ELECTRO DANNUNZIO PRESUP.30143 PARA CORRALON MUNICIPAL,G,0,2026-02-12 07:15:16,110,3,000000,,,
2026,629,GMADA,2026-02-10 00:00:00,,,CULTUR,6,1110105000,250000.0,"PRESUPUESTO 000, PROST EMILIANO AGUSTIN",G,0,2026-02-10 11:44:24,110,5,000000,,,
2026,732,GMADA,2026-02-18 00:00:00,,,000SU,25,1110118000,250000.0,PROV.JOSE ANGEL FERNADEZ PRESUP.0073 REPARACION DE RADIADOR  MINICARDORA MUSTANG BMV14,G,0,2026-02-18 07:37:12,110,3,000000,,,
2026,716,GMADA,2026-02-13 00:00:00,,,GOB,2,1110102000,59000.0,Corresponde presupuesto N° 0001-00000390 FERRARO LILIANA N.,G,0,2026-02-13 10:19:06,110,37,000000,,,
2026,717,GMADA,2026-02-13 00:00:00,,,CAS,3,1110111000,133294.0,CORRESPONDE PRESUPUESTO N° 0001-00000846 - C.A.S.E.R,G,0,2026-02-13 11:08:01,131,6,000000,,,
2026,677,GMADA,2026-02-11 00:00:00,,,COC,5,1110104000,52122.0,"ELECTRO DANNUNZIO - PRESUPUESTO N° 30100 (COCINA, INTERNACION HOSPITAL)",G,0,2026-02-12 08:03:01,131,2,000000,,,
2026,676,GMADA,2026-02-11 00:00:00,,,FARM,5,1110104000,209462.06,INSUMOS GENERALES - PRESUPUESTO S/N FECHA 2/2/2026,G,0,2026-02-12 08:02:15,131,2,000000,,,
2026,678,GMADA,2026-02-11 00:00:00,,,HOGANC,5,1110104000,6500.0,SANTA PAULA - PRESUPUESTO N° 1-2180,G,0,2026-02-12 08:03:42,131,H.ANC,000000,,,
2026,885,GMADA,2026-03-02 00:00:00,,,DEP,13,1110109000,2000000.0,PREVISION SIN N°  - ATREUCO PUEL S.A -  ABASTECIMIENTO ANUAL DE COMBIS SECRETARIA DE DEPORTES,G,0,2026-03-02 11:28:50,110,9,000000,,,
2026,1076,GMADA,2026-03-17 00:00:00,,,SECSEG,20,1110113000,547888.0,"Artec, presupuesto 10054 (COM)",N,0,2026-03-17 11:09:32,110,25,000000,,,
2026,834,GMADA,2026-02-25 00:00:00,,,CONTRA,19,1110112000,30121.0,"PRESUPUESTO 30086, SUC DANNUNZIO JORGE",G,0,2026-02-25 12:38:54,110,CONTR,000000,,,
2026,840,GMADA,2026-02-26 00:00:00,,,DEP,13,1110109000,850000.0,"PRESUPUESTO 000, CASTRO PATRICIO DANIEL",G,0,2026-02-26 09:00:43,110,9,000000,,,
2026,865,GMADA,2026-02-27 00:00:00,,,INT,1,1110101000,18000.0,"PRESUPUESTO 7018, RAMOS-ISIDRO",G,0,2026-02-27 12:45:42,110,1,000000,,,
2026,842,GMADA,2026-02-26 00:00:00,,,DEP,13,1110109000,120000.0," PRESUPUESTO 000, VILLALIBRE JOSE",G,0,2026-02-26 09:04:27,110,9,000000,,,
2026,852,GMADA,2026-02-27 00:00:00,,,DEP,13,1110109000,140000.0,"PRESUPUESTO, TISERA BRAIAN, EXPTE.129/26",G,0,2026-02-27 07:31:17,110,9,000000,,,
2026,864,GMADA,2026-02-27 00:00:00,,,PROD,14,1110108000,500000.0, PROV.CHIABRANDO FRANCO VALENTIN - LA MAROMA  - PRES. N°27/02/2026- SEC. PRODUCCION,N,0,2026-02-27 11:53:51,110,8,000000,,,
2026,1013,GMADA,2026-03-11 00:00:00,,,HOGANC,5,1110104000,536900.0,TODO POLLO - PRESUPUESTO N° 83 SEMANA DEL 02/03/26 AL 08/03/2026,G,0,2026-03-11 11:49:56,131,H.ANC,000000,,,
2026,1012,GMADA,2026-03-11 00:00:00,,,QUI,5,1110104000,50000.0,IMPRENTA EL ARGENTINO - PRESUPUESTO N° 557 (INTERNACION CIRUGIA HOSPITAL),G,0,2026-03-11 11:46:23,131,2,000000,,,
2026,866,GMADA,2026-02-27 00:00:00,,,CAS,3,1110111000,1109000.0,"PRESUPUESTO 7025/7010/7007, RAMOS-ISIDRO",G,0,2026-02-27 12:58:40,131,6,000000,,,
2026,1016,GMADA,2026-03-11 00:00:00,,,HOSP,5,1110104000,75210.0,IVANPER REPUESTOS - PRESUPUESTO N°8243  PARA AMBULANCIA DOMINIO PAA334 - PARA COMPRESOR DE PLANTA OXIGENO - PARA MINIBUS AF591SU,G,0,2026-03-11 12:02:54,131,2,000000,,,
2026,1019,GMADA,2026-03-11 00:00:00,,,HOSP,5,1110104000,77500.0,IVANPER REPUESTOS - PRESUPUESTO N° 8105 DOMINIO AG180HE - LAMAPRA AMBULANCIA DOMINIO AA775QWDOMINIO AG180HE - LAMAPARA AMBULANCIA DOMINIO AB039OIQW,N,0,2026-03-11 12:13:43,131,2,000000,,,
2026,1015,GMADA,2026-03-11 00:00:00,,,HOSP,5,1110104000,970305.0,TODO POLLO - PRESUPUESTO N° 84 SEMANA DEL 02/03/2026 AL 09/03/2026,G,0,2026-03-11 11:57:23,131,2,000000,,,
2026,1022,GMADA,2026-03-11 00:00:00,,,HOGANC,5,1110104000,78460.44,PINAMAR HIGIENE INSTITUCIONAL - PRESUPUESTO N° 16-2528,G,0,2026-03-14 10:32:29,131,H.ANC,000000,,,
2026,1017,GMADA,2026-03-11 00:00:00,,,BROM,11,1110104000,82500.0,IVANPER REPUESTOS - PRESUPUESTO N°8310 VEHICULO DOMINIO AB437WY,G,0,2026-03-11 12:03:54,110,13,000000,,,
2026,1024,GMADA,2026-03-11 00:00:00,,,HOSP,5,1110104000,1785000.0,MATAFUEGOS AVELLANEDA - PRESUPUESTO N° 1-7271 MATAFUEGOS NUEVOS POR VENCIMIENTO DE LOS  CILINDRO,G,0,2026-03-11 12:26:56,131,2,000000,,,
2026,1021,GMADA,2026-03-11 00:00:00,,,HOSP,5,1110104000,876000.0,MATAFUEGOS RUTA 11 - PRESUPUESTO N°9308  REVISION Y CARGAS MATAFUEGOS,G,0,2026-03-11 12:14:49,131,2,000000,,,
2026,1043,GMADA,2026-03-13 00:00:00,,,COC,5,1110104000,171000.0,PEREZ JORGE  PRESUPUESTO 22982002 SEMANA DEL 01/01/2026 AL 07/01/2026,G,0,2026-03-14 08:25:25,131,2,000000,,,
2026,1023,GMADA,2026-03-11 00:00:00,,,LAV,5,1110104000,638481.85,PINAMAR HIGIENE INSTITUCIONAL - PRESUPUESTO N° 16-2514,G,0,2026-03-11 12:24:44,131,2,000000,,,
2026,1042,GMADA,2026-03-13 00:00:00,,,COC,5,1110104000,414000.0,"CARACCIOLI EDUARDO - PRESUPUESTO N° 27978, 27983, 27985 Y 27986 (COCINA Y HOGAR HOSPITAL)",G,0,2026-03-14 08:20:38,131,2,000000,,,
2026,1045,GMADA,2026-03-13 00:00:00,,,HOGANC,5,1110104000,57000.0,PEREZ JORGE - PRESUPUESTO 22982004 SEMANA DEL 12/01/26 AL 19/1/26,G,0,2026-03-14 08:29:33,131,H.ANC,000000,,,
2026,1047,GMADA,2026-03-13 00:00:00,,,COC,5,1110104000,157500.0,PEREZ JORGE - PRESUPUESTO 22982007 SEMANA DEL 29/01/2026 AL 06/ 02/2026,G,0,2026-03-14 08:39:38,131,2,000000,,,
2026,1044,GMADA,2026-03-13 00:00:00,,,COC,5,1110104000,95000.0,PEREZ JORGE - PRESUPUESTO 2982003 SEMANA  DEL 12 AL/01/26 AL 19/1/26,G,0,2026-03-14 08:27:57,131,2,000000,,,
2026,1049,GMADA,2026-03-13 00:00:00,,,HOGANC,5,1110104000,65100.0,PEREZ JORGE - PRESUPUESTO 22982009  SEMANA DEL 06/02/26 AL  13/2/26,G,0,2026-03-14 08:53:33,131,H.ANC,000000,,,
2026,1046,GMADA,2026-03-13 00:00:00,,,HOGANC,5,1110104000,57750.0,PEREZ JORGE - PRESUPUESTO 22982005 SEMANA DEL 22/01/26 AL  29/1/26,G,0,2026-03-14 08:31:38,131,H.ANC,000000,,,
2026,1051,GMADA,2026-03-13 00:00:00,,,COC,5,1110104000,157500.0,PEREZ JORGE - PRESUPUESTO 22982010 DEL 18/02/2026 AL 25/2/26,G,0,2026-03-14 09:08:35,131,2,000000,,,
2026,1048,GMADA,2026-03-13 00:00:00,,,COC,5,1110104000,190000.0,PEREZ JORGE - PRESUPUESTO 22982008 SEMANA DEL 05/02/2026 AL 12/2/26,G,0,2026-03-14 08:51:34,131,2,000000,,,
2026,1080,GMADA,2026-03-17 00:00:00,,,BROM,11,1110104000,137978.1,AGROVETERINARIA MARZULLO - PRESUPUESTO N° 1-1178 (BROMATOLOGIA),N,0,2026-03-17 15:51:15,110,13,000000,,,
2026,1050,GMADA,2026-03-13 00:00:00,,,HOGANC,5,1110104000,76000.0,PEREZ JORGE - PRESUPUESTO  22982006 SEMANA DEL 28/01/2026 AL 04/02/26,G,0,2026-03-14 08:59:31,131,H.ANC,000000,,,
2026,1078,GMADA,2026-03-17 00:00:00,,,HOSP,5,1110104000,80000.0,IMPRENTA EL ARGENTINO - PRESUPUESTO N° 558 (HEMOTERAPIA HOSPITAL),N,0,2026-03-17 15:45:26,131,2,000000,,,
2026,1052,GMADA,2026-03-13 00:00:00,,,HOGANC,5,1110104000,134750.0,PEREZ JORGE - PRESUPUESTO 22982011 SEMAN DEL 20/02/2026 AL 27/2/26,G,0,2026-03-14 09:12:29,131,H.ANC,000000,,,
2026,1079,GMADA,2026-03-17 00:00:00,,,HOSP,5,1110104000,527339.43,PINAMAR HIGIENE INSTITUCIONAL - PRESUPUESTO N° 16-2532 (LAVADERO HOSPITAL),N,0,2026-03-17 15:48:26,131,2,000000,,,
2026,1081,GMADA,2026-03-17 00:00:00,,,HOSP,5,1110104000,134576.0,DURANTE EDUARDO - PRESUPUESTO N° 1-867 (HOSPITAL),N,0,2026-03-17 15:53:57,131,2,000000,,,
2026,725,GMADA,2026-02-13 00:00:00,,,TURIS,6,1110105000,640000.0,Cueli Miguel. Alojamiento Rally. DECRETO 78/26.,G,0,2026-02-13 11:43:47,110,TURIS,000000,,,
2026,727,GMADA,2026-02-13 00:00:00,,,TURIS,6,1110105000,540000.0,Marcelo Pasini - Hotel London. Alojamiento Rally. decreto 78/26,G,0,2026-02-13 11:50:28,110,TURIS,000000,,,
2026,726,GMADA,2026-02-13 00:00:00,,,TURIS,6,1110105000,300000.0,Marcelo Pasini - Hotel London - Alojamiento Rally. decreto 78/26,G,0,2026-02-13 11:47:35,110,TURIS,000000,,,
2026,729,GMADA,2026-02-13 00:00:00,,,TURIS,6,1110105000,675000.0,Marcelo Pasini - Hotel London. Alojamiento rally. Decreto 78/26,G,0,2026-02-13 11:56:27,110,TURIS,000000,,,
2026,731,GMADA,2026-02-13 00:00:00,,,TURIS,6,1110105000,450000.0,Liliana Señorans - Parroquinos departamentos. Alojamiento rally. Decreto 78/26,G,0,2026-02-13 12:06:28,110,TURIS,000000,,,
2026,728,GMADA,2026-02-13 00:00:00,,,TURIS,6,1110105000,540000.0,Marcelo Pasini - Hotel London. Alojamiento Rally. Decreto 78/26,G,0,2026-02-13 11:53:17,110,TURIS,000000,,,
2026,915,GMADA,2026-03-04 00:00:00,,,DEP,13,1110109000,140000.0,PRESUPUESTO N° 0394 - COLOMBRARO - SILLAS PLASTICAS PARA SER UTILIZADAS EN DIFERENTES DISCIPLINAS DURANTE EL AÑO,G,0,2026-03-09 09:39:20,110,9,000000,,,
2026,730,GMADA,2026-02-13 00:00:00,,,TURIS,6,1110105000,880000.0,Daniel Goñi. Alojamiento Rally. Decreto 78/26,G,0,2026-02-13 12:02:08,110,TURIS,000000,,,
2026,766,GMADA,2026-02-20 00:00:00,,,FARM,5,1110104000,5916739.18,PILOÑA- PRESUPUESTO N° 5/02/26,G,0,2026-02-20 11:47:22,131,2,000000,,,
2026,767,GMADA,2026-02-20 00:00:00,,,FARM,5,1110104000,2463332.93,MAX CONTINENTAL- PRESUPUESTO N° 20/02/2026,G,0,2026-02-20 12:33:53,131,2,000000,,,
2026,844,GMADA,2026-02-26 00:00:00,,,DEP,13,1110109000,192140.0,PRESUPUESTO 0002-46079 CASA HARISGARAT - RALLY,G,0,2026-02-26 10:37:34,110,9,000000,,,
2026,914,GMADA,2026-03-04 00:00:00,,,DEP,13,1110109000,42550.0,PRESUPUESTO N° 1031 - TERRANOVA QUIMICA - ARTICULOS PARA TAREAS DE LIMPIEZA EN EL POLIDEPORTIVO,G,0,2026-03-04 09:32:35,110,32,000000,,,
2026,985,GMADA,2026-03-09 00:00:00,,,BARU,25,1110118000,4270000.0,PROV. CASA ELICEIRY GAS OIL PARA MAQUINAS DE PREDIO DISPOSICION FINAL DE RESIDUOS RUTA 11 KM 405.5,G,0,2026-03-09 11:21:45,132,3,000000,,,
2026,925,GMADA,2026-03-05 00:00:00,,,COC,5,1110104000,67760.0,PROVEEDURIA LA ILUSION- PRESUPUESTO N° 21425,G,0,2026-03-05 08:34:21,131,2,000000,,,
2026,917,GMADA,2026-03-04 00:00:00,,,DEP,13,1110109000,20000.0,PRESUPUESTO N° 6995- BATERIAS LA PRIMERA - ACEITE QUEMADO PARA MANTENIMIENTO DE QUEBRACHOS EN PARQUE ANCHORENA Y POLIDEPORTIVO,N,0,2026-03-04 10:05:32,110,9,000000,,,
2026,927,GMADA,2026-03-05 00:00:00,,,COC,5,1110104000,758900.0,TODO POLLO- PRESUPUESTO N° 82 ( SEMANA DEL 26/02 HASTA EL 5/03/26),G,0,2026-03-05 08:48:51,131,2,000000,,,
2026,929,GMADA,2026-03-05 00:00:00,,,HOSP,5,1110104000,958575.56,PINAMAR HIGIENE INSTITUCIONAL SRL- PRESUPUESTO N° 0016-00002427/2428/2496/2511/2512 (COCINA-LAVADERO- OFFICE DE MUCAMAS),G,0,2026-03-05 09:21:14,131,2,000000,,,
2026,973,GMADA,2026-03-09 00:00:00,,,000SU,25,1110118000,380000.0,PROV.ATMOSFERICO LA PRIMERA PRESUP.0246 DESTAPE DE CAÑERIA Y REGISTRO EN CORRALON MUNICIPAL,G,0,2026-03-09 07:21:58,110,3,000000,,,
2026,978,GMADA,2026-03-09 00:00:00,,,000SU,25,1110118000,267470.0,"PROV. SILVIA MAISTEGUI PRESUP.5922 PARA REPARAR TARIMAS,RAMPA DE RALLY,REPARACION EN VIVERO",G,0,2026-03-09 09:55:53,110,3,000000,,,
2026,981,GMADA,2026-03-09 00:00:00,,,000SU,25,1110118000,234650.0,"PROV.IVAN PERICO PRESUP.8088,8237,8241 REPEUSTOS PARA KYV355 LED010, SVN719",G,0,2026-03-09 10:53:35,110,3,000000,,,
2026,984,GMADA,2026-03-09 00:00:00,,,000SU,25,1110118000,10248000.0,PROV. CASA ELICEIY GAS OIL PARA FLOTA VEHICULAR DE ESTA SECRETARIA,G,0,2026-03-09 10:56:36,132,3,000000,,,
2026,992,GMADA,2026-03-09 00:00:00,,,000SU,25,1110118000,430000.0,PROV. YANINA PECORARI PRESUP.5090 BARETIA PARA LED013,G,0,2026-03-09 11:29:00,110,3,000000,,,
2026,988,GMADA,2026-03-09 00:00:00,,,000SU,25,1110118000,780000.0,PROV.ROCIO MORALES PRESUP.09.03 REPARACION PARA LED013N ASZ490,G,0,2026-03-09 11:10:44,110,3,000000,,,
2026,993,GMADA,2026-03-09 00:00:00,,,000SU,25,1110118000,787121.82,"PROV.MERCEDES LA PLATA PRESUP.0216 REPUESTOS PARA XNE245,DMI232,LAN557,LED013",G,0,2026-03-09 11:42:12,110,3,000000,,,
2026,1028,GMADA,2026-03-11 00:00:00,,,FARM,5,1110104000,5609805.61,DROGUERIA PERDOMINICI- PRESUPUESTO N° 26/02/206,G,0,2026-03-11 12:56:47,131,2,000000,,,
2026,565,GMADA,2026-02-04 00:00:00,,,000SU,25,1110118000,8000000.0,PROV. ATREUCO PUEL COMBUSTIBLES PARA MAQUINAS CORTA PASTO Y CAMION VW 17260 AF947IJ,G,0,2026-02-04 07:14:45,132,3,000000,,,
2026,563,GMADA,2026-02-04 00:00:00,,,000SU,25,1110118000,9756000.0,PROV. CASA ELICEIRY GAS OIL PARA FLOTA VEHICULAR DE ESTA SECRETARIA,G,0,2026-02-04 07:02:42,132,3,000000,,,
2026,702,GMADA,2026-02-12 00:00:00,,,CAS,3,1110111000,4000000.0,"PREVISION, FURNO VANESA SOLEDAD",G,0,2026-02-12 11:07:17,131,6,000000,,,
2026,564,GMADA,2026-02-04 00:00:00,,,BARU,25,1110118000,2926800.0,PROV. CASA ELICEIRY GASOIL PARA MAQUINAS DE PREDIOS DISPOSICION FINAL DE RESIDUOS RUTA 11 KM 405.5,G,0,2026-02-04 07:07:54,132,,000000,,,
2026,636,GMADA,2026-02-11 00:00:00,,,CAS,3,1110111000,815489.79,"PRESUPUESTO 0001-00007390, ZMG ARGENTINA",G,0,2026-02-11 07:20:15,131,6,000000,,,
2026,566,GMADA,2026-02-04 00:00:00,,,000SU,25,1110118000,65000.0,PROV. DUENDE AZUL PRESUP.2641 COMISION A LA PLATA POR REPUESTOS,G,0,2026-02-04 07:19:12,110,3,000000,,,
2026,570,GMADA,2026-02-04 00:00:00,,,HOSP,5,1110104000,1751500.0,PRESUPUESTO 803 MARTIN FERNANDO,G,0,2026-02-04 11:44:37,131,2,000000,,,
2026,669,GMADA,2026-02-11 00:00:00,,,INT,1,1110101000,8000.0,"PRESUPUESTO 4014, PASO AGUSTIN",G,0,2026-02-11 10:43:55,110,1,000000,,,
2026,639,GMADA,2026-02-11 00:00:00,,,HOSP,5,1110104000,500000.0,"PREVISION, ANDRES PONSA S.A",G,0,2026-02-11 07:37:43,131,2,000000,,,
2026,762,GMADA,2026-02-20 00:00:00,,,CONTAD,19,1110112000,220000.0,hosting alojamiento de portal de proveedores,N,0,2026-02-20 09:04:17,110,,,,,
2026,761,GMADA,2026-02-20 00:00:00,,,CONTAD,19,1110112000,3630000.0,desarrollo de software portal de proveedores,G,0,2026-02-20 08:28:40,110,27,000300,,,
2026,779,GMADA,2026-02-23 00:00:00,,,SECSEG,20,1110113000,595000.0,"Miguel Lopez, presupuesto (COM)",G,0,2026-02-23 11:09:54,110,25,000000,,,
2026,790,GMADA,2026-02-24 00:00:00,,,HOGANC,5,1110104000,1780668.0,MADA POY - PRESUPUESTO 1-965 SEMANA DEL 16/01/26 AL 22/01/26,G,0,2026-02-24 11:27:38,131,H.ANC,000000,,,
2026,789,GMADA,2026-02-24 00:00:00,,,COC,5,1110104000,115200.0,PROVEDURIA LA ILUSION - PRESUPUESTO N° 21424 (COCINA HOSPITAL),N,0,2026-02-24 08:22:08,131,2,000000,,,
2026,792,GMADA,2026-02-24 00:00:00,,,COC,5,1110104000,1035799.0,MADA POY - PRESUPUESTO N° 1-978 SEMANA DEL 02/02/26 AL 09/02/26,G,0,2026-02-24 11:30:32,131,2,000000,,,
2026,795,GMADA,2026-02-24 00:00:00,,,CAPSN,5,1110104000,287777.01,PINAMAR HIGIENE INSTITUCIONAL - PRESUPUESTO N° 16-2451,G,0,2026-02-24 11:10:23,131,2,000000,,,
2026,791,GMADA,2026-02-24 00:00:00,,,COC,5,1110104000,1310844.0,MADA POY - PRESUPUESTO N° 1-966 SEMANA DEL 23/01/26 AL 30/01/2026,G,0,2026-02-24 11:13:22,131,2,000000,,,
2026,798,GMADA,2026-02-24 00:00:00,,,CONEX,5,1110104000,191750.12,PINAMAR HIGIENE INSTITUCIONAL - PRESUPUESTO N° 16-2480,G,0,2026-02-24 11:09:14,131,2,000000,,,
2026,793,GMADA,2026-02-24 00:00:00,,,HOGANC,5,1110104000,185293.58,JUAN MARTIN CORREA LORENTE - PRESUPUESTO N° 1-73,G,0,2026-02-24 11:12:10,131,H.ANC,000000,,,
2026,800,GMADA,2026-02-24 00:00:00,,,INTER,5,1110104000,203339.51,PINAMAR HIGIENE INSTITUCIONAL - PRESUPUESTO N° 16-2497 (HOSPITAL),G,0,2026-02-24 11:05:31,131,2,000000,,,
2026,796,GMADA,2026-02-24 00:00:00,,,LAV,5,1110104000,497777.59,PINAMAR HIGIENE INSTITUCIONAL - PRESUPUESTO N° 16-2455,G,0,2026-02-24 11:09:38,131,2,000000,,,
2026,812,GMADA,2026-02-24 00:00:00,,,DEP,13,1110109000,340000.0,PRESUPUESTO TISERA SANITARIOS PORTATILES,G,0,2026-03-09 07:28:00,110,9,000000,,,
2026,799,GMADA,2026-02-24 00:00:00,,,LAV,5,1110104000,244535.63,PINAMAR HIGIENE INSTITUCIONAL - PRESUPUESTO N° 16-2481,G,0,2026-02-24 11:08:45,131,2,000000,,,
2026,808,GMADA,2026-02-24 00:00:00,,,DEP,13,1110109000,500000.0,PREVISION SIN N° - LAGOS - HIDRATACION EN EVENTOS DEPORTIVOS PRIMER SEMESTRE,G,0,2026-02-24 12:06:19,110,9,000000,,,
2026,822,GMADA,2026-02-25 00:00:00,,,SECSEG,20,1110113000,600000.0,"Ricciuto, presupuesto 0022 (AB038FH)",G,0,2026-02-25 10:09:10,110,25,000000,,,
2026,810,GMADA,2026-02-24 00:00:00,,,DEP,13,1110109000,166500.0,PRESUPUESTO N° 1864 - HISPANOGRAF - SEÑALETICA RALLY 2026,G,0,2026-02-24 12:21:57,110,9,000000,,,
2026,819,GMADA,2026-02-25 00:00:00,,,PROD,14,1110108000,120000.0,PROV.HOTEL SAN CARLOS - PRES. N°25/02/2026- SEC. PRODUCCION,G,0,2026-02-25 09:17:25,110,8,000000,,,
2026,821,GMADA,2026-02-25 00:00:00,,,SECSEG,20,1110113000,45749.7,"Papelera Alpa, presupuesto 3874 (inspeccion)",G,0,2026-02-25 10:00:41,110,25,000000,,,
2026,825,GMADA,2026-02-25 00:00:00,,,CONTRA,19,1110112000,25000.0,"PRESUPUESTO 046, LOMBERA CARLOS",G,0,2026-02-25 10:27:44,110,CONTR,000000,,,
2026,705,GMADA,2026-02-12 00:00:00,,,QUI,5,1110104000,37000.0,IMPRENTA EL ARGENTINO - PRESUPUESTO N° 555,G,0,2026-02-12 12:53:27,131,2,000000,,,
2026,572,GMADA,2026-02-04 00:00:00,,,COMPR,19,1110112000,296235.93,CORRESPONDE PRESUPUESTO N° 0002-00003858/0002-00003859/0002-00003863/00003868/0002-00003865 - MATIENZO PAOLA A.,G,0,2026-02-04 12:42:35,110,26,000000,,,
2026,640,GMADA,2026-02-11 00:00:00,,,CAS,3,1110111000,1109600.0,Corresponde presupuesto N° 0001-00004043/000004038/00004029/00004021/00004018/00004015/00004046/00004049/00004053/00004045 PASO AGUSTIN,G,0,2026-02-20 10:32:33,131,6,000000,,,
2026,573,GMADA,2026-02-04 00:00:00,,,DESP,2,1110102000,29483.0,CORRESPONDE PRESUPUESTO N ° 00030122 - SUC DANNUNZIO,G,0,2026-02-04 12:49:58,110,DESPA,000000,,,
2026,675,GMADA,2026-02-11 00:00:00,,,JARD,7,1110106000,263500.0,"PRESUPUESTO de Labatut, Marcelo de ""LA FRUTERIA"" enero 2026",G,0,2026-02-11 11:35:43,132,JARDM,000000,,,
2026,707,GMADA,2026-02-12 00:00:00,,,QUI,5,1110104000,82628.0,SERVIMED - PRESUPUESTO N° 298/26 CAJA INSTRUMENTAL PARA SUTURAS,G,0,2026-02-12 12:47:58,131,2,000000,,,
2026,723,GMADA,2026-02-13 00:00:00,,,TURIS,6,1110105000,960000.0,Miguel Cueli. Alojamiento Rally. DECRETO 78/26,G,0,2026-02-13 11:37:55,110,TURIS,000000,,,
2026,706,GMADA,2026-02-12 00:00:00,,,HOSP,5,1110104000,16000.0,NEUMATICOS PASO - PRESUPUESTO N° 1-4051/823  VEHICULO DOMINIO AF545GL,G,0,2026-02-20 12:32:00,131,2,000000,,,
2026,720,GMADA,2026-02-13 00:00:00,,,TURIS,6,1110105000,1456000.0,Marta Cristina Zaupa - Alquiler alojamiento Rally. DECRETO 78/26,G,0,2026-02-13 11:19:05,110,TURIS,000000,,,
2026,722,GMADA,2026-02-13 00:00:00,,,TURIS,6,1110105000,360000.0,Leonardo Soraire - Alojamiento para rally. Decreto 78/26,G,0,2026-02-13 11:25:51,110,TURIS,000000,,,
2026,774,GMADA,2026-02-23 00:00:00,,,000SU,25,1110118000,2343000.0,PROV. CASA ELICEIRY PRESUP.23/02/2026 ACEITES Y LUBRICANTES PARA FLOTA VEHICULAR DE ESTA SECRETARIA,G,0,2026-02-23 08:26:24,132,3,000000,,,
2026,680,GMADA,2026-02-11 00:00:00,,,ESTH,5,1110104000,44296.45,Copia de 2026/649 ALPA - PRESUPUESTO N° 2-3873 (ADMINISTRACION HOSPITAL),N,0,2026-02-11 12:34:35,131,2,000000,,,
2026,891,GMADA,2026-03-03 00:00:00,,,HOSP,5,1110104000,766400.0,PANADERIA ALEM DE GARCIA GLADYS- PRESUPUESTO N° 6939053 HOSPITAL Y HOGAR DE ANCIANOS (DESDE EL 28/02 HASTA EL 14/03/2026),G,0,2026-03-03 09:36:44,131,2,000000,,,
2026,883,GMADA,2026-03-02 00:00:00,,,INT,1,1110101000,1575.0,Presupuesto N° 0002-00003884   Proveedor Matienzo Paola,G,0,2026-03-02 11:15:59,110,1,000000,,,
2026,893,GMADA,2026-03-03 00:00:00,,,HOGANC,5,1110104000,6500.0,SANTA PAULA- PRESUPUESTO N° 0001-00002180 (SEMANA DEL 11/02 HASTA EL 18/02/26),G,0,2026-03-03 09:46:20,131,H.ANC,000000,,,
2026,892,GMADA,2026-03-03 00:00:00,,,HOGANC,5,1110104000,6000.0,SANTA PAULA- PRESUPUESTO N° 0001-00002178 (DIARIO),G,0,2026-03-03 09:41:34,131,H.ANC,000000,,,
2026,896,GMADA,2026-03-03 00:00:00,,,HOGANC,5,1110104000,1225473.99,DURANTE JAVIER- PRESUPUESTO N° 0001-0000847 ( DESDE EL 9/02/26 HASTA EL 9/03/26),G,0,2026-03-03 12:14:55,131,H.ANC,000000,,,
2026,898,GMADA,2026-03-03 00:00:00,,,HOSP,5,1110104000,150000.0,BATERIAS LA PRIMERA - PRESUPUESTO N° 7008 VEHICULOL FORD KA AE619QS,G,0,2026-03-05 08:12:42,131,2,000000,,,
2026,895,GMADA,2026-03-03 00:00:00,,,LAB,5,1110104000,1330541.03,UNO ELECTROMEDICINA- PRESUPUESTO N° 00003-00015176 (LABORATORIO DE ANALISIS),G,0,2026-03-03 10:38:17,131,2,000000,,,
2026,897,GMADA,2026-03-03 00:00:00,,,HOGANC,5,1110104000,513900.0,TODO POLLO - PRESUPUESTO N° 81 ( SEMANA  DEL 26/02/26 AL  5/03/26),G,0,2026-03-05 08:56:07,131,2,000000,,,
2026,900,GMADA,2026-03-03 00:00:00,,,HOGANC,5,1110104000,86148.0,DURANTE JAVIER - PRESUPUESTO N° 1-855 DEL 01/02/2026 AL 28/02/2026,G,0,2026-03-05 08:49:25,131,H.ANC,000000,,,
2026,903,GMADA,2026-03-03 00:00:00,,,LAV,5,1110104000,627166.83,PINAMAR HIGIENE INSTITUCIONAL - PRESUPUESTO N° 16-2500,G,0,2026-03-05 08:55:14,131,2,000000,,,
2026,899,GMADA,2026-03-03 00:00:00,,,CAPSN,5,1110104000,140000.0,AC REFRIGERACION - CATALDO ADOLFO PRESUPUESTO N° 380 AIRE ACONDIONADO CONSULTORIO DE CLINICA,G,0,2026-03-05 08:16:32,131,31,000000,,,
2026,901,GMADA,2026-03-03 00:00:00,,,COC,5,1110104000,1083309.96,DURANTE JAVIER- PRESUPUESTO N° 1-858 DEL 18/02/26 AL 25/02/26,G,0,2026-03-07 09:38:50,131,2,000000,,,
2026,963,GMADA,2026-03-06 00:00:00,,,000SU,25,1110118000,633330.0,PROV. SILVIA MAISTEGUI PRESUP.5948 ARTICULSO DE FERRETERIA PARA USO EN CORRALON Y PINTURA DE CORDON ILLIA Y PELEGRINI Y BS.AS Y PELEGRINI,G,0,2026-03-06 10:16:28,110,3,000000,,,
2026,902,GMADA,2026-03-03 00:00:00,,,HOSP,5,1110104000,1747360.48,DURANTE JAVIER - PRESUPUESTO N° 1-857  SEMANA DEL 16/02/26 AL 24/02/26,G,0,2026-03-07 09:46:13,131,2,000000,,,
2026,936,GMADA,2026-03-05 00:00:00,,,CULTUR,6,1110105000,2723.33,"PRESUPUESTO 000, USS SERVICIO DE SEGURIDAD DIFERENCIA OC 574",N,0,2026-03-13 08:32:45,132,5,000000,,,
2026,908,GMADA,2026-03-04 00:00:00,,,CULTUR,6,1110105000,250000.0,MATIAS LIGARI    FINAL FOLKLORE EN LOS BARRIOS   EXPTE 224/26,G,0,2026-03-10 11:06:58,110,5,000000,,,
2026,962,GMADA,2026-03-06 00:00:00,,,000SU,25,1110118000,329200.0,PROV. ANA PAOLA RODRIGUEZ PRESUP.0192 REPUSTOS PARA MUSTANG BMV14,G,0,2026-03-06 10:04:31,110,3,000000,,,
2026,987,GMADA,2026-03-09 00:00:00,,,COC,5,1110104000,13000.0,SANTA PAULA - PRESUPUESTO N° 1-2192,G,0,2026-03-10 07:44:05,131,2,000000,,,
2026,966,GMADA,2026-03-06 00:00:00,,,DECI,25,1110118000,353626.0,PROV.SILVA MAISTEGUI  PRESUP.7204 PARA ARREGLOS  DE DEFENSA CIVIL,G,0,2026-03-06 12:04:09,110,22,000000,,,
2026,964,GMADA,2026-03-06 00:00:00,,,DECI,25,1110118000,629362.0,PROV.SILVIA MAISTEGUI PRESUP.5943 PARA   PINTURA DE CORDONES Y PREPARATIVOS PARA EL RALLY,G,0,2026-03-06 12:02:36,110,DEFCI,000000,,,
2026,986,GMADA,2026-03-09 00:00:00,,,HOSP,5,1110104000,203112.0,PINTURERIA FERRETERIA TODO COLOR - PRESUPUESTO N° 5949  REPARACIONES EN DIFERENTES SECTORES DEL HOSPITAL,G,0,2026-03-10 07:36:01,131,2,000000,,,
2026,991,GMADA,2026-03-09 00:00:00,,,COC,5,1110104000,3270700.0,LA FRUTERIA - PRESUPUESTO S/N FECHA 26/2/26   HOSPITAL - HOGAR DE ANCIANOS,G,0,2026-03-10 07:50:45,131,2,000000,,,
2026,990,GMADA,2026-03-09 00:00:00,,,HOSP,5,1110104000,3048800.0,LA FRUTERIA - PRESUPUESTO S/N FECHA 26/2/26 HOSPITAL - HOGAR DE ANCIANOS,G,0,2026-03-10 08:00:16,131,2,000000,,,
2026,996,GMADA,2026-03-10 00:00:00,,,000SU,25,1110118000,51620.0,"PROV. IVAN  PERICO PRESP. 8086 REPUESTOS PARA  DMI 232, FSL723, PJY978",G,0,2026-03-10 07:46:13,110,3,000000,,,
2026,997,GMADA,2026-03-10 00:00:00,,,000SU,25,1110118000,69420.0,PROV.IVAN PERICO PRESUP.8270 REPEUSTOS PARA LAN557 LED010,G,0,2026-03-10 08:09:51,110,3,000000,,,
2026,998,GMADA,2026-03-10 00:00:00,,,SECSEG,20,1110113000,467800.0,"Rodamientos Tuyu, presupuesto 3048 (OIG 911-AE704AW-AE331IY-AB038FH)",G,0,2026-03-10 08:22:55,110,25,000000,,,
2026,1060,GMADA,2026-03-13 00:00:00,,,DEP,13,1110109000,280000.0,PRESUPUESTO S/N°   COTTINI MARTIN -  ORGANIZACION CARRERA DE LA MUJER,G,0,2026-03-13 12:14:25,110,9,000000,,,
2026,623,GMADA,2026-02-10 00:00:00,,,JARD,7,1110106000,136500.0,"PRESUPUESTO N° X 0001-00001028 / 1035 / 1039 / de Tatano Harisgarat S.R.L. de ""CASA HARISGARAT"" Para arreglo en baño y tanque de agua",G,0,2026-02-10 10:04:30,132,JARDM,000000,,,
2026,622,GMADA,2026-02-10 00:00:00,,,ACCSOC,7,1110106000,72320.0,"PRESUPUESTO N° X 0001-00001021 de Tatano Harisgarat S.R.L. de ""CASA HARISGARAT"" Familia: Rodriguez, Belén Soledad",G,0,2026-02-10 09:40:49,132,4,000000,,,
2026,631,GMADA,2026-02-10 00:00:00,,,PROD,14,1110108000,375000.0,  PROV. AGRONOMIA HORTICOLA SRL- PRES. N°27/01/26- SEC PRODUCCION,G,0,2026-02-10 11:57:56,110,8,000000,,,
2026,630,GMADA,2026-02-10 00:00:00,,,PROD,14,1110108000,150000.0,PROV. BOGADO LEANDRO RUBEN - PRESUP. N°1166 - SEC PRODUCCION- FOTON AF591SL,G,0,2026-02-10 11:51:07,110,8,000000,,,
2026,625,GMADA,2026-02-10 00:00:00,,,JARD,7,1110106000,850000.0,"PRESUPUESTO de ""CARPINTERIA MUNTION"" Para realización de puerta en la Casita de Chocolate",G,0,2026-02-10 10:15:43,132,JARDM,000000,,,
2026,633,GMADA,2026-02-10 00:00:00,,,HOSP,5,1110104000,491550.0,"""TODO POLLO"" GONZALO A BUSTAMANTE. PRESUPUESTO Nº 77.COCINA HOSPITAL. SEMANA DEL 2 DE FEBRERO AL 8 DE FEBRERO.",G,0,2026-02-10 17:53:28,131,2,000000,,,
2026,679,GMADA,2026-02-11 00:00:00,,,CULTUR,6,1110105000,1400000.0,SIP EVENTOS CARNAVAL 2026  PRESUPUESTO N° 3097    EX´PTE 224/26,G,0,2026-02-11 12:08:24,110,5,000000,,,
2026,632,GMADA,2026-02-10 00:00:00,,,HOSP,5,1110104000,32000.0,IMPRENTA EL ARGENTINO. IRMA CRISTINA BONOMI. PRESPUESTO Nº 553. DIAGNOSTICO POR IMAGENES.,G,0,2026-02-10 14:54:47,131,2,000000,,,
2026,747,GMADA,2026-02-19 00:00:00,,,BARU,25,1110118000,4878000.0,PROV.CASA ELICEIRY GAS OIL PARA MAQUINAS DE PREDIO DE DISPOSICION FINAL DE RESIDUOS RUTA 11 KM 405.5,G,0,2026-02-19 07:23:33,132,3,000000,,,
2026,634,GMADA,2026-02-10 00:00:00,,,HOSP,5,1110104000,6120000.0,"COMBUSTIBLES DEL SALADO. PREVISION DEL 01/02/26 AL 15/02/26.VEHICULOS HOSPITAL MUNICIPAL.. DOMINIOS EQM 605, FJX 453, KYV 365, JQS 879,AA 775 QW, PAA 334, AB 039 OI, AF 591 SU, AF 545 GL, AF 548 KJ.",G,0,2026-02-11 17:18:13,131,2,000000,,,
2026,745,GMADA,2026-02-18 00:00:00,,,INGPU,19,1110112000,13200.0,"Matienzo Paola ,presupuesto 0002-00003875",G,0,2026-02-18 13:02:00,110,1,000000,,,
2026,681,GMADA,2026-02-11 00:00:00,,,CULTUR,6,1110105000,840000.0,PATRICIO DANIEL CASTRO   PROVEEDOR 3481  CARNAVAL 2026  EXPTE 224/26,G,0,2026-02-11 12:43:47,110,5,000000,,,
2026,947,GMADA,2026-03-05 00:00:00,,,INTER,5,1110104000,414571.08,PINAMAR HIGIENE INSTITUCIONAL - PRESUPUESTO N° 16-2425 (HOSPITAL),G,0,2026-03-14 10:18:52,131,2,000000,,,
2026,746,GMADA,2026-02-19 00:00:00,,,000SU,25,1110118000,13008000.0,PROV. CASA ELICEIRY GASOIL PARA MAQUINAS Y VEHICULOS DE ESTA SECRETARIA,G,0,2026-02-19 07:18:13,132,3,000000,,,
2026,751,GMADA,2026-02-19 00:00:00,,,000SU,25,1110118000,1977927.97,PROV.CHAYE HNOS PRESUP.0414 REPUESTO PARA TRACTOR JONH DEERE BNA17,G,0,2026-02-25 11:44:44,110,3,000000,,,
2026,758,GMADA,2026-02-20 00:00:00,,,CASA,6,1110105000,21000.0,"Balletto Urrutia ,Juan Ignacio",G,0,2026-02-20 07:22:32,110,1,000000,,,
2026,874,GMADA,2026-03-02 00:00:00,,,000SU,25,1110118000,8000000.0,PROV. ATREUCO PUEL COMBUSTIBLE PARA MAQUINAS Y VEHICULOS DE ESTA SECRETARIA,G,0,2026-03-02 07:52:50,132,3,000000,,,
2026,946,GMADA,2026-03-05 00:00:00,,,LAB,5,1110104000,46112.8,PINAMAR HIGIENE INSTITUCIONAL - PRESUPUESTO N° 16-2426 (HOSPITAL),N,0,2026-03-14 10:16:36,131,2,000000,,,
2026,949,GMADA,2026-03-05 00:00:00,,,HOGANC,5,1110104000,115505.6,PINAMAR HIGIENE INSTITUCIONAL - PRESUPUESTO N° 16-2398,G,0,2026-03-14 10:25:13,131,H.ANC,000000,,,
2026,951,GMADA,2026-03-05 00:00:00,,,LAV,5,1110104000,774226.24,PINAMAR HIGIENE INSTITUCIONAL - PRESUPUESTO N° 16-237 SEMANA DEL 12/03/26 AL 19/03/26,G,0,2026-03-07 09:31:58,131,2,000000,,,
2026,948,GMADA,2026-03-05 00:00:00,,,LAV,5,1110104000,848920.81,PINAMAR HIGIENE INSTITUCIONAL - PRESUPUESTO N° 16-240 SEMANA 20/01/26 AL 26/01/2026,G,0,2026-03-07 09:34:20,131,2,000000,,,
2026,950,GMADA,2026-03-05 00:00:00,,,CONEX,5,1110104000,97393.86,PINAMAR HIGIENE INSTITUCIONAL - PRESUPUESTO N° 16-2366,G,0,2026-03-14 10:27:31,131,2,000000,,,
2026,1000,GMADA,2026-03-10 00:00:00,,,SECSEG,20,1110113000,158560.0,"Ivanper, presupuesto 8244 (ag7143zv-af747pm-oig911)",G,0,2026-03-10 09:14:21,110,25,000000,,,
2026,952,GMADA,2026-03-05 00:00:00,,,COC,5,1110104000,107348.86,PINAMAR HIGIENE INSTITUCIONAL - PRESUPUESTO N° 16-2390 (COCINA HOSPITAL),G,0,2026-03-14 10:27:58,131,2,000000,,,
2026,1003,GMADA,2026-03-10 00:00:00,,,SECSEG,20,1110113000,291600.0,"Rodamientos Tuyu, presupuesto 3901 (AE704AW)",G,0,2026-03-10 09:54:53,110,25,000000,,,
2026,1004,GMADA,2026-03-10 00:00:00,,,FARM,5,1110104000,6879680.0,VELIBO SUPPLIES S.A.S- PRESUPUESTO N° 0001-00011228,G,0,2026-03-10 10:09:05,131,2,000000,,,
2026,999,GMADA,2026-03-10 00:00:00,,,COC,5,1110104000,60300.0,SANTA PAULA- PRESUPUESTO N° 0001-00002194 (SEMANA DEL 9/03 AL 16/03/26),G,0,2026-03-10 08:57:17,131,2,000000,,,
2026,1002,GMADA,2026-03-10 00:00:00,,,LAB,5,1110104000,921363.49,RADIOGRAFICAOESTE - PRESUPUESTO N° 100053328,G,0,2026-03-10 09:21:26,131,2,000000,,,
2026,1008,GMADA,2026-03-10 00:00:00,,,FARM,5,1110104000,7928060.23,PILOÑA- PRESUPUESTO N° 9/03/2026,G,0,2026-03-11 11:03:11,131,2,000000,,,
2026,1005,GMADA,2026-03-10 00:00:00,,,HOSP,5,1110104000,6209745.0,QUALIMED S.A- PRESUPUESTO N° 92,G,0,2026-03-10 10:26:47,131,2,000000,,,
2026,567,GMADA,2026-02-04 00:00:00,,,BARU,25,1110118000,1200000.0,"PREVISION, YELITO",G,0,2026-02-04 07:37:58,110,24,000000,,,
2026,584,GMADA,2026-02-05 00:00:00,,,GOB,2,1110102000,4750000.0,CORRESPONDE PREVISION COMBUSTIBLES DEL SALADO - SEC GOBIERNO,G,0,2026-02-05 11:22:41,110,SECGO,000000,,,
2026,924,GMADA,2026-03-05 00:00:00,,,CAS,3,1110111000,959710.0,"PRESUPUESTO 595, GARCIA FEDERICO",G,0,2026-03-05 08:27:06,131,6,000000,,,
2026,982,GMADA,2026-03-09 00:00:00,,,CAS,3,1110111000,10248000.0,"PRESUPUESTO 000, CASA ELICEIRY, 9/03/2026",G,0,2026-03-09 10:27:56,131,6,000000,,,
2026,967,GMADA,2026-03-06 00:00:00,,,000SU,25,1110118000,3000000.0,"PRESUPUESTO 000, PCIA BS AS",G,0,2026-03-06 11:03:28,110,3,000000,,,
2026,980,GMADA,2026-03-09 00:00:00,,,HOGANC,5,1110104000,776750.0, TODO POLLO - PRESUPUESTO N° 80 ( SEMANA  DEL 26/02/26 AL  5/03/26),G,0,2026-03-09 10:15:55,131,2,000000,,,
2026,1059,GMADA,2026-03-13 00:00:00,,,ACCSOC,7,1110106000,1575000.0,"PRESUPUESTO N° X 6926956 de Rost, Tamara de ""FRUTERIA NEGRIN"" Plan Alimentario 2026 -",N,0,2026-03-16 12:31:01,132,4,000000,,,
2026,1027,GMADA,2026-03-11 00:00:00,,,HOSP,5,1110104000,77500.0,Copia de 2026/1019 IVANPER REPUESTOS - PRESUPUESTO N° 8105 DOMINIO AG180HE - LAMAPRA AMBULANCIA DOMINIO AA775QWDOMINIO,G,0,2026-03-11 12:13:46,131,2,000000,,,
2026,889,GMADA,2026-03-03 00:00:00,,,CULTUR,6,1110105000,500000.0," Corresponde Cto. Melisa Pinto Expte n° 329/2026, ADENDAS POR PARITARIAS DURANTE EL AÑO",G,0,2026-03-03 08:32:12,110,5,000000,,,
2026,620,GMADA,2026-02-10 00:00:00,,,INTER,5,1110104000,63892.95,PRESUPUESTO 71 CORREA JUAN MARTIN,G,0,2026-02-10 07:59:12,131,2,000000,,,
2026,888,GMADA,2026-03-02 00:00:00,,,CAS,3,1110111000,73222.35,"PRESUPUESTO 30288, SUC DANNUNZIO JORGE",G,0,2026-03-02 12:21:26,131,6,000000,,,
2026,905,GMADA,2026-03-04 00:00:00,,,000A,24,1110117000,7600.0,"PRESUPUESTO 000, MARTIN FERNANDO HIJO",G,0,2026-03-04 07:22:37,110,ASLEG,000000,,,
2026,913,GMADA,2026-03-04 00:00:00,,,GOBHAC,2,1110102000,8070000.0,Copia de 2026/40 Correo Oficial de la República Argentina,G,0,2026-03-04 09:23:43,110,1,000000,,,
2026,909,GMADA,2026-03-04 00:00:00,,,DIRINF,22,1110115000,119796.0,"PRESUPUESTO 11376, DGM DE MARTIN SRL",G,0,2026-03-04 08:14:42,110,INFOR,000000,,,
2026,920,GMADA,2026-03-04 00:00:00,,,GOBHAC,2,1110102000,8070000.0,"PREVISION PARA DISTINTAS AREAS,COMBUSTIBLE DEL SALADO",G,0,2026-03-04 12:27:39,110,1,000000,,,
2026,592,GMADA,2026-02-06 00:00:00,,,CONTRA,19,1110112000,122500.0,"PRESUPUESTO 0001-000000070, JUAN MARTIN CORREA LORENTE",G,0,2026-02-06 10:25:59,110,CONTR,000000,,,
2026,568,GMADA,2026-02-04 00:00:00,,,CULTUR,6,1110105000,97262.26,"PRESUPUESTO 000, USS SERVICIO DE SEGURIDAD",G,0,2026-02-04 10:54:39,132,5,000000,,,
2026,569,GMADA,2026-02-04 00:00:00,,,CAS,3,1110111000,1275000.0,"PRESUPUESTO DEL 4/02/2026, DRAGOJEVIC SIMON",G,0,2026-02-11 11:06:07,131,6,000000,,,
2026,589,GMADA,2026-02-05 00:00:00,,,CULTUR,6,1110105000,28000.0,"PRESUPUESTO 11247296, BALLETTO URRUTIA JUAN",G,0,2026-02-05 12:41:56,110,5,000000,,,
2026,616,GMADA,2026-02-09 00:00:00,,,COC,5,1110104000,26000.0,PRESUPUESTO 2177 PENACCA SRL SEMANA DEL 01/02/26 AL 08/02/2026,G,0,2026-02-09 13:23:18,131,2,000000,,,
2026,646,GMADA,2026-02-11 00:00:00,,,INTER,5,1110104000,150520.0,PINTURERIA FERRETERIA TODO COLOR - PRESUPUESTO N° 5945 MATERIAL UTILIZADO EN INTERNACION  Y OTRAS DEPENDENCIAS,G,0,2026-02-11 13:40:33,131,2,000000,,,
2026,618,GMADA,2026-02-10 00:00:00,,,000SU,25,1110118000,950000.0,"PROV.LEANDRO BOGAD PRESUP.1160,1159,1163,1187,1188,1174,1185 REPARACIONES DE ALTERNADOR E INSTALACIONES ELECTRICAS PARA :DKT498,SVN719,BNA17,FSL723",G,0,2026-02-10 07:31:35,110,3,000000,,,
2026,617,GMADA,2026-02-09 00:00:00,,,HOGANC,5,1110104000,24100.0,PRESUPUESTO 2176 PENACCA SRL SEMANA DEL 01/02/26 AL 08/02/2026,G,0,2026-02-09 13:22:58,131,H.ANC,000000,,,
2026,619,GMADA,2026-02-10 00:00:00,,,000SU,25,1110118000,53370.0,PROV.CASA HARISGARAT PRESUP.1023 ARTICULOS DE PLOMERIA PARA ARREGLO EN MEDIO AMBIENTE,G,0,2026-02-10 07:58:21,110,3,000000,,,
2026,644,GMADA,2026-02-11 00:00:00,,,MAT,5,1110104000,20000.0,IMPRENTA EL ARGENTINO - PRESUPUESTO N° 554 (MATERNIDAD - HOSPITAL),G,0,2026-02-11 09:01:53,131,2,000000,,,
2026,649,GMADA,2026-02-11 00:00:00,,,ESTH,5,1110104000,44296.45,ALPA - PRESUPUESTO N° 2-3873 (ADMINISTRACION HOSPITAL),G,0,2026-02-11 12:34:32,131,2,000000,,,
2026,645,GMADA,2026-02-11 00:00:00,,,BROM,11,1110104000,60000.0,LEANDRO RUBEN BOGADO - PRESUPUESTO N° 1-1183  VEHICULO REANULT KANGOO DOMINIO AB437WY,G,0,2026-02-11 13:45:52,110,13,000000,,,
2026,653,GMADA,2026-02-11 00:00:00,,,HOGANC,5,1110104000,467699.98,TODO POLLO - PRESUPUESTO N° 75  SEMANA DEL 29/01 AL05/02,G,0,2026-02-11 12:32:33,131,H.ANC,000000,,,
2026,648,GMADA,2026-02-11 00:00:00,,,COC,5,1110104000,97509.9,ALPA - PRESUPUESTO N° 2-3867 (COCINA - HOGAR HOSPITAL),G,0,2026-02-11 09:15:18,131,2,000000,,,
2026,655,GMADA,2026-02-11 00:00:00,,,TRIA,5,1110104000,9620.0,CASA HARISGARAT - PRESUPUESTO N° 1-1029 (GUARDIA HOSPITAL),G,0,2026-02-11 12:29:50,131,2,000000,,,
2026,651,GMADA,2026-02-11 00:00:00,,,DIR,5,1110104000,12500.0,ALPA - PRESUPUESTO N° 2-3864 (DIRECCION HOSPITAL),G,0,2026-02-11 12:34:01,131,2,000000,,,
2026,657,GMADA,2026-02-11 00:00:00,,,HOSP,5,1110104000,31090.0,CASA HARISGARAT - PRESUPUESTO N° 1-1042 (PLANTA OXIGENO HOSPITAL),G,0,2026-02-11 09:36:41,131,2,000000,,,
2026,654,GMADA,2026-02-11 00:00:00,,,INTER,5,1110104000,15220.0,CASA HARISGARAT - PRESUPUESTO N° 1-1033 (INTERNACION HOSPITAL),G,0,2026-02-11 12:31:12,131,2,000000,,,
2026,662,GMADA,2026-02-11 00:00:00,,,HOSP,5,1110104000,253260.0,"PINTURERIA FERRETERIA TODO COLOR - PRESUPUESTO N° 5930 (DIRECCION, TERAPIA, INTERNACION, LABORATORIO)",G,0,2026-02-11 09:56:45,131,2,000000,,,
2026,656,GMADA,2026-02-11 00:00:00,,,CICQ,5,1110104000,132760.0,CASA HARISGARAT - PRESUPUESTO N° 1-1020 (CIC QUINTANILLA),G,0,2026-02-11 12:28:10,131,2,000000,,,
2026,658,GMADA,2026-02-11 00:00:00,,,HOSP,5,1110104000,46940.0,CASA HARISGARAT - PRESUPUESTO N° 1-1041 (INTERNACION HOSPITAL),G,0,2026-02-11 09:39:32,131,2,000000,,,
2026,664,GMADA,2026-02-11 00:00:00,,,PO,5,1110104000,1614943.44,B-GATE INGENIERIA EN GASES - PRESUPUESTO 7482,G,0,2026-02-12 07:31:33,131,2,000000,,,
2026,660,GMADA,2026-02-11 00:00:00,,,HOSP,5,1110104000,135583.0,PINTURERIA FERRETERIA TODO COLOR - PRESUPUESTO N° 5941 (ENFERMERIA HOSPITAL),G,0,2026-02-11 09:46:09,131,2,000000,,,
2026,666,GMADA,2026-02-11 00:00:00,,,HOSP,5,1110104000,170000.0,NEUMATICOS PASO - PRESUPUESTO N° 1-4056 VEHICULO AE619QS,G,0,2026-02-11 12:40:32,131,2,000000,,,
2026,663,GMADA,2026-02-11 00:00:00,,,HOSP,5,1110104000,116910.0,PINTURERIA FERRETERIA TODO COLOR - PRESUPUESTO N° 5939 (INTERNACION HOSPITAL),G,0,2026-02-11 12:21:01,131,2,000000,,,
2026,765,GMADA,2026-02-20 00:00:00,,,CULTUR,6,1110105000,150000.0,CARLA MARTINEZ  PROGRAMACION INCAA,G,0,2026-02-20 09:29:18,110,5,000000,,,
2026,665,GMADA,2026-02-11 00:00:00,,,HOGANC,5,1110104000,146659.8,ELECTRO DANNUNZIO - PRESUPUESTO N° 30162,G,0,2026-02-12 07:45:16,131,H.ANC,000000,,,
2026,735,GMADA,2026-02-18 00:00:00,,,DEP,13,1110109000,78016.89,PRESUPUESTO N° 3876 - N° 3877 PAPELERA ALPA MADARIAGA - MATERIALES A UTILIZAR DURANTE EL AÑO EN PROGRAMA NUESTROS ABUELOS,G,0,2026-02-18 08:19:44,110,9,000000,,,
2026,760,GMADA,2026-02-20 00:00:00,,,TURIS,6,1110105000,274000.0,Avellaneda 7163 - Hispanograf.Triptico fiestas y eventos anuales. Presupuesto 1862,G,0,2026-02-20 07:50:59,110,TURIS,000000,,,
2026,1058,GMADA,2026-03-13 00:00:00,,,SECSEG,20,1110113000,203000.0,"Gomeria La Diagonal, presupuesto 0572",G,0,2026-03-13 10:22:17,110,25,000000,,,
2026,785,GMADA,2026-02-24 00:00:00,,,DEP,13,1110109000,4000.0,PRESUPUESTO N° 20013 - ELECTRICIDAD EL GALLEGO -  REPARACION ELECTRICIDAD EN PROGRAMA NUESTROS ABUELOS,G,0,2026-02-24 07:43:48,110,9,000000,,,
2026,867,GMADA,2026-02-27 00:00:00,,,DEP,13,1110109000,600000.0,Prevision Avellaneda 7163,G,0,2026-02-27 12:59:18,110,9,000000,,,
2026,919,GMADA,2026-03-04 00:00:00,,,ACCSOC,7,1110106000,2723827.2,"EXpte N° 632/2026 Contrato: Sra. Baigorria, Daniela Operadora Grupal -  Equipo Envión. No cumple con el Art. 45 de la Ley 14.656",G,0,2026-03-04 11:43:10,131,4,000000,,,
2026,1057,GMADA,2026-03-13 00:00:00,,,SECSEG,20,1110113000,238565.0,"Ivanper, presupuesto 8087 ( kyv 375- ae704aw)",G,0,2026-03-13 10:16:23,110,25,000000,,,
2026,1070,GMADA,2026-03-16 00:00:00,,,FARM,5,1110104000,1449750.0,VELIBO SUPPLIES S.A.S- PRESUPUESTO N° 0001-00011229,N,0,2026-03-16 10:16:24,131,2,000000,,,
2026,1068,GMADA,2026-03-16 00:00:00,,,CAS,3,1110111000,396600.0,Corresponde presupuesto N° 00000007038/0000007047/0000007049 - RAMOS E ISIDRO,G,0,2026-03-16 08:59:52,131,6,000000,,,
2026,637,GMADA,2026-02-11 00:00:00,,,BARU,25,1110118000,1988250.0,PROV.ALFIO DISTEFANO PRESP.079-7028 REPARACION DE TOPADORA LUILONG EUF96,G,0,2026-02-11 07:29:34,110,,000000,,,
2026,642,GMADA,2026-02-11 00:00:00,,,000SU,25,1110118000,534000.0,"PROV.AGUSTIN PASO PRESUP.4031,4041,4039,4036,4033,4027,4017,4009,4007,4005,4002,4047,4050,4048,4052  PARA CAMION XNE244,SOG742,DMI232RFJ13,CII59, FSL723,",G,0,2026-02-11 08:40:17,110,3,000000,,,
2026,638,GMADA,2026-02-11 00:00:00,,,000SU,25,1110118000,423200.0,PROV.MERIO INDUSTRIA PRESUP.10/02/2026 CEPILLOS DE BARRENDERO PARA BARRIDO DE CALLES,G,0,2026-02-11 07:36:10,110,3,000000,,,
2026,739,GMADA,2026-02-18 00:00:00,,,ASIV,7,1110106000,120000.0,"PRESUPUESTO N° X 9178 de ""MATAFUEGOS RUTA 11"" Para el aréa de prestaciones",G,0,2026-02-18 10:12:06,110,4,000000,,,
2026,734,GMADA,2026-02-18 00:00:00,,,CULTUR,6,1110105000,67500.0,JUAN AGUSTIN BALLETTO,G,0,2026-02-18 07:55:21,110,5,000000,,,
2026,700,GMADA,2026-02-12 00:00:00,,,CULTUR,6,1110105000,450000.0,JUAN MARCELO GUTIERREZ  PROVEEDOR 3560   BARRA LIBRE CUMBIA  CARNAVAL 2026  EXPTE 224/26,G,0,2026-02-12 10:48:21,110,5,000000,,,
2026,741,GMADA,2026-02-18 00:00:00,,,JARD,7,1110106000,16100.0,"PRESUPUESTO N° 001025 de Terranova, Lucas Hernán de ""TERRANOVAQUÍMICA"" Parra lavar toallas, repasadores, etc. en La Casita de Chocolate",G,0,2026-02-18 10:19:20,132,JARDM,000000,,,
2026,738,GMADA,2026-02-18 00:00:00,,,ACCSOC,7,1110106000,81196.44,"PRESUPUESTOS N° 00030134/30174/30182/30193/ de Sucesión de D annunzio Jorge Neldo de ELECTRO D ANNUNZIO"" Para oficinas de sede, prestaciones, género, casita de chocolate",G,0,2026-02-18 10:08:47,110,4,000000,,,
2026,748,GMADA,2026-02-19 00:00:00,,,TURIS,6,1110105000,1000000.0,Aldaz Oscar Alfredo y Garmendia Mirta condominio. Alojamiento rally. DECRETO 78/26,G,0,2026-02-19 07:45:38,110,TURIS,000000,,,
2026,740,GMADA,2026-02-18 00:00:00,,,ENV,7,1110106000,60000.0,"PRESUPUESTO N° 542 de ""EDUARDO FUMEGA"" Arreglos en Casa del Adolescente",G,0,2026-02-18 10:15:30,132,CASA,000000,,,
2026,750,GMADA,2026-02-19 00:00:00,,,TURIS,6,1110105000,41000.0,Campo y ciudad. presupuesto 15276.,G,0,2026-02-19 07:57:03,110,TURIS,000000,,,
2026,743,GMADA,2026-02-18 00:00:00,,,ACCSOC,7,1110106000,990000.0,"PRESUPUESTO N° X 7390245  de Peyrano, Sergio de ""ATMÓSFERICO LA PRIMERA""",G,0,2026-02-23 12:10:17,132,4,000000,,,
2026,753,GMADA,2026-02-19 00:00:00,,,TURIS,6,1110105000,45000.0,Mecanica Integral PEREYRA - presupuesto 133 invernada,G,0,2026-02-19 08:56:16,110,TURIS,000000,,,
2026,749,GMADA,2026-02-19 00:00:00,,,TURIS,6,1110105000,7000.0,Campo y ciudad. presupuesto 15272.,G,0,2026-02-19 07:51:47,110,TURIS,000000,,,
2026,769,GMADA,2026-02-21 00:00:00,,,LAB,5,1110104000,1361668.42,RADIOGRAFICAOESTE- PRESUPUESTO N° 100053111 (LABORATORIO DE ANALISIS),G,0,2026-02-21 09:42:46,131,2,000000,,,
2026,752,GMADA,2026-02-19 00:00:00,,,TURIS,6,1110105000,15820.0,Pintureria - ferreteria TODO COLOR - presupuesto 5506 - invernada,G,0,2026-02-19 08:52:58,110,TURIS,000000,,,
2026,768,GMADA,2026-02-21 00:00:00,,,FARM,5,1110104000,2321489.69,MAX CONTINENTAL- PRESUPUESTO N° 20/02/26,G,0,2026-02-21 09:04:11,131,2,000000,,,
2026,754,GMADA,2026-02-19 00:00:00,,,TURIS,6,1110105000,210000.0,Casa Yoseli de Marta Zaupa. Alojamiento rally. DECRETO 78/26,G,0,2026-02-19 09:43:03,110,TURIS,000000,,,
2026,771,GMADA,2026-02-21 00:00:00,,,BROM,11,1110104000,52900.0,AGROVETERINARIA MARZULLO- PRESUPUESTO N° 1169/1170,G,0,2026-02-21 09:48:07,110,13,000000,,,
2026,770,GMADA,2026-02-21 00:00:00,,,HOSP,5,1110104000,247755.0,"Copia de 2026/122 AGROVETERINARIA MARZULLO. PRESUPUESTOS Nº 0001-00001161,0001-00001156.",N,0,2026-02-21 09:45:42,110,2,000000,,,
2026,773,GMADA,2026-02-23 00:00:00,,,DEP,13,1110109000,426000.0,PRESUPUESTO N° 1863 - HISPANOGRAF - RALLY PAGOS DEL TUYU,G,0,2026-02-24 07:47:26,110,9,000000,,,
2026,772,GMADA,2026-02-21 00:00:00,,,FARM,5,1110104000,5325216.2,DROGUERIA PERDOMINICI- PRESUPUESTO N° 12/02/2026,G,0,2026-02-23 13:20:12,131,2,000000,,,
2026,818,GMADA,2026-02-25 00:00:00,,,CULTUR,6,1110105000,75000.0,EDUARDO FUMEGA  PRESUPUESTO N° 545,G,0,2026-02-25 08:20:04,110,CACUL,000000,,,
2026,910,GMADA,2026-03-04 00:00:00,,,LAB,5,1110104000,97345.0,LABORATORIO BIOQUIMICO MAR DEL PLATA S.A- PRESUPUESTO S/N° PRACTICAS REALIZADAS EN EL MES DE FEBRERO,G,0,2026-03-04 08:42:04,131,2,000000,,,
2026,827,GMADA,2026-02-25 00:00:00,,,SECSEG,20,1110113000,600000.0,"Ricciuto, presupuesto 023 (AE331 IY)",G,0,2026-02-25 10:33:58,110,25,000000,,,
2026,979,GMADA,2026-03-09 00:00:00,,,PROD,14,1110108000,345802.8,PROV.CENTRO DE HIERRO PRESUP.11-7802- SEC PRODUCCION,G,0,2026-03-09 12:24:04,110,8,000000,,,
2026,916,GMADA,2026-03-04 00:00:00,,,FARM,5,1110104000,5973340.0,QUALIMED- PRESUPUESTO N° 93,G,0,2026-03-04 11:26:47,131,2,000000,,,
2026,1039,GMADA,2026-03-12 00:00:00,,,00003,25,1110118000,38100000.0,Corresponde Expte N° 683 / 2026 Concurso de precios N° 3/2026 - Compra Utilitario,G,0,2026-03-12 10:47:56,132,SECOP,000000,,,
2026,635,GMADA,2026-02-11 00:00:00,,,DECI,25,1110118000,9620.0,PROV. CASA HARISGARAT PRESUP.1024 PARA OFICINA DE DEFENASA CIVIL,G,0,2026-02-11 07:17:06,110,,000000,,,
2026,575,GMADA,2026-02-05 00:00:00,,,18C,25,1110118000,24550.0,PROV.ALPA PRESUP.3862 PARA CEMENTERIO,G,0,2026-02-05 08:06:04,110,7,000000,,,
2026,838,GMADA,2026-02-26 00:00:00,,,000SU,25,1110118000,424136.94,PROV.ESCANDINAVIA DEL PLATA PRESUP.20166 REPUESTO PARA CARGADORA SDLG 936 CII58,G,0,2026-02-26 07:58:09,110,3,000000,,,
2026,1034,GMADA,2026-03-12 00:00:00,,,SECSEG,20,1110113000,348500.0,"Rodamientos Tuyu, presupuesto 3044 ( AE704AW-LBN 155)",G,0,2026-03-12 09:20:41,110,25,000000,,,
2026,1033,GMADA,2026-03-12 00:00:00,,,SECSEG,20,1110113000,210689.0,"Pintureria Todo Color, presupuesto 5946 ( matenimiento )",G,0,2026-03-12 09:04:06,110,25,000000,,,
2026,1035,GMADA,2026-03-12 00:00:00,,,SECSEG,20,1110113000,455500.0,"Rodamientos Tuyu, presupuesto 3033 ( OIG911-AE331IY-AB038FH)",G,0,2026-03-12 09:40:44,110,25,000000,,,
2026,1037,GMADA,2026-03-12 00:00:00,,,SECSEG,20,1110113000,459000.0,"Rodamientos Tuyu, presupuesto 3037(AB038FH-NUF386-OIG911-AE331IY  )",G,0,2026-03-12 10:07:12,110,25,000000,,,
2026,601,GMADA,2026-02-09 00:00:00,,,ENV,7,1110106000,66000.0,"PRESUPUESTO N° X 1342396 de Garcia Mabel de ""PANADERIA ALEM""",G,0,2026-02-09 08:47:45,132,CASA,000000,,,
2026,577,GMADA,2026-02-05 00:00:00,,,CULTUR,6,1110105000,53526.0,"Tatano Harisgarat, presupuesto 0001-00001038",G,0,2026-02-05 08:49:35,110,5,000000,,,
2026,590,GMADA,2026-02-06 00:00:00,,,DEP,13,1110109000,4800.0,Presupuesto N  00003866 ALPA,G,0,2026-02-06 12:05:08,110,9,000000,,,
2026,585,GMADA,2026-02-05 00:00:00,,,PLANRE,25,1110118000,236800.0,"RENOVACION DE ABONO DE ALARMAS,1° CUATRIMESTRE, EXPTE. 20/2025 Abono 6149 Galpones de Planta de Resiclado.",G,0,2026-02-05 11:24:53,110,PLANT,000000,,,
2026,593,GMADA,2026-02-06 00:00:00,,,DEP,13,1110109000,182177.0,Presupuesto N 5938 Pintureria Todo Color presupuesto N 5928 - MANTENIMIENTO GRAL DEL AREA DE DEPORTES,G,0,2026-02-11 08:52:19,110,9,000000,,,
2026,598,GMADA,2026-02-09 00:00:00,,,INGPU,19,1110112000,40000.0,Gomez Alberto Daniel,G,0,2026-02-09 08:26:02,110,1,000000,,,
2026,600,GMADA,2026-02-09 00:00:00,,,ENV,7,1110106000,12934.0,"PRESUPUESTO N° X 0002-00002957/2959 de Inocencio Cimos de ""FERRETERIA CIMOS"" Para el taller de carpintería y arreglos en la Casa del Adolescente",G,0,2026-02-09 08:46:08,132,CASA,000000,,,
2026,612,GMADA,2026-02-09 00:00:00,,,HOSP,5,1110104000,285000.0,Escudero Sergio Fabián,G,0,2026-02-09 12:05:17,110,1,000000,,,
2026,673,GMADA,2026-02-11 00:00:00,,,SECSEG,20,1110113000,110000.0,"Rodamientos Tuyu, presupuesto 3046 (AE704AX)",G,0,2026-02-11 11:25:12,110,25,000000,,,
2026,602,GMADA,2026-02-09 00:00:00,,,ACCSOC,7,1110106000,110000.0,"PRESUPUESTO N° X 1342398 de Gracia Gladys ""PANADERIA ALEM"" Esfuerzo Solidario 2026",G,0,2026-02-09 08:49:43,132,4,000000,,,
2026,671,GMADA,2026-02-11 00:00:00,,,SECSEG,20,1110113000,120000.0,"L.R.B bogado , presupuesto 01182 (AE704AW)",G,0,2026-02-11 11:12:04,110,25,000000,,,
2026,613,GMADA,2026-02-09 00:00:00,,,MA,3,1110103000,140000.0,Escudero Sergio Fabián,G,0,2026-02-09 12:09:16,110,21,000000,,,
2026,694,GMADA,2026-02-12 00:00:00,,,PROD,14,1110108000,1660000.0,PROV. COMBUSTIBLE DEL SALADO- SEC PRODUCCION- PREVISION,G,0,2026-02-12 09:52:26,110,8,000000,,,
2026,672,GMADA,2026-02-11 00:00:00,,,SECSEG,20,1110113000,120000.0,"L.R.B Bogado, presupuesto 1178 (KYV375)",G,0,2026-02-11 11:19:56,110,25,000000,,,
2026,764,GMADA,2026-02-20 00:00:00,,,SECSEG,20,1110113000,5838.0,"Electri Dannunzio, presupuesto 30183 (COM-tecnica)",G,0,2026-02-20 09:11:18,110,25,000000,,,
2026,674,GMADA,2026-02-11 00:00:00,,,SECSEG,20,1110113000,60000.0,L.R.B Bogado presupuesto 1180 (AF345SU),G,0,2026-02-11 11:30:04,110,25,000000,,,
2026,763,GMADA,2026-02-20 00:00:00,,,SECSEG,20,1110113000,225000.0,"Eduardo Fumega, presupuesto 540 ( comisaria de la mujer)",G,0,2026-02-20 09:05:35,110,25,000000,,,
2026,806,GMADA,2026-02-24 00:00:00,,,PRENS,2,1110102000,140000.0,Escobar Juan Carlos,G,0,2026-02-24 11:21:43,110,1,000000,,,
2026,870,GMADA,2026-02-28 00:00:00,,,COC,5,1110104000,1302038.0, MADA POY - PRESUPUESTO N° 0001-00000985/986  SEMANA DEL 26/02/2026 AL 5/03/2026,G,0,2026-02-28 10:33:39,131,2,000000,,,
2026,797,GMADA,2026-02-24 00:00:00,,,SECSEG,20,1110113000,1570000.0,"Frenos Madariaga, presupuesto 094 (AE 704 AW-LBN 155- JCH 069)",G,0,2026-02-24 08:45:22,110,25,000000,,,
2026,811,GMADA,2026-02-24 00:00:00,,,DEP,13,1110109000,10500000.0,Asociacion de Bomberos Voluntarios.Expte129-2026,G,0,2026-02-24 12:26:04,110,1,000000,,,
2026,824,GMADA,2026-02-25 00:00:00,,,CAS,3,1110111000,120004.4,"Durante Javier ,presupuesto 0001-00000853",G,0,2026-02-25 10:20:15,131,6,000000,,,
2026,839,GMADA,2026-02-26 00:00:00,,,OPP,3,1110103000,65000.0,Prov.:Eduardo Fumega - Presup.:543,G,0,2026-02-26 08:47:19,110,35,000000,,,
2026,851,GMADA,2026-02-26 00:00:00,,,HOSP,5,1110104000,6160000.0,"COMBUSTIBLES DEL SALADO. PREVISION DEL 16/02/26 AL 28/02/2026.VEHICULOS HOSPITAL MUNICIPAL.DOMINIOS EQM 605, FJX 453, KYV 365, JQS 879, AA 775 QW, PAA 334, AB 039 OI, AF 591 SU, AF 545 VGL, AF 548 KJ.",G,0,2026-02-26 15:38:24,131,2,000000,,,
2026,869,GMADA,2026-02-28 00:00:00,,,HOGANC,5,1110104000,102810.0,MADA POY S.A- PRESUPUESTO N° 0001-00000983 DESDE EL 24/02/26 AL 3/03/26,G,0,2026-02-28 10:27:30,131,2,000000,,,
2026,872,GMADA,2026-02-28 00:00:00,,,HOGANC,5,1110104000,50800.0,SANTA PAULA- PRESUPUESTO N° 0001-00002188 (SEMANA  DEL 23/02/26 AL 2/03/26),G,0,2026-02-28 10:49:46,131,2,000000,,,
2026,886,GMADA,2026-03-02 00:00:00,,,ACCSOC,7,1110106000,2187500.0,"PRESUPUESTO N º X 6926954 de Rost, Tamara de ""FRUTERIA NEGRIN"" Plan Alimentario 2026",G,0,2026-03-02 11:42:48,132,4,000000,,,
2026,871,GMADA,2026-02-28 00:00:00,,,HOGANC,5,1110104000,36000.0,SANTA PAULA- PRESUPUESTO N° 0001-00002184 (SEMANA DEL 26/02/26 AL 23/02/26),G,0,2026-02-28 10:40:59,131,2,000000,,,
2026,882,GMADA,2026-03-02 00:00:00,,,ACCSOC,7,1110106000,4204784.0,"Expte N° 604/2026 Contrato: Sra. Suaréz Acevedo, Sheila,  Psicóloga Servicio Local - No cumple con el Art. 45 de la Ley 14.656",G,0,2026-03-02 10:23:38,131,4,000000,,,
2026,873,GMADA,2026-02-28 00:00:00,,,COC,5,1110104000,561250.0,TODO POLLO - PRESUPUESTO N° 79 (SEMANA DEL 19/02/26 AL 26/02/26),G,0,2026-02-28 10:55:09,131,2,000000,,,
2026,884,GMADA,2026-03-02 00:00:00,,,JARD,7,1110106000,68767.02,"PRESUPUESTO N° 0003-00003595 de ""PINTURERIA CONCEPTO S. CAP I"" Para pintar frente de la Casa del Adolescente",G,0,2026-03-02 11:21:22,132,CASA,000000,,,
2026,959,GMADA,2026-03-06 00:00:00,,,FARM,5,1110104000,473237.9,DROGUERIA PERDOMINICI- PRESUPUESTO N° 4/03/26,G,0,2026-03-06 09:02:04,131,2,000000,,,
2026,931,GMADA,2026-03-05 00:00:00,,,HOSP,5,1110104000,255966.48,PRESUPUESTO 167212 GLOBAL TONER PARA OFICINA FACTURACION - OFICINA ESTADISTICA - DIRECCION MEDICA - DIRECION ADMINISTRATIVA - INTERNACION - GUARDIA ADULTO - GUARDIA PEDIATRICA - OFICINA DE PERSONAL - CONSULTORIOS EXTERNOS - CAPS BELGRANO - CAPS SAN MARTIN  - CAPS NORTE - CAPS QUINTANILLA,G,0,2026-03-16 12:45:47,131,2,000000,,,
2026,935,GMADA,2026-03-05 00:00:00,,,QUI,5,1110104000,27520000.0,EXPEDIENTE 2545/26 CONTRATO  DEL 01/03/26 AL 30/03/2026 BUGIOLACHI JORGE  GUARDIAS ANESTESIA,G,0,2026-03-05 09:52:08,131,2,000000,,,
2026,957,GMADA,2026-03-06 00:00:00,,,HOGANC,5,1110104000,38298.5,ALPA- PRESUPUESTO N° 0002-00003885,G,0,2026-03-06 10:06:58,131,H.ANC,000000,,,
2026,961,GMADA,2026-03-06 00:00:00,,,BANOR,5,1110104000,140000.0,AC REFRIGERACION DE ADOLFO CATALDO E HIJOS - PRESUPUESTO N° 379,G,0,2026-03-06 09:52:28,131,31,000000,,,
2026,960,GMADA,2026-03-06 00:00:00,,,INTER,5,1110104000,89083.4,ELECTRO D ANNUNZIO- PRESUPUESTO N° 23/02/26,G,0,2026-03-06 09:34:20,131,2,000000,,,
2026,965,GMADA,2026-03-06 00:00:00,,,HOGANC,5,1110104000,18800.0,SANTA PAULA- PRESUPUESTO N° 0001-00002190/2191 (DESDE 3/03 HASTA EL 10/03/26),G,0,2026-03-13 09:22:19,131,H.ANC,000000,,,
2026,968,GMADA,2026-03-06 00:00:00,,,HOSP,5,1110104000,90778.92,ALPA- PRESUPUESTO N° 0002-00003886/3887 (FACTURACION- INTERNACION- COCINA),G,0,2026-03-06 12:01:59,131,2,000000,,,
2026,969,GMADA,2026-03-06 00:00:00,,,LAB,5,1110104000,417597.28,RADIOGRAFICAOESTE - PRESUPUESTO N° 100053327,G,0,2026-03-06 12:38:55,131,2,000000,,,
2026,1006,GMADA,2026-03-10 00:00:00,,,SALA I,5,1110104000,100000.0,PRESUPUESTO 000378  CATALDO ADOLFO SERVICE + LIMPIEZA AIRE ACONDICIONADO SALA TOMOGRAFO,G,0,2026-03-10 10:44:03,131,2,000000,,,
2026,1064,GMADA,2026-03-14 00:00:00,,,HOSP,5,1110104000,141000.0,MARZULLO COMPUTACION PRESUPUESTO 12/03/2026 TONER PARA OFINA DIRECCION MEDICAS - DIRECCION ADMINITRATICA - OFICINA PERSONAL,G,0,2026-03-14 10:46:20,131,2,000000,,,
2026,591,GMADA,2026-02-06 00:00:00,,,INGPU,19,1110112000,24000.2,"Matienzo Paola ,presupuesto 00003872",G,0,2026-02-06 10:12:22,110,1,000000,,,
2026,1061,GMADA,2026-03-14 00:00:00,,,HOSP,5,1110104000,160000.0,BATERIA LA PRIMERA PRESUPUESTO 7036 AMBULANCIA DOMINIO KYV365,G,0,2026-03-14 09:28:47,131,2,000000,,,
2026,627,GMADA,2026-02-10 00:00:00,,,INGPU,19,1110112000,20654.2,"Suc. D´annunzio Jorge Neldo,presupuesto 00030129",G,0,2026-02-10 10:58:06,110,1,000000,,,
2026,1062,GMADA,2026-03-14 00:00:00,,,HOSP,5,1110104000,600000.0,MARZULLO COMPUTACION PRESUPUESTO 14/03/2026 CPU PARA AREA PROGRAMATICA,G,0,2026-03-14 09:40:29,131,2,000000,,,
2026,1073,GMADA,2026-03-16 00:00:00,,,OPP,3,1110103000,5400000.0,Exp.:1692/25 Contrato Personal Tecnico Medio Ambiente - Prov.:Ing. Fernandes Anabela - Contrato,N,0,2026-03-16 12:14:34,110,35,000000,,,
2026,1067,GMADA,2026-03-14 00:00:00,,,107,5,1110104000,26800.0,PRESUPUESTO 817 MARTIN FERNADNDO  ROUTER PARA OFICINA 107 Y GUARDIA MEDICA,G,0,2026-03-16 08:00:22,131,2,000000,,,
